ID Number,First Name,Last Name,Gender,Date of Birth,Age,Immigration Status,Country of Origin,Passport Number,Visa Type,Visa Issue Date,Visa Expiry Date,Permit Number,Asylum Status,Email,Phone Number,Address,City,Province,Postal Code,Occupation,Language,Years in SA
'PR61501610,Sithembiso,Mcambi,Female,1980-05-17,45,Citizen,Eswatini,88887737,Study Visa,2023-06-01,2033-05-29,PER96527,N/A,tmhlanga@net,+1-249-616-9158x61093,"445 Edward Indlela, Mbombela, 6725",Musina,Western Cape,1095,Geophysicist/field seismologist,Zulu,16
'5410312889030,Thandazile,Dludlu,Female,1954-10-31,70,Citizen,South Africa,42325342,N/A,N/A,N/A,N/A,N/A,amahlentamonde@za.net,541-807-0787x4583,"103 Edward Ithafa, Vereeniging, 3450",Bethlehem,Eastern Cape,4452,Ambulance person,Zulu,N/A
'PR61137445,Thomas,Cordier,Male,1995-04-30,30,Citizen,Democratic Republic of Congo,47112547,Work Visa,2023-03-14,2033-03-11,PER55853,N/A,anastasiealbert@org,0387188963,"rue Guillaume Blanc, 57183 Leroy",Dijoux,Eastern Cape,71931,pharmacien dans l'industrie,French,5
'PR90332181,Baldur,Mans,Male,1998-11-09,26,Citizen,Germany,261037967,Relative's Visa,2024-12-25,2034-12-23,PER34041,N/A,wolframmende@de,+49(0)8836 11511,"Bolnbachplatz 1178, 67861 Geldern",Ahaus,Northern Cape,81835,Elektroniker,German,0
'PR54538311,Lwandile,Madlula,Male,1995-08-13,30,Citizen,Malawi,23569286,Retirement Visa,2024-02-29,2034-02-26,PER41960,N/A,ndumisobikelwayo@org,416.497.1319x594,"63 Jan Smuts Indlela, Benoni, 7553",Boksburg,KwaZulu-Natal,1149,Nature conservation officer,Zulu,11
'9107200006038,Nomathalente,Mpanza,Female,1991-07-20,34,Citizen,South Africa,56605569,N/A,N/A,N/A,N/A,N/A,bhekanimbhele@co.za,001-537-282-3127,"68 Elizabeth Ithafa, Paarl, 6728",Vanderbijlpark,North West,7697,"Teacher, adult education",Zulu,N/A
'PR33349357,Thembisile,Siwele,Female,1985-09-24,39,Asylum Seeker,Zimbabwe,ZI523703,Corporate Visa,2024-01-13,2034-01-10,PER71962,N/A,qnombela@zimbabwe.com,(971)497-1995x585,"194 Smith Isitaladi, Potchefstroom, 8042",eGoli,North West,2678,"Engineer, technical sales",Zulu,17
'TV56615,Sandile,Ndabezitha,Male,2001-12-21,23,Citizen,Ethiopia,42712326,Corporate Visa,2024-09-16,2025-03-31,VIS61550,N/A,andilengwane@org,935.292.9078,"9033 Napier Indlela, Randfontein, 8747",Paarl,Northern Cape,1551,Ship broker,Zulu,0
'TV10607,Xavier,Delmas,Male,1976-02-14,49,Permanent Resident,Democratic Republic of Congo,22173956,Retirement Visa,2023-11-19,2024-10-14,VIS57924,N/A,benoitbenoit@net,+33 (0)4 34 66 21 65,"56, chemin Christelle Peltier, 62938 Deschamps-la-Forêt",Gilbert,Northern Cape,97425,commercial export,French,15
'5809148268049,Lwandile,Vezi,Male,1958-09-14,66,Citizen,South Africa,36493423,N/A,N/A,N/A,N/A,N/A,thembeka19@africa.com,(526)314-5428x45257,"132 Somerset Ithafa, Boksburg, 8209",Polokwane,Western Cape,4997,Conference centre manager,Zulu,N/A
'4605250900052,Nozizwe,Sigagu,Female,1946-05-25,79,Citizen,South Africa,25538339,N/A,N/A,N/A,N/A,N/A,mcebisi36@za.net,001-833-753-8398x5174,"7502 Joseph Isitaladi, Tembisa, 9822",Paarl,North West,3576,Investment analyst,Zulu,N/A
'8305104561041,Nqobizitha,Silangwe,Female,1983-05-10,42,Permanent Resident,South Africa,84620014,N/A,N/A,N/A,N/A,N/A,sibonelomhlungu@co.za,(903)203-7916,"66 Churchill Indlela, Tembisa, 5451",iKapa,Eastern Cape,6901,Publishing rights manager,Zulu,N/A
'9905114381070,Gugulethu,Mathunjwa,Female,1999-05-11,26,Citizen,South Africa,95300646,N/A,N/A,N/A,N/A,N/A,nomasonto02@co.za,788.423.5168x187,"95 Elizabeth Isitaladi, Sasolburg, 4592",Bloemfontein,KwaZulu-Natal,3592,Corporate treasurer,Zulu,N/A
'PR73782718,Langalibalele,Mbuli,Male,1990-09-11,35,Citizen,Malawi,39252479,Critical Skills Visa,2023-05-22,2033-05-19,PER89426,N/A,thabisile73@net,864-306-5048x92910,"441 Cecil Indlela, Witbank, 3882",Tembisa,North West,8071,"Therapist, horticultural",Zulu,3
'4406106492058,S'fiso,Mbhele,Male,1944-06-10,81,Citizen,South Africa,83155184,N/A,N/A,N/A,N/A,N/A,zenzele54@africa.com,591.403.7114,"464 Gandhi Umgwaqo, Kathu, 2114",Tembisa,Eastern Cape,8418,Arboriculturist,Zulu,N/A
'TV22908,彬,王,Male,1977-10-15,47,Citizen,China,50859928,Critical Skills Visa,2024-09-15,2025-09-11,VIS54979,N/A,zjia@com.cn,13181239690,宁夏回族自治区柳州县崇文许路L座 735998,桂芝市,Gauteng,575760,技工普工,Mandarin,8
'TV36997,Franjo,Thanel,Male,1988-06-09,37,Permanent Resident,Germany,588958535,Business Visa,2023-03-22,2026-02-25,VIS60807,N/A,telse31@germany.com,09776 006686,"Seifertstr. 3-1, 40499 Rochlitz",Rathenow,Northern Cape,08361,Pfleger,German,4
'8112157706034,Siyabonga,Mhlambo,Male,1981-12-15,43,Citizen,South Africa,98264005,N/A,N/A,N/A,N/A,N/A,siphesihlesiwele@africa.com,(710)756-5535x1008,"5320 York Indawo, Bethlehem, 5889",Benoni,Northern Cape,5087,Geophysical data processor,Zulu,N/A
'4008016323027,Nhlanhla,Maseko,Male,1940-08-01,85,Citizen,South Africa,86292073,N/A,N/A,N/A,N/A,N/A,bhekokwakhe32@africa.com,640.630.0071x7549,"4831 Napier Indlela, Witbank, 3718",Centurion,Western Cape,9989,Theme park manager,Zulu,N/A
'6511096233078,Thando,Mtuswa,Male,1965-11-09,59,Citizen,South Africa,59011409,N/A,N/A,N/A,N/A,N/A,qdukada@za.net,(407)574-5035,"671 Paul Kruger Indawo, Kathu, 6018",Mahikeng,North West,1110,Financial risk analyst,Zulu,N/A
'6602012729028,Thuthukile,Mthembu,Female,1966-02-01,59,Permanent Resident,South Africa,34712106,N/A,N/A,N/A,N/A,N/A,pncusi@co.za,568.883.1340x35500,"9178 Smith Indawo, iBhayi, 8629",eThekwini,North West,2828,"Therapist, music",Zulu,N/A
'8104139028090,Mcebisi,Maphumulo,Male,1981-04-13,44,Citizen,South Africa,57502179,N/A,N/A,N/A,N/A,N/A,thembile91@za.net,229.419.6829,"57 Frere Ithafa, Klerksdorp, 7028",Welkom,Gauteng,3938,"Conservation officer, historic buildings",Zulu,N/A
'TV92865,Sphiwe,Khwela,Male,1999-01-09,26,Citizen,Tanzania,80933001,Relative's Visa,2024-06-07,2026-02-27,VIS38875,N/A,mzimelasibusiso@org,+1-202-467-1633x845,"439 York Isitaladi, Mbombela, 4360",Soweto,Northern Cape,9371,Tax adviser,Zulu,19
'PR61772549,Musa,Mpanza,Male,1998-07-04,27,Citizen,Somalia,24248781,Business Visa,2024-01-21,2034-01-18,PER97184,N/A,impungose@com,979.478.8335x951,"996 Churchill Indawo, Mahikeng, 6187",Bloemfontein,Eastern Cape,7304,"Designer, textile",Zulu,5
'PR14980258,Édouard,Martineau,Male,1990-08-05,35,Permanent Resident,Democratic Republic of Congo,99380345,Retirement Visa,2023-01-13,2033-01-10,PER41341,N/A,corinne74@net,0218719257,"226, rue de Huet, 64948 Launay",Lemaire,Free State,62235,chef de mission humanitaire,French,20
'5303131559039,Sibusisiwe,Langa,Female,1953-03-13,72,Citizen,South Africa,87328323,N/A,N/A,N/A,N/A,N/A,thalentephungula@co.za,001-743-936-5761,"41 Voortrekker Indawo, Benoni, 6419",Mbombela,Mpumalanga,1751,English as a second language teacher,Zulu,N/A
'5212155907015,S'fiso,Gubhela,Male,1952-12-15,72,Permanent Resident,South Africa,73954547,N/A,N/A,N/A,N/A,N/A,rmthalane@africa.com,613.225.6670x392,"429 Nelson Mandela Indlela, Boksburg, 3931",Musina,Eastern Cape,2418,Clinical embryologist,Zulu,N/A
'0105041389062,Mnqobi,Manzini,Female,2001-05-04,24,Citizen,South Africa,14224692,N/A,N/A,N/A,N/A,N/A,nyawogugulethu@za.net,824-791-7804x597,"50 Churchill Indlela, Mbombela, 8926",eGoli,Limpopo,9746,"Engineer, maintenance (IT)",Zulu,N/A
'4108091847056,Nonhlanhla,Dimbani,Female,1941-08-09,84,Citizen,South Africa,45193990,N/A,N/A,N/A,N/A,N/A,nqobizithangwekazi@africa.com,991-743-0916x4714,"972 Paul Kruger Ithafa, Musina, 7053",Bloemfontein,Free State,9142,Waste management officer,Zulu,N/A
'7910054210087,Mnqobi,Khuluse,Female,1979-10-05,45,Citizen,South Africa,26083970,N/A,N/A,N/A,N/A,N/A,xsibeko@za.net,976.846.7670,"69 Voortrekker Isitaladi, Randfontein, 3200",Middelburg,Free State,4477,Research scientist (life sciences),Zulu,N/A
'AS727084,琴,徐,Female,1997-08-15,28,Temporary Visa,China,74004245,Asylum Seeker Permit,2024-08-29,2026-08-29,ASP74923,Rejected,weilei@com.cn,15773378662,西藏自治区惠州市浔阳马鞍山路O座 148358,成市,North West,505164,电气工程师/技术员,Mandarin,17
'TV63876,Dumisile,Dimbani,Female,2004-02-22,21,Citizen,Eswatini,76364720,Study Visa,2024-01-14,2026-07-05,VIS49362,N/A,vusumuzi05@net,261.240.4390x2375,"8948 James Ithafa, iBhayi, 9162",Musina,Mpumalanga,9601,Community arts worker,Zulu,19
'4702236085081,Mcebisi,Madiba,Male,1947-02-23,78,Permanent Resident,South Africa,17751595,N/A,N/A,N/A,N/A,N/A,lukhelekhanyisile@africa.com,(447)495-9453,"81 Rivonia Ithafa, Newcastle, 2094",Upington,Mpumalanga,1900,Arboriculturist,Zulu,N/A
'4302216899082,SimphiweyiNkosi,Dladla,Male,1943-02-21,82,Citizen,South Africa,95373532,N/A,N/A,N/A,N/A,N/A,gmgabhi@za.net,(583)215-0918x623,"56 Thomas Indawo, Rustenburg, 7334",iBhayi,Northern Cape,2619,Building services engineer,Zulu,N/A
'PR30857490,Françoise,Grégoire,Female,1988-09-10,37,Citizen,United States,629428374,Study Visa,2025-07-22,2035-07-20,PER15848,N/A,nicolas04@com,04 58 47 60 71,"chemin Parent, 27250 Saint Margot",Normandnec,Northern Cape,75624,consultant,French,2
'PR64587125,彬,宁,Male,1986-06-25,39,Temporary Visa,China,16617305,Corporate Visa,2023-12-16,2033-12-13,PER13747,N/A,shou@com.cn,18941503847,江西省岩县大兴柳州街C座 483209,沈阳县,North West,757613,注塑工,Mandarin,1
'PR51860912,Ladislaus,Roskoth,Male,1983-12-03,41,Asylum Seeker,Germany,671660811,Corporate Visa,2024-12-11,2034-12-09,PER25387,N/A,groettnersofia@de,02901 71345,"Hornigweg 5-1, 16966 Rudolstadt",Ilmenau,Eastern Cape,92093,Beamter,German,3
'PR60946189,Vusumuzi,Mbunjwa,Male,2001-02-04,24,Citizen,Botswana,BO864872,Work Visa,2024-09-08,2034-09-06,PER11963,N/A,bandile39@org,+1-742-844-2047x22742,"957 West Indlela, Paarl, 8025",Mbombela,North West,7696,Communications engineer,Zulu,18
'9002124003066,Londiwe,Khathi,Female,1990-02-12,35,Permanent Resident,South Africa,20204352,N/A,N/A,N/A,N/A,N/A,memelanomvula@za.net,(834)945-1849x596,"86 Church Umgwaqo, Welkom, 1205",Musina,Limpopo,4032,Applications developer,Zulu,N/A
'6211290329038,Gugulethu,Nodlomo,Female,1962-11-29,62,Citizen,South Africa,11284616,N/A,N/A,N/A,N/A,N/A,masikaneminenhle@za.net,001-424-756-7434,"163 Edward Indlela, Soweto, 1907",Tembisa,KwaZulu-Natal,2684,Artist,Zulu,N/A
'TV45586,Zibuyile,Gubhela,Female,1987-10-17,37,Citizen,Zimbabwe,ZI484918,Study Visa,2025-06-13,2027-12-24,VIS87454,N/A,nqobizitha77@co.zw,+1-229-496-3316x080,"832 Church Ithafa, Upington, 1159",Centurion,Eastern Cape,6645,Marine scientist,Zulu,18
'AS579886,संजय,बुरुाह,Male,1998-09-25,26,Citizen,India,62576658,Asylum Seeker Permit,2023-09-18,2025-09-17,ASP68766,Application Submitted,shivaaliicturvedii@india.com,06181 621599,"19/7776 मजूमदार, चंडीगढ 678307",भागलपुर,Northern Cape,692037,Scientific laboratory technician,Hindi,20
'6507166105025,Lungile,Dlebenkomo,Male,1965-07-16,60,Citizen,South Africa,77678543,N/A,N/A,N/A,N/A,N/A,sibusisiwe81@za.net,(371)650-9360x937,"160 Queen Umgwaqo, Soweto, 2937",Witbank,KwaZulu-Natal,8023,Industrial buyer,Zulu,N/A
'9804121535033,Nomthandazo,Jamasijadu,Female,1998-04-12,27,Permanent Resident,South Africa,81833190,N/A,N/A,N/A,N/A,N/A,vsithenjwa@africa.com,349-994-9815,"815 Grey Umgwaqo, Potchefstroom, 7962",Stellenbosch,Eastern Cape,3304,Chief Strategy Officer,Zulu,N/A
'8106081586035,Sihawukele,Mngwemkhulu,Female,1981-06-08,44,Citizen,South Africa,32809657,N/A,N/A,N/A,N/A,N/A,vilakazinokulunga@africa.com,730-294-2199x242,"764 Long Umgwaqo, Tembisa, 8524",Mbombela,Western Cape,3818,Insurance claims handler,Zulu,N/A
'5012239477039,Vusumuzi,Nzima,Male,1950-12-23,74,Permanent Resident,South Africa,13548968,N/A,N/A,N/A,N/A,N/A,mehloluhlazandumiso@co.za,982.467.7813,"4957 Napier Indawo, Bethlehem, 4685",Vanderbijlpark,Free State,7944,Retail banker,Zulu,N/A
'5703065003030,Vusumuzi,Manana,Male,1957-03-06,68,Asylum Seeker,South Africa,64621207,N/A,N/A,N/A,N/A,N/A,simphiweyinkosimdlumbi@za.net,334-421-5421x101,"2096 George Isitaladi, Musina, 7571",Newcastle,KwaZulu-Natal,9450,Trade union research officer,Zulu,N/A
'8501281020077,Nomasonto,Ngazitha,Female,1985-01-28,40,Citizen,South Africa,11115022,N/A,N/A,N/A,N/A,N/A,njabulomadlanduna@za.net,(388)754-7527x890,"849 Voortrekker Isitaladi, Newcastle, 9577",Mahikeng,North West,2441,Ergonomist,Zulu,N/A
'5807068608053,Mlungisi,Hlabisa,Male,1958-07-06,67,Asylum Seeker,South Africa,57978538,N/A,N/A,N/A,N/A,N/A,owethugabela@za.net,+1-414-514-5917x3350,"772 Edward Ithafa, Randfontein, 5820",Tembisa,Western Cape,7727,"Scientist, biomedical",Zulu,N/A
'5511083220057,Zinhle,Shangase,Female,1955-11-08,69,Citizen,South Africa,57162622,N/A,N/A,N/A,N/A,N/A,dlodlonomathalente@africa.com,001-303-242-7551x7022,"5842 Somerset Ithafa, Chatsworth, 6537",uMgungundlovu,Western Cape,3124,Mining engineer,Zulu,N/A
'9303061193011,Zenzile,Manzini,Female,1993-03-06,32,Permanent Resident,South Africa,85915797,N/A,N/A,N/A,N/A,N/A,zluvuno@africa.com,001-261-869-0759x987,"8410 Church Indlela, Stellenbosch, 6984",Bloemfontein,Eastern Cape,6702,Cartographer,Zulu,N/A
'PR36260508,Madeleine,Dumont,Female,2001-07-14,24,Citizen,France,827115105,Study Visa,2025-05-10,2035-05-08,PER87419,N/A,anastasie35@fr,03 23 67 32 83,"rue de Blanchet, 78973 Fleury",Benoit-sur-Gaudin,Mpumalanga,76749,expert-comptable,French,5
'4004148427041,Mzamo,Nala,Male,1940-04-14,85,Citizen,South Africa,26552003,N/A,N/A,N/A,N/A,N/A,mphankomosandile@co.za,+1-598-429-6284,"17 Prince Umgwaqo, Sasolburg, 8194",Boksburg,Eastern Cape,1612,"Sound technician, broadcasting/film/video",Zulu,N/A
'7706122542090,Nobantu,Gcaba,Female,1977-06-12,48,Citizen,South Africa,69791023,N/A,N/A,N/A,N/A,N/A,mzamo01@co.za,(478)674-3529x1249,"3056 Prince Umgwaqo, Mbombela, 8310",eThekwini,Eastern Cape,3048,Network engineer,Zulu,N/A
'PR58509094,Hélène,Marie,Female,1995-01-28,30,Citizen,United Kingdom,985356560,Corporate Visa,2023-08-17,2033-08-14,PER53388,N/A,iblin@co.uk,0322745340,"24, chemin Lacroix, 67993 Paul",Sainte Aimé,Western Cape,32824,moniteur-éducateur,French,12
'PR65357245,Auguste,Brun,Male,1984-09-05,41,Permanent Resident,United Kingdom,866216259,Critical Skills Visa,2024-06-20,2034-06-18,PER14938,N/A,leclerccelina@uk.com,02 41 47 36 80,"rue Maryse Pereira, 79636 Saint Jeannine",Arnauddan,Western Cape,21651,hydrogéologue,French,5
'TV21437,Micael,Machado,Male,1987-06-21,38,Permanent Resident,Mozambique,MO682539,Relative's Visa,2022-11-23,2024-07-27,VIS50633,N/A,tbatista@co.mz,221 307 392,"Travessa dos Vice-reis, 473, 5455-786 Rebordosa",Esmoriz,North West,3154-437,Operador de instalações de processamento de rochas,Portuguese,13
'6009219182038,Mthokozisi,Mnisi,Male,1960-09-21,64,Citizen,South Africa,27538559,N/A,N/A,N/A,N/A,N/A,bikelwayonomathalente@africa.com,640-223-7077x419,"2709 King Ithafa, Klerksdorp, 3373",Stellenbosch,North West,7957,Armed forces training and education officer,Zulu,N/A
'6708129246064,S'fiso,Nduli,Male,1967-08-12,58,Asylum Seeker,South Africa,60634324,N/A,N/A,N/A,N/A,N/A,sphiwebikelwayo@co.za,479.481.6247x512,"44 Nelson Mandela Umgwaqo, Soweto, 1723",Newcastle,Eastern Cape,8131,Music tutor,Zulu,N/A
'6001108708072,Vusumuzi,Malambule,Male,1960-01-10,65,Permanent Resident,South Africa,34357501,N/A,N/A,N/A,N/A,N/A,ntengasihawukele@co.za,6445082421,"971 Long Indlela, Centurion, 8101",eThekwini,Mpumalanga,3607,"Designer, exhibition/display",Zulu,N/A
'TV10525,Zenzile,Nyandeni,Female,1979-06-12,46,Permanent Resident,Nigeria,N1475593,Corporate Visa,2023-02-23,2024-04-15,VIS90633,N/A,mnqayinomathemba@com.ng,001-506-448-1228x30278,"306 Churchill Ithafa, Boksburg, 4331",iKapa,Free State,4054,Meteorologist,Zulu,6
'5605277249088,Sandile,Madondo,Male,1956-05-27,69,Citizen,South Africa,12766202,N/A,N/A,N/A,N/A,N/A,jabulani37@africa.com,620-269-8661x2359,"38 Somerset Isitaladi, iKapa, 1876",Sasolburg,Eastern Cape,5851,Counsellor,Zulu,N/A
'9803154865095,Thabisa,Ncama,Female,1998-03-15,27,Citizen,South Africa,50351319,N/A,N/A,N/A,N/A,N/A,olwethugugushe@za.net,703.218.9129,"576 Short Isitaladi, Benoni, 1319",iKapa,North West,3289,"Engineer, electronics",Zulu,N/A
'4910123719085,Nothando,Mzila,Female,1949-10-12,75,Permanent Resident,South Africa,55954071,N/A,N/A,N/A,N/A,N/A,tsoduba@africa.com,(280)877-7742x484,"2762 Gandhi Indawo, Uitenhage, 2044",Bethlehem,Free State,6472,Electrical engineer,Zulu,N/A
'9212171740020,Nomthandazo,Nkumane,Female,1992-12-17,32,Citizen,South Africa,66272129,N/A,N/A,N/A,N/A,N/A,ntengajabulani@za.net,(410)888-6024,"8664 High Isitaladi, Upington, 4312",Boksburg,Gauteng,3606,Futures trader,Zulu,N/A
'PR87684466,Marcel,Leleu,Male,1981-07-14,44,Permanent Resident,Democratic Republic of Congo,57148655,Work Visa,2024-12-26,2034-12-24,PER54837,N/A,bouvetwilliam@net,+33 4 23 29 73 18,"45, boulevard Jean, 81576 Didier",Roynec,Limpopo,69344,antiquaire,French,16
'7006167332028,Nhlanhla,Mzilankatha,Male,1970-06-16,55,Citizen,South Africa,73220624,N/A,N/A,N/A,N/A,N/A,wmphephethwa@co.za,7304079259,"6097 Walter Sisulu Umgwaqo, Vanderbijlpark, 3924",iKapa,Free State,5805,Politician's assistant,Zulu,N/A
'PR29855235,Nonhlanhla,Dube,Female,2003-08-12,22,Citizen,Ghana,G5170642,Work Visa,2022-12-06,2032-12-03,PER81461,N/A,olwethusibiya@ghana.com,311.470.0861x8638,"38 Grey Indawo, Benoni, 8472",Newcastle,Mpumalanga,9193,Nutritional therapist,Zulu,16
'6110294980053,Dumisani,Mathaba,Female,1961-10-29,63,Asylum Seeker,South Africa,97619839,N/A,N/A,N/A,N/A,N/A,lhlongwa@za.net,490-469-9339x17156,"76 Commissioner Indawo, Stellenbosch, 4738",Uitenhage,KwaZulu-Natal,3573,Commissioning editor,Zulu,N/A
'7605281329040,Nonhlanhla,Mzilankatha,Female,1976-05-28,49,Citizen,South Africa,66881846,N/A,N/A,N/A,N/A,N/A,anonduma@za.net,735.239.6431x3486,"45 Thomas Ithafa, eGoli, 3063",Springs,KwaZulu-Natal,3716,Chartered accountant,Zulu,N/A
'4212064021008,Thandiwe,Malevu,Female,1942-12-06,82,Permanent Resident,South Africa,46797670,N/A,N/A,N/A,N/A,N/A,khwanelangalibalele@za.net,(907)979-6616x330,"66 Cecil Ithafa, Welkom, 4706",Welkom,Gauteng,8030,Research scientist (physical sciences),Zulu,N/A
'PR24836009,Sibonelo,Ndlovu,Male,1999-02-19,26,Citizen,Ethiopia,92719151,Work Visa,2023-01-02,2032-12-30,PER19050,N/A,simphiwe33@org,(764)566-5275x0180,"272 Stanley Ithafa, Musina, 1742",Vereeniging,Limpopo,8826,Private music teacher,Zulu,10
'PR37350168,S'fiso,Mabuya,Male,1989-04-10,36,Citizen,Tanzania,32574677,Business Visa,2023-10-14,2033-10-11,PER99830,N/A,nothando13@com,(639)810-0083x267,"356 Charles Umgwaqo, Uitenhage, 9583",Welkom,KwaZulu-Natal,3198,Dispensing optician,Zulu,16
'AS168396,Nothando,Yengwayo,Female,2005-09-06,20,Permanent Resident,Nigeria,N4275217,Asylum Seeker Permit,2023-02-08,2025-02-07,ASP86914,Interview Scheduled,sandile14@nigeria.com,966-393-8316x0746,"708 Gandhi Indlela, Tembisa, 6266",Tembisa,Northern Cape,7070,Intelligence analyst,Zulu,4
'5703284414021,Nqobizitha,Gubhela,Female,1957-03-28,68,Permanent Resident,South Africa,41994080,N/A,N/A,N/A,N/A,N/A,shezilondisizwe@za.net,437-944-3672,"59 Voortrekker Umgwaqo, Musina, 7427",Paarl,KwaZulu-Natal,7016,"Designer, furniture",Zulu,N/A
'7512245109092,Siyabonga,Jele,Male,1975-12-24,49,Citizen,South Africa,79041442,N/A,N/A,N/A,N/A,N/A,nomasonto98@co.za,9177749695,"7311 Elizabeth Isitaladi, Benoni, 9646",Klerksdorp,Western Cape,3173,Podiatrist,Zulu,N/A
'5904233971055,Thandiwe,Nxumalo,Female,1959-04-23,66,Citizen,South Africa,67316575,N/A,N/A,N/A,N/A,N/A,noxolo49@za.net,(297)912-8256x888,"558 York Umgwaqo, George, 8255",Bloemfontein,Free State,4150,Politician's assistant,Zulu,N/A
'AS344362,Siphesihle,Nxamalala,Female,2004-10-14,20,Citizen,Ethiopia,18391514,Asylum Seeker Permit,2023-06-26,2025-06-25,ASP13568,Under Review,andile17@net,344-677-9604,"416 Nelson Mandela Umgwaqo, eThekwini, 5826",Newcastle,KwaZulu-Natal,5731,Administrator,Zulu,3
'PR78841622,Thabani,Mbhulangwe,Male,1971-11-14,53,Temporary Visa,Eswatini,72967741,Study Visa,2023-03-21,2033-03-18,PER89700,N/A,sithenjwagugu@org,341-310-4500x398,"4875 Main Indlela, Witbank, 9393",Kathu,Northern Cape,9068,Physiological scientist,Zulu,5
'8807095379055,Thalente,Majoka,Male,1988-07-09,37,Citizen,South Africa,95399039,N/A,N/A,N/A,N/A,N/A,bhekokwakhemanzi@za.net,680-876-8737,"14 Paul Kruger Isitaladi, Sasolburg, 2356",Mahikeng,North West,9407,Financial risk analyst,Zulu,N/A
'7703209861006,Mlungisi,Lakaza,Male,1977-03-20,48,Citizen,South Africa,13807312,N/A,N/A,N/A,N/A,N/A,wmawewe@co.za,875.589.5253,"68 George Isitaladi, Krugersdorp, 1590",Krugersdorp,Free State,6370,Clinical embryologist,Zulu,N/A
'PR85124419,Wenzel,Henk,Male,1978-06-27,47,Citizen,Germany,400475508,Retirement Visa,2023-02-12,2033-02-09,PER64409,N/A,hennyhethur@de,+49 (0) 9705 395508,"Thanelring 4, 30481 Borna",Chemnitz,North West,13700,Elektroniker,German,20
'8904298983059,SimphiweyiNkosi,Nonduma,Male,1989-04-29,36,Citizen,South Africa,50953062,N/A,N/A,N/A,N/A,N/A,mngwengwenomathemba@africa.com,686.805.1931x58234,"273 James Indlela, Vereeniging, 5362",Krugersdorp,North West,4811,Politician's assistant,Zulu,N/A
'7705011982020,Nkazimulo,Motha,Female,1977-05-01,48,Citizen,South Africa,15733392,N/A,N/A,N/A,N/A,N/A,langalibalelendwandwe@africa.com,+1-441-797-0428x29981,"49 York Isitaladi, Sasolburg, 2674",Newcastle,Western Cape,7746,"Horticulturist, amenity",Zulu,N/A
'TV16237,Filipa,Amorim,Female,1989-07-02,36,Citizen,Mozambique,MO172056,Retirement Visa,2022-11-18,2023-09-02,VIS70760,N/A,yabreu@mozambique.com,(351) 266834522,"Travessa Jorge Paiva, 73, 7941-200 Póvoa de Varzim",Mêda,North West,2488-577,Operador de máquinas para trabalhar a pedra,Portuguese,9
'8112171593086,Nomasonto,Mlungisi,Female,1981-12-17,43,Citizen,South Africa,65514620,N/A,N/A,N/A,N/A,N/A,qntsele@za.net,(299)879-2778,"296 Adelaide Ithafa, Centurion, 2356",Randfontein,Eastern Cape,6564,Quantity surveyor,Zulu,N/A
'9310021369086,Thabisa,Dunge,Female,1993-10-02,31,Citizen,South Africa,31667269,N/A,N/A,N/A,N/A,N/A,zinhle07@co.za,(682)580-5635x03857,"31 Edward Isitaladi, Mahikeng, 7138",Krugersdorp,KwaZulu-Natal,3065,Radiation protection practitioner,Zulu,N/A
'TV98673,Thuthukile,Songiya,Female,1972-08-31,53,Citizen,Lesotho,55243991,Corporate Visa,2024-12-03,2025-07-11,VIS23758,N/A,thalentemgazi@com,+1-340-362-6063x8953,"9312 Napier Umgwaqo, Boksburg, 2429",Polokwane,Limpopo,8007,Historic buildings inspector/conservation officer,Zulu,2
'8309291934015,Thandeka,Mdletshe,Female,1983-09-29,41,Citizen,South Africa,10357375,N/A,N/A,N/A,N/A,N/A,vusumuzikhonjwayo@africa.com,979-317-3187x53614,"867 Stanley Umgwaqo, Polokwane, 3505",Newcastle,Mpumalanga,1546,Claims inspector/assessor,Zulu,N/A
'8501157844069,Mzamo,Mcanyana,Male,1985-01-15,40,Permanent Resident,South Africa,23112587,N/A,N/A,N/A,N/A,N/A,ynyawo@za.net,445.713.4966x174,"124 Joseph Umgwaqo, Paarl, 5616",Tembisa,Mpumalanga,6870,"Designer, furniture",Zulu,N/A
'5610217456047,Vusumuzi,Maziya,Male,1956-10-21,68,Citizen,South Africa,42662166,N/A,N/A,N/A,N/A,N/A,echagwe@co.za,566-390-4046x116,"2249 Victoria Ithafa, Bloemfontein, 9063",Paarl,Limpopo,1686,Estate agent,Zulu,N/A
'8309300038032,Nobantu,Nsibanyoni,Female,1983-09-30,41,Citizen,South Africa,57814046,N/A,N/A,N/A,N/A,N/A,ndlovusimphiwe@za.net,655-764-4802,"9929 Thomas Isitaladi, Welkom, 2443",Rustenburg,Free State,3915,"Programmer, multimedia",Zulu,N/A
'6804228398028,Sibonelo,Msweli,Male,1968-04-22,57,Permanent Resident,South Africa,96285244,N/A,N/A,N/A,N/A,N/A,jabulanihlongwa@za.net,001-935-439-0578,"5609 Clarence Umgwaqo, eGoli, 9106",Krugersdorp,Western Cape,7962,Music tutor,Zulu,N/A
'TV49213,Busisiwe,Dlomo,Female,1995-10-12,29,Temporary Visa,Eswatini,41849381,Study Visa,2023-07-26,2025-12-05,VIS97642,N/A,jnontuli@com,+1-925-699-8584x524,"6288 Queen Umgwaqo, Mahikeng, 5531",Rustenburg,KwaZulu-Natal,7953,Physiotherapist,Zulu,18
'AS632709,Xavier,Lefort,Male,1989-11-08,35,Citizen,United States,824369665,Asylum Seeker Permit,2024-05-25,2026-05-25,ASP57570,Appeal Pending,gonzalezhortense@us.com,0236858509,"36, rue de Alexandre, 89914 Gay",Lamy-sur-Lacombe,Eastern Cape,32741,ingénieur électronicien électronicienne,French,3
'4109205802003,Mandlakhe,Khosini,Male,1941-09-20,83,Permanent Resident,South Africa,55363828,N/A,N/A,N/A,N/A,N/A,gmabhodla@za.net,001-704-516-3602x77336,"172 King Indlela, Vereeniging, 4938",eGoli,Western Cape,9459,Charity officer,Zulu,N/A
'5805043161031,Busisiwe,Dimbane,Female,1958-05-04,67,Permanent Resident,South Africa,96980946,N/A,N/A,N/A,N/A,N/A,nonjabulo33@za.net,505.741.1522x580,"125 Commissioner Indlela, Sasolburg, 5045",Vereeniging,Gauteng,3528,Patent attorney,Zulu,N/A
'6709025683047,Nhlanhla,Ngcemu,Male,1967-09-02,58,Permanent Resident,South Africa,21120902,N/A,N/A,N/A,N/A,N/A,nobuhle73@za.net,+1-258-716-9992x6197,"899 Jan Smuts Ithafa, Boksburg, 5776",Middelburg,North West,7886,"Surveyor, rural practice",Zulu,N/A
'6402141763004,Gugu,Nxumalo,Female,1964-02-14,61,Citizen,South Africa,68671500,N/A,N/A,N/A,N/A,N/A,xdimbani@za.net,+1-246-396-0471x8924,"4229 Smith Umgwaqo, Upington, 6858",Sasolburg,Eastern Cape,9875,"Designer, fashion/clothing",Zulu,N/A
'7309272904056,Sihawukele,Mnguni,Female,1973-09-27,51,Citizen,South Africa,45644442,N/A,N/A,N/A,N/A,N/A,gcugcwazakhele@co.za,001-832-909-0992x996,"6343 York Indlela, Randfontein, 7159",Bloemfontein,KwaZulu-Natal,1378,Broadcast journalist,Zulu,N/A
'8707107460004,Langalibalele,Mbonane,Male,1987-07-10,38,Citizen,South Africa,58400675,N/A,N/A,N/A,N/A,N/A,shandumlungisi@africa.com,730-877-5650x425,"95 Paul Kruger Ithafa, Krugersdorp, 4712",Vereeniging,Northern Cape,4491,"Psychologist, prison and probation services",Zulu,N/A
'6307092346085,Owethu,Jokiwe,Female,1963-07-09,62,Citizen,South Africa,37124892,N/A,N/A,N/A,N/A,N/A,bhedleninothando@africa.com,761-303-2053x14188,"932 Grey Indlela, Upington, 5547",Benoni,KwaZulu-Natal,3489,Analytical chemist,Zulu,N/A
'TV18261,Irina,Correia,Female,2005-06-21,20,Citizen,Mozambique,MO302062,Relative's Visa,2023-10-27,2024-11-24,VIS62718,N/A,alvesteresa@mozambique.com,(351) 929006101,"Travessa Eva Carvalho, 68, 9552-304 Reguengos de Monsaraz",Ílhavo,North West,1554-624,Ministro de culto,Portuguese,20
'8005077150045,Thando,Mgwaba,Male,1980-05-07,45,Citizen,South Africa,38929150,N/A,N/A,N/A,N/A,N/A,nomvula01@za.net,618-215-0066x6161,"96 Commissioner Isitaladi, Soweto, 5717",Boksburg,Limpopo,6722,Naval architect,Zulu,N/A
'7704115694074,Bhekani,Wasendlunkulu,Male,1977-04-11,48,Citizen,South Africa,52337986,N/A,N/A,N/A,N/A,N/A,mtimandethalente@africa.com,001-224-448-6289,"8852 Charles Isitaladi, Tembisa, 1205",Vanderbijlpark,Northern Cape,6781,Manufacturing systems engineer,Zulu,N/A
'PR25397367,Claudine,Lefebvre,Female,1992-03-26,33,Permanent Resident,Democratic Republic of Congo,61106319,Relative's Visa,2024-05-04,2034-05-02,PER29695,N/A,barbiergeorges@net,+33 (0)2 43 93 46 17,"42, rue de Antoine, 92763 Le GallVille",Ramosdan,Northern Cape,25834,gestionnaire de données cliniques,French,3
'TV85495,Ndumiso,Manana,Female,1986-08-25,39,Citizen,Eswatini,60095094,Work Visa,2024-11-11,2025-04-23,VIS68674,N/A,thembekilemlaba@net,(796)358-7484,"60 Cecil Umgwaqo, Upington, 9148",Potchefstroom,KwaZulu-Natal,1470,Facilities manager,Zulu,8
'TV10746,Musa,Shelembe,Male,1987-02-18,38,Temporary Visa,Lesotho,81113274,Business Visa,2024-10-04,2025-02-27,VIS73837,N/A,kmkhokeleleki@com,(328)367-7122x61173,"75 Walter Sisulu Indlela, Tembisa, 6354",Centurion,Eastern Cape,4372,"Psychologist, prison and probation services",Zulu,8
'TV83190,Bhekani,Sembathwa,Male,1981-05-13,44,Citizen,Eswatini,92217744,Critical Skills Visa,2023-06-25,2025-01-02,VIS14700,N/A,gugu84@org,(957)616-2397,"1653 High Indawo, Polokwane, 1366",George,Free State,1697,Trade union research officer,Zulu,14
'PR23568858,Hélène,Bodin,Female,2002-02-16,23,Citizen,United States,483087288,Business Visa,2025-03-13,2035-03-11,PER67743,N/A,legrandjeannine@com,+33 4 23 04 22 98,"44, rue de Fouquet, 97367 Allard-sur-Ramos",Grégoire,North West,97396,sellier,French,13
'8307157899096,Zenzele,Mwelase,Male,1983-07-15,42,Citizen,South Africa,79290360,N/A,N/A,N/A,N/A,N/A,mkhumbuzilondisizwe@africa.com,001-421-278-8551,"199 Rivonia Indawo, George, 6664",eGoli,Limpopo,4387,Ophthalmologist,Zulu,N/A
'TV85742,Jeanne,Breton,Female,1971-04-10,54,Citizen,Democratic Republic of Congo,76624936,Corporate Visa,2024-09-03,2025-05-06,VIS30326,N/A,suzanne42@net,0498697020,"943, boulevard Anne Monnier, 63855 Sainte Aurélie",De Sousadan,KwaZulu-Natal,09796,aide-soignant,French,0
'5302219808030,Luyanda,Vilakazi,Male,1953-02-21,72,Citizen,South Africa,52517839,N/A,N/A,N/A,N/A,N/A,lwandile25@za.net,(350)246-0734,"98 Gandhi Umgwaqo, Stellenbosch, 4912",George,Limpopo,2611,Transport planner,Zulu,N/A
'6810112326061,Ndumiso,Dlambula,Female,1968-10-11,56,Permanent Resident,South Africa,87123087,N/A,N/A,N/A,N/A,N/A,langalibaleleshengele@za.net,+1-942-360-3700x642,"585 Grey Ithafa, Mahikeng, 6795",iKapa,North West,2656,Clinical research associate,Zulu,N/A
'8306112949022,Olwethu,Mabuza,Female,1983-06-11,42,Citizen,South Africa,36414441,N/A,N/A,N/A,N/A,N/A,thalenteguma@za.net,737-220-9612,"585 Jan Smuts Umgwaqo, Rustenburg, 8043",Uitenhage,Mpumalanga,4084,Make,Zulu,N/A
'TV58235,Nqobizitha,Bhembe,Female,1991-07-07,34,Citizen,Eswatini,67726799,Corporate Visa,2024-07-25,2026-01-06,VIS98754,N/A,nqobizitha12@org,001-930-552-4689,"16 Albertina Sisulu Isitaladi, Mahikeng, 1838",eThekwini,Free State,1782,Dispensing optician,Zulu,18
'TV31915,Londiwe,Dimbani,Female,1994-07-09,31,Citizen,Somalia,26387163,Retirement Visa,2023-11-27,2025-11-27,VIS94808,N/A,mbilithandeka@com,001-638-971-3548x0701,"7732 Queen Indawo, Kimberley, 9669",Mbombela,North West,5791,"Engineer, electronics",Zulu,9
'9002040406078,Nomagugu,Gcaba,Female,1990-02-04,35,Citizen,South Africa,34595164,N/A,N/A,N/A,N/A,N/A,nxamalalasimphiweyinkosi@africa.com,(575)449-9582x887,"3966 President Indawo, Rustenburg, 8735",Klerksdorp,Free State,1149,Magazine features editor,Zulu,N/A
'PR10028941,Georges,Delorme,Male,1999-08-16,26,Citizen,Democratic Republic of Congo,48658584,Work Visa,2024-05-18,2034-05-16,PER68066,N/A,benjamin02@com,0324641426,"51, rue Da Costa, 05952 Thomas",Sainte Franck-sur-Mer,Western Cape,40438,hot liner,French,14
'TV49641,萍,黄,Female,1999-03-11,26,Citizen,China,75389314,Relative's Visa,2023-03-13,2023-07-10,VIS31775,N/A,fuli@china.com,18161055168,河北省长春市蓟州合山路t座 628538,辛集县,Gauteng,591141,其他,Mandarin,19
'9402200813087,Zenzile,Mkhonza,Female,1994-02-20,31,Citizen,South Africa,60162511,N/A,N/A,N/A,N/A,N/A,msondisa@za.net,808.593.7374,"72 Grey Indawo, Rustenburg, 2918",Witbank,North West,5775,Veterinary surgeon,Zulu,N/A
'PR66373016,秀英,刘,Female,1979-07-22,46,Temporary Visa,China,36953054,Retirement Visa,2024-01-12,2034-01-09,PER93768,N/A,gliu@china.com,13697498149,贵州省丽华县孝南高街x座 642644,西宁县,North West,452216,灯光师,Mandarin,12
'AS476514,Manon,Chauvin,Female,1971-10-15,53,Permanent Resident,Democratic Republic of Congo,83444098,Asylum Seeker Permit,2025-03-13,2027-03-13,ASP73955,Interview Scheduled,ncharles@com,03 85 41 78 47,"91, chemin Maillet, 58517 Leconte",Benoit-sur-Tessier,Limpopo,84842,chef de projet informatique,French,8
'4912070258043,Nomalanga,Chamane,Female,1949-12-07,75,Citizen,South Africa,49211535,N/A,N/A,N/A,N/A,N/A,mnqobi30@africa.com,2854156228,"72 Thomas Umgwaqo, Bloemfontein, 6203",Sasolburg,Northern Cape,6586,"Scientist, audiological",Zulu,N/A
'5112067825002,Mandla,Magubane,Male,1951-12-06,73,Temporary Visa,South Africa,59357990,N/A,N/A,N/A,N/A,N/A,ocibane@co.za,659.390.1185x46797,"3106 Grey Isitaladi, Rustenburg, 9082",Potchefstroom,Limpopo,5361,Interior and spatial designer,Zulu,N/A
'9110072199074,Bhekokwakhe,Mdotshana,Female,1991-10-07,33,Permanent Resident,South Africa,64784877,N/A,N/A,N/A,N/A,N/A,thuthukile11@africa.com,793.903.7518x163,"4144 James Indlela, George, 4379",Tembisa,Eastern Cape,5461,Social worker,Zulu,N/A
'5608126632070,Mzamo,Mabuza,Male,1956-08-12,69,Citizen,South Africa,63840316,N/A,N/A,N/A,N/A,N/A,londisizwemhayise@za.net,473-553-9791,"6320 High Isitaladi, uMgungundlovu, 1194",Tembisa,North West,3776,Medical laboratory scientific officer,Zulu,N/A
'9809023589007,Nobuhle,Jamasijadu,Female,1998-09-02,27,Temporary Visa,South Africa,87630139,N/A,N/A,N/A,N/A,N/A,qmadonsela@africa.com,979.956.9474x43460,"6131 Church Isitaladi, Vanderbijlpark, 5487",eThekwini,North West,6490,"Editor, commissioning",Zulu,N/A
'5001021137021,Londiwe,Mbende,Female,1950-01-02,75,Permanent Resident,South Africa,99121064,N/A,N/A,N/A,N/A,N/A,fduma@co.za,+1-961-599-7867x418,"69 Charles Isitaladi, Boksburg, 2846",Middelburg,North West,7834,Haematologist,Zulu,N/A
'8502034959001,Nomathalente,Njomane,Female,1985-02-03,40,Citizen,South Africa,90195347,N/A,N/A,N/A,N/A,N/A,msuthuthabani@africa.com,001-639-494-3281,"1168 Smith Indawo, Middelburg, 5027",Welkom,Western Cape,5565,"Radiographer, therapeutic",Zulu,N/A
'TV95767,Luyanda,Dikane,Male,1975-08-25,50,Citizen,Eswatini,81281765,Work Visa,2023-06-25,2025-10-12,VIS17468,N/A,jabulanintenga@net,913-655-7226x424,"123 George Indlela, iBhayi, 3096",Mahikeng,North West,2993,Public relations account executive,Zulu,15
'5508109300051,Bandile,Ndinisa,Male,1955-08-10,70,Temporary Visa,South Africa,67843938,N/A,N/A,N/A,N/A,N/A,nozizweandile@za.net,530-685-1370x932,"7061 Jan Smuts Ithafa, Krugersdorp, 7418",iBhayi,North West,7571,"Scientist, biomedical",Zulu,N/A
'PR63001269,पद्मिनी,चतुर्वेदी,Female,1977-09-01,48,Citizen,India,69381367,Work Visa,2024-10-08,2034-10-06,PER56708,N/A,sndiip11@co.in,046-10296194,"2 मल्होत्रा, अगरतला 852765",अलीगढ,North West,668541,"Research officer, trade union",Hindi,7
'7801206435018,Thando,Mashimane,Male,1978-01-20,47,Citizen,South Africa,60845385,N/A,N/A,N/A,N/A,N/A,hndlondlo@africa.com,8943352885,"3119 William Ithafa, Krugersdorp, 6150",Thohoyandou,Mpumalanga,5553,Equities trader,Zulu,N/A
'8601291161037,Nonhlanhla,Nodlomo,Female,1986-01-29,39,Citizen,South Africa,56622155,N/A,N/A,N/A,N/A,N/A,sokhuluthuthukile@africa.com,+1-221-251-2522x5313,"1318 Clarence Umgwaqo, Stellenbosch, 7514",Middelburg,Free State,7346,Environmental education officer,Zulu,N/A
'8607189828011,Lwandile,Khulu,Male,1986-07-18,39,Permanent Resident,South Africa,87281108,N/A,N/A,N/A,N/A,N/A,gcibane@za.net,001-352-248-0730x947,"10 Milner Indawo, Thohoyandou, 3318",Vanderbijlpark,Limpopo,3184,Fine artist,Zulu,N/A
'PR95402585,Njabulo,Hlabangane,Male,1980-02-17,45,Citizen,Somalia,94605291,Corporate Visa,2024-04-21,2034-04-19,PER65461,N/A,ngomanebusisiwe@org,579.862.7939x3816,"3916 Thomas Umgwaqo, Boksburg, 4758",Boksburg,Western Cape,3858,Diplomatic Services operational officer,Zulu,7
'4807281079049,Nothando,Mabuya,Female,1948-07-28,77,Asylum Seeker,South Africa,15076203,N/A,N/A,N/A,N/A,N/A,langalibalele28@africa.com,581-655-8762x9454,"258 Adelaide Indlela, Vanderbijlpark, 3430",Tembisa,KwaZulu-Natal,3699,Visual merchandiser,Zulu,N/A
'9301303707045,Zinhle,Mazalankosi,Female,1993-01-30,32,Citizen,South Africa,57522066,N/A,N/A,N/A,N/A,N/A,gugulethumkhokeleleki@za.net,(795)847-4962x52811,"80 Cecil Ithafa, uMgungundlovu, 4836",Mahikeng,Eastern Cape,3188,Chartered management accountant,Zulu,N/A
'6206165640004,Mandla,Fakazi,Male,1962-06-16,63,Permanent Resident,South Africa,98841684,N/A,N/A,N/A,N/A,N/A,sibusisonyokayebululu@africa.com,492-735-9519x2709,"45 Grey Indawo, Vereeniging, 4644",Vanderbijlpark,Mpumalanga,7922,Firefighter,Zulu,N/A
'PR62410172,Luyanda,Mtuswa,Male,1979-07-25,46,Temporary Visa,Zambia,42736131,Business Visa,2023-07-18,2033-07-15,PER30463,N/A,madinanenomcebo@org,2139713657,"61 George Indawo, Klerksdorp, 5082",Potchefstroom,Gauteng,7095,Associate Professor,Zulu,19
'7612288468049,Mzamo,Makhunga,Male,1976-12-28,48,Permanent Resident,South Africa,60558540,N/A,N/A,N/A,N/A,N/A,sdukada@co.za,2506293061,"835 Jan Smuts Isitaladi, Welkom, 5779",eThekwini,Western Cape,3931,"Conservator, furniture",Zulu,N/A
'AS402307,岩,李,Male,1977-04-01,48,Citizen,China,31351528,Asylum Seeker Permit,2025-05-30,2027-05-30,ASP85270,Refugee Status Granted,minma@com.cn,14742247728,福建省帆县沈河姜路P座 654405,梅市,Mpumalanga,677691,金融/经济研究员,Mandarin,10
'5811098596000,Vusumuzi,Mnikathi,Male,1958-11-09,66,Citizen,South Africa,53671793,N/A,N/A,N/A,N/A,N/A,mthantimthokozisi@za.net,529.418.1562x5928,"4075 Adelaide Umgwaqo, eThekwini, 2290",Bethlehem,Mpumalanga,3498,Event organiser,Zulu,N/A
'7411213429033,Sibongile,Mazalankosi,Female,1974-11-21,50,Citizen,South Africa,41226605,N/A,N/A,N/A,N/A,N/A,noxolo68@co.za,989-675-1652,"62 Commissioner Umgwaqo, Uitenhage, 7535",George,North West,7208,Film/video editor,Zulu,N/A
'TV21831,स्वप्निल,दासगुप्ता,Male,2000-04-18,25,Citizen,India,27330223,Critical Skills Visa,2025-01-25,2026-09-01,VIS87812,N/A,mitraagautm@co.in,01708 384523,"75/8907 दासगुप्ता, चित्तूर-212550",भागलपुर,Limpopo,427582,Higher education careers adviser,Hindi,16
'PR20795245,Andile,Bhedleni,Male,1971-11-07,53,Citizen,Malawi,39287529,Work Visa,2024-12-27,2034-12-25,PER91041,N/A,simphiwe86@org,521-678-1502,"52 Jan Smuts Indlela, Newcastle, 9440",Upington,Free State,9961,Plant breeder/geneticist,Zulu,1
'5903271718068,Thalente,Mbili,Female,1959-03-27,66,Citizen,South Africa,53866805,N/A,N/A,N/A,N/A,N/A,mthokozisi69@za.net,939-390-3834x37023,"57 Voortrekker Indlela, uMgungundlovu, 5240",eThekwini,Eastern Cape,2349,"Engineer, agricultural",Zulu,N/A
'7507252371041,Nomathemba,Mahlase,Female,1975-07-25,50,Citizen,South Africa,86616104,N/A,N/A,N/A,N/A,N/A,oshoba@co.za,001-226-632-6883x78455,"29 West Ithafa, Bethlehem, 9345",George,Limpopo,8500,Photographer,Zulu,N/A
'6508189769001,Jabulani,Mbonane,Male,1965-08-18,60,Citizen,South Africa,95889576,N/A,N/A,N/A,N/A,N/A,gazunoxolo@africa.com,001-974-268-1927x1774,"26 Adelaide Isitaladi, Newcastle, 3014",Stellenbosch,Mpumalanga,2640,Television/film/video producer,Zulu,N/A
'8705107023062,Minenhle,Hlongwane,Male,1987-05-10,38,Citizen,South Africa,62510427,N/A,N/A,N/A,N/A,N/A,gedezamusa@africa.com,001-714-975-7682,"892 Walter Sisulu Ithafa, eThekwini, 8218",Middelburg,KwaZulu-Natal,7451,"Radiographer, diagnostic",Zulu,N/A
'9607244168026,Dumisile,Gambuse,Female,1996-07-24,29,Citizen,South Africa,69418491,N/A,N/A,N/A,N/A,N/A,luyanda64@za.net,001-702-496-0523x758,"679 Thomas Umgwaqo, iKapa, 7111",Mahikeng,Limpopo,6241,Professor Emeritus,Zulu,N/A
'6102207276093,Nhlanhla,Dumisa,Male,1961-02-20,64,Permanent Resident,South Africa,12359600,N/A,N/A,N/A,N/A,N/A,dungeamahle@africa.com,765.942.1739x8177,"8381 Frere Indawo, Mbombela, 1625",Polokwane,Gauteng,7793,"Doctor, general practice",Zulu,N/A
'8710237469038,Lwandile,Gwamanda,Male,1987-10-23,37,Citizen,South Africa,19880410,N/A,N/A,N/A,N/A,N/A,gabadelanothando@za.net,+1-207-239-8225,"3959 Adelaide Indawo, Mahikeng, 2846",Randfontein,North West,8865,Museum/gallery curator,Zulu,N/A
'PR89381927,Minenhle,Madonsela,Male,1992-06-01,33,Permanent Resident,Zambia,64026162,Work Visa,2025-01-07,2035-01-05,PER74174,N/A,gugulethuntanzi@org,359.513.6869,"662 Gandhi Umgwaqo, Mahikeng, 5044",George,KwaZulu-Natal,7689,"Optician, dispensing",Zulu,4
'TV78124,Mcebisi,Mangena,Male,2004-10-23,20,Permanent Resident,Ethiopia,90627162,Critical Skills Visa,2024-03-29,2026-12-22,VIS35187,N/A,dndlangamandla@org,5516017738,"93 Paul Kruger Indawo, Polokwane, 1469",Thohoyandou,Gauteng,3555,"Runner, broadcasting/film/video",Zulu,10
'9910275199071,Zenzele,Nsindane,Male,1999-10-27,25,Citizen,South Africa,52583379,N/A,N/A,N/A,N/A,N/A,pgcaleka@co.za,+1-282-957-9740,"7370 William Umgwaqo, uMgungundlovu, 4643",Benoni,Free State,4769,Dance movement psychotherapist,Zulu,N/A
'PR92910240,Lungile,Xulu,Male,1976-08-02,49,Citizen,Zambia,96073452,Work Visa,2023-07-19,2033-07-16,PER12731,N/A,nobuhle08@com,357-492-7947,"668 Elizabeth Isitaladi, Stellenbosch, 3826",Polokwane,North West,7230,Film/video editor,Zulu,3
'7609160228049,Nokulunga,Mtumaseli,Female,1976-09-16,48,Citizen,South Africa,68425966,N/A,N/A,N/A,N/A,N/A,hmbhense@co.za,334-792-3869,"719 Voortrekker Indlela, Musina, 7377",Uitenhage,Free State,7879,Radio producer,Zulu,N/A
'AS730503,Langalibalele,Kheswa,Male,1993-12-02,31,Citizen,Zimbabwe,ZI246919,Asylum Seeker Permit,2024-02-29,2026-02-28,ASP71118,Appeal Pending,dlawuzasiphesihle@zimbabwe.com,+1-230-449-0228x87923,"16 Long Indawo, Benoni, 9066",Witbank,Northern Cape,8161,"Therapist, speech and language",Zulu,15
'9105103948058,Sihawukele,Ntshingila,Female,1991-05-10,34,Permanent Resident,South Africa,70698447,N/A,N/A,N/A,N/A,N/A,silondile76@za.net,361.571.1021x401,"35 Rivonia Umgwaqo, Centurion, 6095",Vereeniging,Western Cape,4428,"Psychologist, prison and probation services",Zulu,N/A
'4010209203074,S'fiso,Mangcamane,Male,1940-10-20,84,Asylum Seeker,South Africa,98212422,N/A,N/A,N/A,N/A,N/A,fshabane@co.za,315.345.6327x40688,"323 King Indawo, Middelburg, 5689",uMgungundlovu,Limpopo,5286,"Therapist, speech and language",Zulu,N/A
'TV65616,Owethu,Nkwali,Female,1992-08-12,33,Citizen,Nigeria,N2548521,Work Visa,2025-03-01,2027-03-18,VIS90516,N/A,cmphahlwa@nigeria.com,553.543.7515x8075,"701 James Umgwaqo, Kathu, 7977",Krugersdorp,Western Cape,2370,Industrial/product designer,Zulu,2
'TV30953,Olivier,Martineau,Male,1985-06-19,40,Citizen,France,829336731,Critical Skills Visa,2024-10-22,2026-07-04,VIS23440,N/A,pbriand@fr,+33 4 32 55 39 35,"61, boulevard de Lejeune, 20150 Legros",Roger,Mpumalanga,36653,agent de propreté et d'hygiène,French,19
'6501113399016,Zakhele,Silangwe,Female,1965-01-11,60,Permanent Resident,South Africa,89288368,N/A,N/A,N/A,N/A,N/A,jabulanisokhulu@co.za,8459286824,"563 Charles Ithafa, Soweto, 5513",Krugersdorp,Western Cape,1099,Education administrator,Zulu,N/A
'5512266903037,Thabani,Mhlanga,Male,1955-12-26,69,Temporary Visa,South Africa,53788151,N/A,N/A,N/A,N/A,N/A,sihawukele61@co.za,661-994-8888,"943 Churchill Umgwaqo, Tembisa, 7513",Uitenhage,Limpopo,7876,Financial adviser,Zulu,N/A
'9809260675085,Dumisani,Mbungela,Female,1998-09-26,26,Citizen,South Africa,80933132,N/A,N/A,N/A,N/A,N/A,minenhlenxamalala@africa.com,+1-869-255-3442x48265,"6250 Paul Kruger Indawo, Vereeniging, 5961",Vereeniging,North West,1665,Land,Zulu,N/A
'6905309517049,Sphiwe,Mashinini,Male,1969-05-30,56,Permanent Resident,South Africa,41094054,N/A,N/A,N/A,N/A,N/A,gambusemcebisi@africa.com,336.582.4904,"900 High Umgwaqo, Mbombela, 6033",Witbank,Free State,9722,"Designer, fashion/clothing",Zulu,N/A
'PR20692236,Guillaume,Pineau,Male,1970-01-14,55,Citizen,Democratic Republic of Congo,37760852,Critical Skills Visa,2025-04-22,2035-04-20,PER78050,N/A,xgros@com,0382846102,"44, rue Klein, 06713 Nicolas",Marion-sur-Simon,Gauteng,53967,zoologiste,French,3
'7509102395046,Sibusisiwe,Khezokhulu,Female,1975-09-10,50,Citizen,South Africa,42601590,N/A,N/A,N/A,N/A,N/A,thandazilentshalintshali@za.net,259.523.0051x674,"36 Gandhi Umgwaqo, Krugersdorp, 7886",George,North West,5983,"Accountant, chartered",Zulu,N/A
'TV75289,Luc,Legros,Male,2005-08-02,20,Citizen,Democratic Republic of Congo,72734179,Work Visa,2022-11-28,2024-03-06,VIS74111,N/A,blotconstance@org,0261795725,"7, boulevard Leleu, 03416 Saint Christophe-les-Bains",Renardnec,Limpopo,23289,consultant en conduite de changement,French,6
'6611137564037,Bhekani,Kubheka,Male,1966-11-13,58,Citizen,South Africa,37560291,N/A,N/A,N/A,N/A,N/A,nobuhlenzuza@za.net,795-272-8993,"51 Commissioner Indawo, Witbank, 9338",iKapa,Mpumalanga,5313,"Doctor, hospital",Zulu,N/A
'7403191190051,Sihawukele,Miya,Female,1974-03-19,51,Citizen,South Africa,33900712,N/A,N/A,N/A,N/A,N/A,xbhedleni@africa.com,380.230.1664x1698,"86 Queen Umgwaqo, Soweto, 1656",Mahikeng,Limpopo,7917,"Horticulturist, amenity",Zulu,N/A
'AS884337,Nonhlanhla,Caluza,Female,1994-08-24,31,Temporary Visa,Ghana,G4903944,Asylum Seeker Permit,2025-02-23,2027-02-23,ASP96958,Appeal Pending,mcebisi14@com.gh,(717)659-8039x25018,"127 President Umgwaqo, Mahikeng, 8475",Centurion,North West,3835,Public house manager,Zulu,11
'7808299331079,SimphiweyiNkosi,Mnqamu,Male,1978-08-29,47,Citizen,South Africa,54448974,N/A,N/A,N/A,N/A,N/A,bantwininqobizitha@africa.com,616.788.5315x2964,"10 Paul Kruger Ithafa, eGoli, 9598",Mbombela,Western Cape,3899,Planning and development surveyor,Zulu,N/A
'8906053418055,Olwethu,Juqula,Female,1989-06-05,36,Citizen,South Africa,52510752,N/A,N/A,N/A,N/A,N/A,magubanezenzele@africa.com,(770)239-3028x856,"77 Joseph Indawo, Kimberley, 2173",Randfontein,North West,7223,"Exhibitions officer, museum/gallery",Zulu,N/A
'TV81906,Auguste,Masson,Male,1970-03-30,55,Citizen,Democratic Republic of Congo,44206414,Work Visa,2025-04-01,2025-10-04,VIS62429,N/A,amelie68@org,+33 5 56 03 27 59,"chemin de Bouvet, 97468 Imbert",Sainte Victor,Limpopo,49583,ingénieur du BTP,French,7
'8302069197029,Sphiwe,Khezokhulu,Male,1983-02-06,42,Citizen,South Africa,80906570,N/A,N/A,N/A,N/A,N/A,owethumthanti@africa.com,304-541-6336,"275 Oxford Indawo, Bethlehem, 2793",Tembisa,Western Cape,7696,Chemical engineer,Zulu,N/A
'5304225266024,Luyanda,Mzizi,Male,1953-04-22,72,Citizen,South Africa,37653060,N/A,N/A,N/A,N/A,N/A,thabanigoje@co.za,001-988-314-0856x903,"708 Stanley Isitaladi, Stellenbosch, 2475",Rustenburg,Gauteng,1617,Adult guidance worker,Zulu,N/A
'6308127116047,Zenzele,Mdunge,Male,1963-08-12,62,Citizen,South Africa,11502992,N/A,N/A,N/A,N/A,N/A,ungobese@africa.com,001-361-341-0873,"438 Stanley Ithafa, Thohoyandou, 3317",Witbank,Limpopo,6461,Materials engineer,Zulu,N/A
'4002289687057,Bandile,Yengwayo,Male,1940-02-28,85,Citizen,South Africa,59374572,N/A,N/A,N/A,N/A,N/A,simphiweyinkosi43@za.net,801-393-6731x0736,"6898 Stanley Umgwaqo, Kathu, 5869",Benoni,North West,9909,Chartered management accountant,Zulu,N/A
'8706119266014,Vusumuzi,Dinangwe,Male,1987-06-11,38,Citizen,South Africa,41448816,N/A,N/A,N/A,N/A,N/A,wmthiyane@co.za,001-219-934-0847,"590 Short Isitaladi, Musina, 2644",Paarl,Mpumalanga,3935,"Nurse, learning disability",Zulu,N/A
'6604196910021,Mlungisi,Mphemba,Male,1966-04-19,59,Citizen,South Africa,41110895,N/A,N/A,N/A,N/A,N/A,vusumuzinkamzwayo@co.za,(722)893-3443x5528,"2487 Prince Indlela, Kathu, 4269",George,Gauteng,5937,Systems analyst,Zulu,N/A
'PR80828459,Nomusa,Ngwenya,Female,1990-11-20,34,Citizen,Tanzania,73732041,Critical Skills Visa,2025-02-12,2035-02-10,PER34118,N/A,qwabebandile@net,4966809045,"753 Commissioner Indlela, Uitenhage, 5843",Potchefstroom,Mpumalanga,3924,Lexicographer,Zulu,5
'7802164187088,Amahle,Nxasana,Female,1978-02-16,47,Citizen,South Africa,44359072,N/A,N/A,N/A,N/A,N/A,thuthukilenhlane@co.za,2514025841,"2308 Church Indawo, Welkom, 1790",eThekwini,KwaZulu-Natal,6677,"Editor, commissioning",Zulu,N/A
'PR29488787,Owethu,Ndaba,Female,2002-02-14,23,Citizen,Ghana,G9595908,Study Visa,2025-06-21,2035-06-19,PER39771,N/A,nyongwanabhekokwakhe@ghana.com,001-730-845-9017x7061,"14 Nelson Mandela Umgwaqo, Uitenhage, 2837",eThekwini,North West,5277,Diagnostic radiographer,Zulu,3
'4101102375042,Thembile,Luthuli,Female,1941-01-10,84,Citizen,South Africa,20981814,N/A,N/A,N/A,N/A,N/A,nonjabulo48@co.za,699-710-1795x4329,"63 Commissioner Isitaladi, Middelburg, 3405",Witbank,North West,7766,Naval architect,Zulu,N/A
'9708305689067,Thando,Langeni,Male,1997-08-30,28,Permanent Resident,South Africa,29352864,N/A,N/A,N/A,N/A,N/A,qsibanda@co.za,(325)908-7805x732,"426 Smith Isitaladi, Sasolburg, 7111",Sasolburg,KwaZulu-Natal,1485,Network engineer,Zulu,N/A
'5904266994034,SimphiweyiNkosi,Nombela,Male,1959-04-26,66,Temporary Visa,South Africa,12936164,N/A,N/A,N/A,N/A,N/A,nqobizitha77@co.za,001-859-742-2901x50853,"190 Elizabeth Umgwaqo, Mbombela, 7044",Soweto,Northern Cape,3995,Furniture designer,Zulu,N/A
'TV15229,Thembekile,Nkwanyana,Female,1983-05-17,42,Citizen,Kenya,K5899979,Study Visa,2024-09-13,2025-12-30,VIS97751,N/A,andile27@co.ke,001-834-814-2373x96913,"84 Walter Sisulu Indawo, Kathu, 5549",Mbombela,KwaZulu-Natal,4012,"Designer, graphic",Zulu,3
'TV11105,Ivo,Oliveira,Male,1995-08-09,30,Citizen,Mozambique,MO210232,Work Visa,2022-11-01,2024-12-12,VIS24116,N/A,martim58@mozambique.com,(351) 921178619,"Praça de Vaz, 81, 9669-223 Vila Nova de Foz Côa",Santa Comba Dão,Western Cape,6149-115,Técnico florestal (inclui cinegético),Portuguese,6
'0008061487037,Sithembiso,Ndonga,Female,2000-08-06,25,Temporary Visa,South Africa,59582047,N/A,N/A,N/A,N/A,N/A,gyeyeye@co.za,(524)877-1002,"433 Edward Indlela, Newcastle, 7267",Tembisa,Eastern Cape,5909,"Designer, blown glass/stained glass",Zulu,N/A
'5405204781065,Thandazile,Xolo,Female,1954-05-20,71,Citizen,South Africa,12786513,N/A,N/A,N/A,N/A,N/A,phethelathuthukile@co.za,(602)252-6565x0706,"5825 Commissioner Isitaladi, Thohoyandou, 4010",George,Western Cape,3105,"Doctor, general practice",Zulu,N/A
'5205041440030,Noxolo,Mjoli,Female,1952-05-04,73,Citizen,South Africa,56999549,N/A,N/A,N/A,N/A,N/A,mbhobhothembisile@co.za,+1-283-919-8361x72139,"8146 Church Umgwaqo, iBhayi, 9633",Tembisa,Northern Cape,9860,Musician,Zulu,N/A
'7205017172073,S'fiso,Mncube,Male,1972-05-01,53,Citizen,South Africa,38962688,N/A,N/A,N/A,N/A,N/A,nxelemusa@co.za,311.501.9560,"425 Stanley Indawo, eThekwini, 8099",Newcastle,Northern Cape,8135,Geophysicist/field seismologist,Zulu,N/A
'9010092027022,Dumisile,Mnisi,Female,1990-10-09,34,Citizen,South Africa,94339004,N/A,N/A,N/A,N/A,N/A,ndumiso57@co.za,218-909-4455,"953 Clarence Umgwaqo, Bloemfontein, 2291",Tembisa,Mpumalanga,4428,"Geologist, engineering",Zulu,N/A
'9812277879065,Musa,Hlomuka,Male,1998-12-27,26,Citizen,South Africa,31916380,N/A,N/A,N/A,N/A,N/A,thuliswayomlungisi@za.net,8442004266,"94 Somerset Indawo, uMgungundlovu, 2032",Polokwane,Western Cape,3305,Energy engineer,Zulu,N/A
'7711075943028,Langalibalele,Mzobe,Male,1977-11-07,47,Citizen,South Africa,77920045,N/A,N/A,N/A,N/A,N/A,elamula@africa.com,001-577-523-2436x97121,"27 Paul Kruger Isitaladi, Uitenhage, 5316",eThekwini,North West,4927,Theme park manager,Zulu,N/A
'7303028297043,Lungile,Mshibe,Male,1973-03-02,52,Citizen,South Africa,99157616,N/A,N/A,N/A,N/A,N/A,nozizwedlamlenze@africa.com,(950)944-4734x6620,"5355 Edward Indawo, Benoni, 3175",Mahikeng,North West,9258,Dancer,Zulu,N/A
'4701154978061,Gugulethu,Guma,Female,1947-01-15,78,Citizen,South Africa,83504218,N/A,N/A,N/A,N/A,N/A,cebisanomagugu@za.net,628-722-5686,"42 West Ithafa, Paarl, 2817",Boksburg,Free State,2367,Television camera operator,Zulu,N/A
'8108175733059,Thando,Mkholo,Male,1981-08-17,44,Citizen,South Africa,87697091,N/A,N/A,N/A,N/A,N/A,okunene@africa.com,417.321.2644x61069,"44 Adelaide Indlela, Randfontein, 9295",Welkom,Gauteng,4216,"Geneticist, molecular",Zulu,N/A
'5401045682007,Bhekani,Nzimase,Male,1954-01-04,71,Citizen,South Africa,17786837,N/A,N/A,N/A,N/A,N/A,nkazimulo42@za.net,9795155815,"4969 Nelson Mandela Umgwaqo, Vanderbijlpark, 2478",Mbombela,Mpumalanga,5869,Gaffer,Zulu,N/A
'0101302935025,Thandazile,Mpanza,Female,2001-01-30,24,Temporary Visa,South Africa,95973656,N/A,N/A,N/A,N/A,N/A,nobantu75@co.za,332.811.0349x9212,"4671 Churchill Indawo, Thohoyandou, 8308",uMgungundlovu,Northern Cape,8081,Forensic psychologist,Zulu,N/A
'6608319754050,Nhlanhla,Gigaba,Male,1966-08-31,59,Citizen,South Africa,24666580,N/A,N/A,N/A,N/A,N/A,mthombenizenzele@africa.com,799.326.5190,"488 Voortrekker Ithafa, Benoni, 9170",Uitenhage,Gauteng,1796,Colour technologist,Zulu,N/A
'TV95107,Dumisani,Thembela,Female,1990-01-16,35,Permanent Resident,Zimbabwe,ZI665263,Corporate Visa,2023-10-02,2026-04-01,VIS54438,N/A,mzilenithalente@zimbabwe.com,838.637.2609,"2630 Jan Smuts Indawo, Centurion, 7247",Springs,Western Cape,2912,Holiday representative,Zulu,1
'9212308871079,Andile,Mgazi,Male,1992-12-30,32,Citizen,South Africa,19879894,N/A,N/A,N/A,N/A,N/A,nomvulagabhezi@za.net,4858366359,"325 Stanley Indawo, Thohoyandou, 9517",Centurion,Gauteng,8522,Clinical embryologist,Zulu,N/A
'9911255220018,Nhlanhla,Vangisa,Male,1999-11-25,25,Permanent Resident,South Africa,72883837,N/A,N/A,N/A,N/A,N/A,adubandlela@za.net,+1-501-901-6537x77563,"111 Stanley Isitaladi, Upington, 3039",iBhayi,Limpopo,6875,"Clinical scientist, histocompatibility and immunogenetics",Zulu,N/A
'4306177759004,Vusumuzi,Mphahlwa,Male,1943-06-17,82,Citizen,South Africa,57918825,N/A,N/A,N/A,N/A,N/A,siphesihledumakude@co.za,921-799-9557x76100,"44 York Indawo, Musina, 8347",Tembisa,Mpumalanga,1276,Merchant navy officer,Zulu,N/A
'4101296579002,Jabulani,Mabika,Male,1941-01-29,84,Citizen,South Africa,83746448,N/A,N/A,N/A,N/A,N/A,anyanda@co.za,631-246-5571x8473,"470 Prince Indlela, Springs, 1496",Paarl,Limpopo,7928,Planning and development surveyor,Zulu,N/A
'PR35730468,Sandile,Mtolo,Male,1990-07-05,35,Citizen,Kenya,K6645243,Work Visa,2022-10-20,2032-10-17,PER54237,N/A,gwalalungile@kenya.com,(525)624-9800,"4078 Stanley Umgwaqo, Newcastle, 2830",Benoni,North West,4994,Careers information officer,Zulu,5
'PR84102448,कुमारी,सक्सेना,Female,1970-05-29,55,Temporary Visa,India,78725094,Retirement Visa,2025-02-21,2035-02-19,PER84176,N/A,emaitii@india.com,+91 9818165682,"1338 भटनागर, अजमेर-602390",अमरावती,Limpopo,759861,Actor,Hindi,15
'8903178807087,Andile,Mahaye,Male,1989-03-17,36,Citizen,South Africa,21985943,N/A,N/A,N/A,N/A,N/A,mantshingamandla@africa.com,633-489-9267x998,"914 Main Umgwaqo, eThekwini, 2569",Witbank,KwaZulu-Natal,3799,Health physicist,Zulu,N/A
'9008046226024,Lungile,Ngubane,Male,1990-08-04,35,Citizen,South Africa,90041801,N/A,N/A,N/A,N/A,N/A,znkomoye@africa.com,001-303-215-0131x851,"17 Short Isitaladi, Mbombela, 2823",Benoni,KwaZulu-Natal,7390,Historic buildings inspector/conservation officer,Zulu,N/A
'TV70509,Victoire,Laine,Female,1983-09-28,41,Citizen,France,302715331,Business Visa,2023-06-08,2025-06-17,VIS52349,N/A,mtoussaint@france.com,01 55 14 71 08,"88, chemin Mathilde Humbert, 64564 Sainte AlexandrieVille",Breton,Eastern Cape,46645,collecteur de fonds,French,5
'4003209082094,Zenzele,Nene,Male,1940-03-20,85,Temporary Visa,South Africa,54785025,N/A,N/A,N/A,N/A,N/A,lwandile09@co.za,955-900-6767,"35 Somerset Indlela, Kimberley, 3693",Springs,Western Cape,4567,Financial planner,Zulu,N/A
'0111199339063,Minenhle,Jiyane,Male,2001-11-19,23,Citizen,South Africa,92085052,N/A,N/A,N/A,N/A,N/A,amahlemashiya@za.net,(936)973-1493,"520 Clarence Umgwaqo, Vanderbijlpark, 8691",Tembisa,Mpumalanga,8511,Music tutor,Zulu,N/A
'8906097854073,Andile,Mshazi,Male,1989-06-09,36,Citizen,South Africa,81506798,N/A,N/A,N/A,N/A,N/A,nomathembamdotshana@co.za,(529)937-2905x1505,"701 Churchill Umgwaqo, iKapa, 8669",Tembisa,KwaZulu-Natal,7110,Press photographer,Zulu,N/A
'8406165557043,S'fiso,Ayanda,Male,1984-06-16,41,Temporary Visa,South Africa,87225160,N/A,N/A,N/A,N/A,N/A,londiwe65@africa.com,725-510-0454x1423,"928 Paul Kruger Indlela, Thohoyandou, 6524",Vanderbijlpark,Northern Cape,3719,Newspaper journalist,Zulu,N/A
'TV71731,सोनल,टंडन,Female,2005-10-02,19,Citizen,India,93490575,Work Visa,2023-11-25,2024-09-20,VIS65367,N/A,lrony-caudhrii@india.com,00814 409305,"02/29 आभा चवन, हैदराबाद-061712",अगरतला,Eastern Cape,662164,Minerals surveyor,Hindi,17
'7108140831061,Londiwe,Mdaka,Female,1971-08-14,54,Citizen,South Africa,81304249,N/A,N/A,N/A,N/A,N/A,sandilesembathwa@africa.com,(851)297-2778,"55 Jan Smuts Indawo, Sasolburg, 3880",Paarl,Western Cape,7715,Secretary/administrator,Zulu,N/A
'PR84294718,丹,陈,Female,1987-10-09,37,Permanent Resident,China,76616887,Corporate Visa,2023-06-16,2033-06-13,PER67141,N/A,jing42@china.com,14585255754,河南省峰县友好陈路G座 209177,澳门县,Eastern Cape,360974,药品注册,Mandarin,19
'4706132575043,Mnqobi,Sontuli,Female,1947-06-13,78,Permanent Resident,South Africa,59439069,N/A,N/A,N/A,N/A,N/A,nomathalente76@co.za,+1-951-573-7812x06868,"5543 Charles Isitaladi, Upington, 6940",Bethlehem,North West,6081,"Psychologist, sport and exercise",Zulu,N/A
'PR80797215,देवदान,चक्रवर्ती,Male,1990-10-25,34,Citizen,India,68068755,Study Visa,2024-03-05,2034-03-03,PER52493,N/A,vsriin@india.com,+91 134 2699232,"96/4218 उमा आहूजा, अहमदनगर-933551",अनन्तपुर,KwaZulu-Natal,594845,Plant breeder/geneticist,Hindi,15
'5004087046099,Bhekani,Nsukuza,Male,1950-04-08,75,Citizen,South Africa,31085966,N/A,N/A,N/A,N/A,N/A,siphesihle66@africa.com,+1-931-319-2276,"72 Commissioner Indlela, Rustenburg, 3585",Rustenburg,North West,7317,Interior and spatial designer,Zulu,N/A
'7512154851066,Nobantu,Mzoneli,Female,1975-12-15,49,Temporary Visa,South Africa,32080392,N/A,N/A,N/A,N/A,N/A,bhekanisondisa@africa.com,+1-463-703-7224x99080,"5016 Stanley Ithafa, Witbank, 3831",Krugersdorp,Limpopo,1150,Merchant navy officer,Zulu,N/A
'7004282235012,Bhekizizwe,Nkosi,Female,1970-04-28,55,Citizen,South Africa,65571134,N/A,N/A,N/A,N/A,N/A,rvundla@africa.com,(359)206-7211x1065,"2711 Elizabeth Indawo, Stellenbosch, 4092",Stellenbosch,Free State,1596,Brewing technologist,Zulu,N/A
'5311261819028,Simphiwe,Mthiyane,Female,1953-11-26,71,Citizen,South Africa,29569648,N/A,N/A,N/A,N/A,N/A,nomthandazofakude@co.za,5805182754,"1488 Rivonia Ithafa, Springs, 2816",Bethlehem,KwaZulu-Natal,1541,Ship broker,Zulu,N/A
'TV77816,Renée,Vincent,Female,1990-09-25,34,Citizen,United States,772188769,Retirement Visa,2024-02-18,2026-10-29,VIS76071,N/A,oraynaud@us.com,0388427883,"8, rue de Georges, 48494 Andre",Bouvier-sur-Dias,Limpopo,10420,agenceur de cuisines et salles de bains,French,4
'6501297869084,Lwandile,Gatsheni,Male,1965-01-29,60,Citizen,South Africa,74396613,N/A,N/A,N/A,N/A,N/A,thandazilemboyisa@africa.com,001-335-921-2751x431,"7246 High Ithafa, Kimberley, 4431",George,Mpumalanga,2916,Web designer,Zulu,N/A
'PR68654571,Susan,Marion,Female,1977-02-23,48,Citizen,France,944983335,Study Visa,2024-12-17,2034-12-15,PER76514,N/A,xroy@fr,+33 2 49 90 44 79,"13, rue Arnaude Lelièvre, 18680 Barbier",Raynaud,Eastern Cape,72107,serrurier-métallier,French,17
'TV83606,Luna,Leal,Female,1988-04-15,37,Citizen,Mozambique,MO483455,Business Visa,2023-11-29,2026-07-22,VIS98157,N/A,eduarda56@mozambique.com,+351925500739,"Largo Amélia Carvalheira, 707, 0012-948 Maia",Mangualde,Limpopo,7004-738,Trabalhador qualificado da jardinagem,Portuguese,15
'PR66259519,Noxolo,Ndondakusuka,Female,1989-12-06,35,Citizen,Botswana,BO293478,Corporate Visa,2024-03-18,2034-03-16,PER80962,N/A,xjele@net,886.546.3214x8460,"392 Milner Indlela, Sasolburg, 7508",Vereeniging,Limpopo,4514,Fisheries officer,Zulu,13
'9108150113051,Thandazile,Mkhathini,Female,1991-08-15,34,Temporary Visa,South Africa,91999127,N/A,N/A,N/A,N/A,N/A,ichiliza@co.za,201.746.8792x5536,"53 Nelson Mandela Umgwaqo, Vereeniging, 9567",Thohoyandou,KwaZulu-Natal,8211,Financial risk analyst,Zulu,N/A
'6107154920096,Thabisile,Motha,Female,1961-07-15,64,Citizen,South Africa,87450291,N/A,N/A,N/A,N/A,N/A,amahle94@co.za,(281)663-2000,"7926 Oxford Indawo, Middelburg, 1880",uMgungundlovu,North West,9902,"Nurse, mental health",Zulu,N/A
'7308156710053,Sandile,Dlebenkomo,Male,1973-08-15,52,Permanent Resident,South Africa,10242971,N/A,N/A,N/A,N/A,N/A,wezathembeka@africa.com,439-912-8133x7040,"3899 William Indlela, Chatsworth, 2882",George,Limpopo,9473,Hydrogeologist,Zulu,N/A
'8404207057009,SimphiweyiNkosi,Sontuli,Male,1984-04-20,41,Citizen,South Africa,74319955,N/A,N/A,N/A,N/A,N/A,busisiwe72@co.za,(347)491-7710x9441,"68 Commissioner Umgwaqo, Middelburg, 8074",Welkom,KwaZulu-Natal,1176,Multimedia programmer,Zulu,N/A
'PR20041022,Thabisa,Mbanjwa,Female,1976-01-13,49,Citizen,Somalia,24700341,Corporate Visa,2024-06-20,2034-06-18,PER70408,N/A,thembekiledindi@net,889-480-3172x254,"694 Charles Umgwaqo, Randfontein, 1657",Boksburg,Northern Cape,1483,"Engineer, chemical",Zulu,4
'8611025918067,Andile,Malevu,Male,1986-11-02,38,Citizen,South Africa,58253463,N/A,N/A,N/A,N/A,N/A,pntaka@africa.com,8179991206,"6597 Milner Indlela, Middelburg, 1755",Centurion,Gauteng,6959,Colour technologist,Zulu,N/A
'0006144066054,Siphesihle,Mpanza,Female,2000-06-14,25,Citizen,South Africa,33417166,N/A,N/A,N/A,N/A,N/A,nkwakhathandazile@co.za,(660)916-3242x87834,"8958 Oxford Indlela, Bloemfontein, 5536",uMgungundlovu,KwaZulu-Natal,2848,Financial trader,Zulu,N/A
'PR80090410,Théophile,Vidal,Male,1998-09-06,27,Permanent Resident,United States,970828653,Relative's Visa,2025-02-05,2035-02-03,PER22725,N/A,pguillou@com,0182218326,"rue Hoareau, 57865 Saint Élodie",Delahaye,Eastern Cape,18955,opérateur de fabrication de produits alimentaires,French,10
'PR56901184,Nomagugu,Mafulela,Female,2005-05-21,20,Citizen,Ghana,G6563602,Study Visa,2022-12-07,2032-12-04,PER93673,N/A,omawanda@com.gh,001-678-238-4452,"6702 Jan Smuts Isitaladi, eThekwini, 6687",uMgungundlovu,Free State,4834,Theme park manager,Zulu,16
'6904039757016,Musa,Lembede,Male,1969-04-03,56,Permanent Resident,South Africa,25423686,N/A,N/A,N/A,N/A,N/A,nkosisimphiwe@co.za,(675)465-0599x109,"6518 Adelaide Isitaladi, Polokwane, 6691",Sasolburg,Free State,1419,Estate agent,Zulu,N/A
'0511045539023,Mandla,Dlamlenze,Male,2005-11-04,19,Citizen,South Africa,96170284,N/A,N/A,N/A,N/A,N/A,siphesihle07@za.net,001-450-897-5842x86259,"5904 James Isitaladi, Paarl, 3945",uMgungundlovu,Mpumalanga,5388,Furniture designer,Zulu,N/A
'AS430682,Minenhle,Masango,Male,1990-02-12,35,Citizen,Nigeria,N4280349,Asylum Seeker Permit,2024-02-22,2026-02-21,ASP56741,Application Submitted,ecebekhulu@com.ng,+1-507-561-4009,"1448 Grey Ithafa, Uitenhage, 1476",Mbombela,North West,1183,Medical secretary,Zulu,19
'TV19977,Londisizwe,Sontuli,Female,1976-04-09,49,Citizen,Zimbabwe,ZI963397,Study Visa,2025-02-24,2026-04-26,VIS41098,N/A,thembekile04@zimbabwe.com,851-711-9696x624,"8903 Grey Umgwaqo, Kimberley, 1037",Mahikeng,Western Cape,1830,"Geologist, engineering",Zulu,16
'PR78395012,लीलावती,साहा,Female,1972-10-30,52,Citizen,India,90634110,Retirement Visa,2023-08-20,2033-08-17,PER94119,N/A,amlaagoyl@india.com,087-31617783,"400 पिल्लई, चंडीगढ 737964",भागलपुर,North West,558158,Animal technologist,Hindi,15
'8602214482091,Nomcebo,Mabhoko,Female,1986-02-21,39,Citizen,South Africa,61490628,N/A,N/A,N/A,N/A,N/A,siphesihlemalevu@co.za,(697)365-3421,"3188 Clarence Indawo, Witbank, 9621",uMgungundlovu,Free State,5863,Higher education lecturer,Zulu,N/A
'9309124165025,Zinhle,Masinga,Female,1993-09-12,32,Citizen,South Africa,28124233,N/A,N/A,N/A,N/A,N/A,nxasanasilondile@co.za,564.981.4000,"4946 Charles Isitaladi, Klerksdorp, 7506",Chatsworth,Western Cape,2169,Arts development officer,Zulu,N/A
'6212256995079,Luyanda,Mnangwe,Male,1962-12-25,62,Citizen,South Africa,22270130,N/A,N/A,N/A,N/A,N/A,nozizwe93@africa.com,3425109543,"50 High Isitaladi, Uitenhage, 2741",Klerksdorp,Free State,4155,"Surveyor, commercial/residential",Zulu,N/A
'7802141381054,Thandiwe,Wasendlunkulu,Female,1978-02-14,47,Temporary Visa,South Africa,20125069,N/A,N/A,N/A,N/A,N/A,rsishiya@za.net,(263)230-9643x998,"9660 Prince Umgwaqo, Rustenburg, 1016",Welkom,Eastern Cape,2405,Charity fundraiser,Zulu,N/A
'7505128682054,Thabani,Mabuya,Male,1975-05-12,50,Citizen,South Africa,81096974,N/A,N/A,N/A,N/A,N/A,minenhlensibande@za.net,365-813-8952x2900,"96 Main Indawo, Kathu, 8030",Paarl,Limpopo,9035,"Therapist, sports",Zulu,N/A
'PR37700464,Siyabonga,Mnguni,Male,2000-11-27,24,Citizen,Eswatini,82945469,Relative's Visa,2023-01-20,2033-01-17,PER17801,N/A,znzuza@com,(896)721-3917,"18 Joseph Ithafa, Klerksdorp, 4858",Thohoyandou,Northern Cape,3462,Quarry manager,Zulu,18
'6501142849017,Sihawukele,Khaba,Female,1965-01-14,60,Temporary Visa,South Africa,83877509,N/A,N/A,N/A,N/A,N/A,zenzile62@za.net,001-746-807-6012x10041,"58 Short Umgwaqo, Kathu, 4013",Randfontein,Limpopo,5430,Immunologist,Zulu,N/A
'PR48825441,Luyanda,Mveni,Male,1998-09-11,27,Citizen,Ethiopia,26437465,Relative's Visa,2024-04-29,2034-04-27,PER83640,N/A,shingathuthukile@com,+1-248-866-0034x105,"7729 Cecil Isitaladi, Newcastle, 3317",Kathu,Gauteng,9254,Company secretary,Zulu,6
'4601233318054,Nomusa,Goje,Female,1946-01-23,79,Permanent Resident,South Africa,19384211,N/A,N/A,N/A,N/A,N/A,hadebelondisizwe@co.za,(922)570-4642x253,"9093 Somerset Ithafa, Musina, 8186",Middelburg,Western Cape,6600,Petroleum engineer,Zulu,N/A
'5312094698067,Dumisani,Mahlaba,Female,1953-12-09,71,Citizen,South Africa,92143294,N/A,N/A,N/A,N/A,N/A,mshoba@africa.com,(458)981-5252x5696,"6674 High Indlela, Bethlehem, 7113",eGoli,Limpopo,3082,Air cabin crew,Zulu,N/A
'8305165199088,Thalente,Mbembe,Male,1983-05-16,42,Permanent Resident,South Africa,62177456,N/A,N/A,N/A,N/A,N/A,gugu34@za.net,+1-924-776-8131x852,"48 Elizabeth Indawo, Sasolburg, 6112",Polokwane,North West,9404,Control and instrumentation engineer,Zulu,N/A
'5703257050063,Musa,Nomndayi,Male,1957-03-25,68,Citizen,South Africa,79824100,N/A,N/A,N/A,N/A,N/A,nxelesimphiweyinkosi@za.net,6189818406,"69 Jan Smuts Indawo, Thohoyandou, 8996",uMgungundlovu,Eastern Cape,2178,Museum education officer,Zulu,N/A
'9107307407066,Thando,Nxasana,Male,1991-07-30,34,Citizen,South Africa,67962455,N/A,N/A,N/A,N/A,N/A,majokalungile@africa.com,760-848-7278,"923 Milner Indawo, eThekwini, 9769",Kimberley,Free State,5417,"Engineer, civil (contracting)",Zulu,N/A
'TV79232,Zacharie,Lagarde,Male,1995-07-19,30,Citizen,France,416575336,Business Visa,2024-10-29,2025-03-22,VIS28503,N/A,claudine64@france.com,02 22 39 82 14,"45, rue de Poulain, 86320 Marie",Bazin-sur-Germain,Eastern Cape,03498,responsable du service après-vente,French,18
'9612052797007,Olwethu,Gcwabe,Female,1996-12-05,28,Citizen,South Africa,44462867,N/A,N/A,N/A,N/A,N/A,thandeka97@co.za,(469)640-9891x5494,"3674 President Umgwaqo, eThekwini, 5022",Randfontein,Western Cape,9290,Music tutor,Zulu,N/A
'7510269736006,Andile,Mdotshana,Male,1975-10-26,49,Asylum Seeker,South Africa,98999764,N/A,N/A,N/A,N/A,N/A,mkhizebhekizizwe@africa.com,001-995-498-3155x22546,"173 High Indawo, Mbombela, 6050",Paarl,North West,7614,Printmaker,Zulu,N/A
'9607309770021,Njabulo,Dikane,Male,1996-07-30,29,Citizen,South Africa,63608370,N/A,N/A,N/A,N/A,N/A,egxabhashe@africa.com,828.967.7187,"534 James Umgwaqo, Polokwane, 7206",Welkom,KwaZulu-Natal,9990,Occupational therapist,Zulu,N/A
'4812315379007,Sibusiso,Mphahlwa,Male,1948-12-31,76,Citizen,South Africa,28715259,N/A,N/A,N/A,N/A,N/A,zenzelegabela@co.za,+1-796-467-7205x6738,"506 Nelson Mandela Indawo, Vanderbijlpark, 6012",Benoni,Mpumalanga,9189,Data scientist,Zulu,N/A
'PR89144691,Bhekani,Njapha,Male,1985-04-16,40,Citizen,Ethiopia,87923591,Critical Skills Visa,2024-03-29,2034-03-27,PER20471,N/A,dingilabandile@com,320.858.5840x23154,"72 Prince Indlela, Krugersdorp, 5624",Potchefstroom,Mpumalanga,3395,Health and safety inspector,Zulu,9
'0309260358046,Thuthukile,Shange,Female,2003-09-26,21,Citizen,South Africa,80627627,N/A,N/A,N/A,N/A,N/A,bgambu@za.net,+1-335-826-2183x236,"15 Paul Kruger Isitaladi, Klerksdorp, 1893",Potchefstroom,Eastern Cape,7338,"Surveyor, planning and development",Zulu,N/A
'AS774126,Silondile,Nodanga,Female,1999-06-30,26,Asylum Seeker,Kenya,K9973540,Asylum Seeker Permit,2024-07-25,2026-07-25,ASP11281,Interview Scheduled,busisiwemaphanga@co.ke,(486)378-7430x2288,"354 Cecil Indawo, Klerksdorp, 1682",Chatsworth,Eastern Cape,6449,"Therapist, art",Zulu,2
'PR19571472,浩,岳,Male,1972-12-23,52,Citizen,China,42445127,Relative's Visa,2024-08-20,2034-08-18,PER44174,N/A,yong14@china.com,13053533128,海南省涛县清城林路R座 628353,建华县,Mpumalanga,469401,房地产开发,Mandarin,11
'4507279613096,Lwandile,Siyeshe,Male,1945-07-27,80,Asylum Seeker,South Africa,65325112,N/A,N/A,N/A,N/A,N/A,phakathilondiwe@za.net,001-348-325-5520,"65 Commissioner Ithafa, Bethlehem, 8551",Krugersdorp,Western Cape,3365,Nature conservation officer,Zulu,N/A
'7312288260033,Siyabonga,Thabethe,Male,1973-12-28,51,Temporary Visa,South Africa,79976010,N/A,N/A,N/A,N/A,N/A,nozizwe33@za.net,869-778-5278x687,"21 Charles Indlela, eGoli, 6833",Vereeniging,Gauteng,3096,Charity fundraiser,Zulu,N/A
'5209080134078,Sithembiso,Mhlabandlovu,Female,1952-09-08,73,Permanent Resident,South Africa,70547249,N/A,N/A,N/A,N/A,N/A,xmgabhi@co.za,(473)359-2009x6052,"502 Milner Umgwaqo, Tembisa, 3791",Tembisa,Eastern Cape,1725,Magazine features editor,Zulu,N/A
'8307156059081,Jabulani,Thole,Male,1983-07-15,42,Permanent Resident,South Africa,80675950,N/A,N/A,N/A,N/A,N/A,mmshengu@za.net,694.895.5502x71050,"417 Joseph Indawo, Kathu, 9813",Mbombela,KwaZulu-Natal,1823,Food technologist,Zulu,N/A
'4605240543090,Thandiwe,Gubhuza,Female,1946-05-24,79,Citizen,South Africa,61491971,N/A,N/A,N/A,N/A,N/A,nhlekogugu@africa.com,+1-967-816-5901x4893,"9342 Elizabeth Indawo, Witbank, 2332",Stellenbosch,Western Cape,8227,Ship broker,Zulu,N/A
'9307288447063,Sandile,Mdaka,Male,1993-07-28,32,Temporary Visa,South Africa,31584564,N/A,N/A,N/A,N/A,N/A,njabulo03@africa.com,744.749.9740x2195,"59 Grey Indawo, Rustenburg, 6572",Chatsworth,Gauteng,8898,Telecommunications researcher,Zulu,N/A
'PR35562568,Thalente,Jiyane,Male,1979-03-02,46,Permanent Resident,Zambia,13035814,Retirement Visa,2025-04-25,2035-04-23,PER56084,N/A,lungileshangase@net,(709)992-9872x662,"104 George Indawo, eThekwini, 5652",uMgungundlovu,Northern Cape,7174,Geophysicist/field seismologist,Zulu,2
'PR28191768,Bhekokwakhe,Ndabansele,Female,2004-12-06,20,Permanent Resident,Tanzania,45034521,Critical Skills Visa,2025-07-07,2035-07-05,PER17128,N/A,sibonelomhlungu@net,(916)976-9709x88082,"81 Oxford Indlela, Krugersdorp, 2132",Vanderbijlpark,Northern Cape,8721,Secretary/administrator,Zulu,11
'6409168264098,Langalibalele,Chamane,Male,1964-09-16,60,Citizen,South Africa,18226959,N/A,N/A,N/A,N/A,N/A,nhlanhla77@africa.com,+1-491-721-6606x04584,"41 Joseph Indlela, Vanderbijlpark, 3338",Potchefstroom,KwaZulu-Natal,5829,"Biochemist, clinical",Zulu,N/A
'8705170238094,Nobuhle,Shoba,Female,1987-05-17,38,Citizen,South Africa,55511510,N/A,N/A,N/A,N/A,N/A,mkhungoluyanda@africa.com,+1-943-322-1778x112,"50 George Indlela, Soweto, 7346",Mbombela,KwaZulu-Natal,2712,Best boy,Zulu,N/A
'PR39861095,Gabrielle,Hamel,Female,1976-09-03,49,Temporary Visa,United States,545410419,Work Visa,2023-02-09,2033-02-06,PER76339,N/A,samsonsusan@com,+33 (0)5 08 26 53 02,"1, boulevard de Reynaud, 84309 Saint Matthieu",Imbert,Western Cape,72286,dépanneur en électroménager,French,11
'6906286826040,Vusumuzi,Ndimande,Male,1969-06-28,56,Citizen,South Africa,33675623,N/A,N/A,N/A,N/A,N/A,mshabangu@co.za,580.922.3707x690,"48 Voortrekker Ithafa, Bethlehem, 7631",Vanderbijlpark,Free State,3988,Research scientist (physical sciences),Zulu,N/A
'9401162334027,Nomathemba,Gebhezi,Female,1994-01-16,31,Asylum Seeker,South Africa,10106869,N/A,N/A,N/A,N/A,N/A,mntambosithembiso@co.za,327-273-4728,"259 Jan Smuts Umgwaqo, Chatsworth, 1016",Stellenbosch,Gauteng,6425,Research scientist (maths),Zulu,N/A
'9109020128097,Thembeka,Jili,Female,1991-09-02,34,Citizen,South Africa,84422887,N/A,N/A,N/A,N/A,N/A,londiwemshikela@za.net,353.747.3532x94372,"421 Queen Ithafa, Vereeniging, 2169",Witbank,Western Cape,1052,Sports coach,Zulu,N/A
'0311086145058,Zenzele,Ngwane,Male,2003-11-08,21,Permanent Resident,South Africa,82903745,N/A,N/A,N/A,N/A,N/A,myeninozibusiso@africa.com,+1-247-334-1856x891,"1572 Short Umgwaqo, uMgungundlovu, 1142",eGoli,Free State,2218,Agricultural engineer,Zulu,N/A
'PR61020292,Gugulethu,Gamede,Female,1991-03-21,34,Citizen,Eswatini,39892519,Retirement Visa,2023-09-10,2033-09-07,PER11521,N/A,wmbungela@net,001-321-241-4463,"5467 Cecil Indlela, Kimberley, 4762",uMgungundlovu,Northern Cape,7060,Civil Service administrator,Zulu,13
'5503203494047,Zinhle,Mathebula,Female,1955-03-20,70,Temporary Visa,South Africa,30160483,N/A,N/A,N/A,N/A,N/A,nsikhakhane@africa.com,+1-923-725-4413x01585,"5823 Smith Isitaladi, Paarl, 4694",Potchefstroom,Free State,6332,Special educational needs teacher,Zulu,N/A
'PR55624482,Nokulunga,Anele,Female,1983-08-16,42,Citizen,Somalia,54925982,Work Visa,2023-01-12,2033-01-09,PER41426,N/A,nonjabulo30@org,3804237694,"7679 Gandhi Isitaladi, Centurion, 1302",Mahikeng,Free State,7251,Consulting civil engineer,Zulu,13
'4709253354066,Sihawukele,Dlamini,Female,1947-09-25,77,Citizen,South Africa,90116720,N/A,N/A,N/A,N/A,N/A,mlangenithalente@za.net,+1-639-203-4356x9437,"795 Adelaide Indawo, eThekwini, 4489",Mbombela,Western Cape,9442,Geophysical data processor,Zulu,N/A
'9509186149063,Mthokozisi,Mdladla,Male,1995-09-18,29,Citizen,South Africa,72895524,N/A,N/A,N/A,N/A,N/A,silondile85@africa.com,312-842-2694x821,"422 Commissioner Isitaladi, Springs, 5808",Randfontein,Limpopo,9466,Financial trader,Zulu,N/A
'6203183917004,Thandazile,Jiyane,Female,1962-03-18,63,Asylum Seeker,South Africa,27209344,N/A,N/A,N/A,N/A,N/A,bhekizizwefihlela@co.za,(844)459-8508x60017,"24 Albertina Sisulu Ithafa, Kimberley, 7305",Musina,Free State,9345,Video editor,Zulu,N/A
'TV62919,Ella,Fiebig,Female,1980-03-07,45,Citizen,Germany,504302558,Business Visa,2023-11-17,2026-09-07,VIS99515,N/A,eberhardthahn@germany.com,00188356871,"Hans-Günther-Holsten-Allee 42-46, 34087 Hildburghausen",Rothenburg ob der Tauber,Eastern Cape,62716,Fachinformatiker,German,12
'0102058899059,Thalente,Ngiba,Male,2001-02-05,24,Asylum Seeker,South Africa,54843649,N/A,N/A,N/A,N/A,N/A,mkhonzanomagugu@co.za,(346)674-7285x858,"833 Somerset Indawo, iKapa, 5816",Kathu,North West,7033,Comptroller,Zulu,N/A
'PR21465247,Gugulethu,Chibini,Female,1973-09-13,52,Citizen,Kenya,K5059101,Work Visa,2022-09-29,2032-09-26,PER71851,N/A,sandilencongwane@kenya.com,4406249957,"835 Jan Smuts Indawo, Potchefstroom, 4112",Kimberley,Mpumalanga,1430,Claims inspector/assessor,Zulu,6
'7802105297097,Mthokozisi,Bele,Male,1978-02-10,47,Permanent Resident,South Africa,70521555,N/A,N/A,N/A,N/A,N/A,msibinobuhle@za.net,+1-256-205-5342x0753,"69 Voortrekker Ithafa, Polokwane, 8072",Chatsworth,Limpopo,3903,"Development worker, international aid",Zulu,N/A
'7507193803092,Thabisile,Hlengwa,Female,1975-07-19,50,Citizen,South Africa,34751944,N/A,N/A,N/A,N/A,N/A,mkhwananzizenzile@africa.com,+1-475-945-6371x5205,"9061 Thomas Ithafa, Rustenburg, 6358",George,Free State,6926,"Therapist, horticultural",Zulu,N/A
'PR43388785,Fabian,Seidel,Male,1997-11-19,27,Citizen,Germany,187476700,Critical Skills Visa,2024-04-19,2034-04-17,PER34324,N/A,langegrit@germany.com,+49(0)4875 557183,"Susanne-Seip-Weg 29-99, 21118 Calau",Querfurt,North West,39366,Artist,German,8
'6904159701076,Bandile,Andile,Male,1969-04-15,56,Temporary Visa,South Africa,77258201,N/A,N/A,N/A,N/A,N/A,tmthalane@za.net,(907)812-5726x761,"987 Milner Umgwaqo, Boksburg, 5794",Soweto,North West,2085,"Solicitor, Scotland",Zulu,N/A
'PR40972713,Sibusiso,Phungula,Male,1986-03-20,39,Temporary Visa,Zambia,93583585,Retirement Visa,2022-10-31,2032-10-28,PER15027,N/A,sphiwemsamkhulu@org,+1-559-410-7895x506,"2947 Milner Umgwaqo, Paarl, 4250",Bloemfontein,Northern Cape,5862,"Engineer, civil (contracting)",Zulu,12
'8003046890025,Siyabonga,Nhlanhlampofu,Male,1980-03-04,45,Citizen,South Africa,20791814,N/A,N/A,N/A,N/A,N/A,emkhumbuzi@co.za,001-392-608-9315x864,"281 Joseph Indawo, Krugersdorp, 3163",Bethlehem,North West,2394,Armed forces logistics/support/administrative officer,Zulu,N/A
'PR47832908,Guy,Devaux,Male,1976-03-18,49,Permanent Resident,Democratic Republic of Congo,34711718,Study Visa,2025-01-22,2035-01-20,PER32819,N/A,lucyde-oliveira@net,+33 (0)4 81 55 78 05,"479, chemin Henry, 88284 Sainte Olivie",Saint Nath,KwaZulu-Natal,08673,couvreur,French,5
'0409268328073,Siyabonga,Nzamela,Male,2004-09-26,20,Temporary Visa,South Africa,52344202,N/A,N/A,N/A,N/A,N/A,nomvula96@africa.com,755.758.2003x23712,"59 Milner Umgwaqo, Boksburg, 2708",eGoli,Eastern Cape,3342,Information systems manager,Zulu,N/A
'4103305668032,Mzamo,Ayize,Male,1941-03-30,84,Citizen,South Africa,43356241,N/A,N/A,N/A,N/A,N/A,gugu69@za.net,(421)731-5235x66902,"13 Long Isitaladi, Vanderbijlpark, 4825",Kathu,Limpopo,4699,Environmental education officer,Zulu,N/A
'8502014158055,Zakhele,Mafobo,Female,1985-02-01,40,Permanent Resident,South Africa,75258507,N/A,N/A,N/A,N/A,N/A,mntimandezenzile@africa.com,6437816391,"601 Thomas Indawo, Rustenburg, 6436",Potchefstroom,Gauteng,2468,"Psychologist, occupational",Zulu,N/A
'9202181070008,Mnqobi,Mseleku,Female,1992-02-18,33,Citizen,South Africa,51456291,N/A,N/A,N/A,N/A,N/A,dumisanimangena@co.za,263.797.6195,"7875 Oxford Indlela, Potchefstroom, 8582",Mahikeng,Limpopo,2837,Sports therapist,Zulu,N/A
'9711085815015,Thalente,Madide,Male,1997-11-08,27,Citizen,South Africa,48257589,N/A,N/A,N/A,N/A,N/A,ncalazenzile@za.net,287-962-7137,"40 Joseph Isitaladi, Soweto, 9529",Vanderbijlpark,Free State,6234,Minerals surveyor,Zulu,N/A
'TV26615,Dominik,Plath,Male,1997-10-17,27,Citizen,Germany,108155672,Relative's Visa,2025-06-05,2028-01-21,VIS35918,N/A,pspiess@germany.com,0477033647,"Stefania-Hande-Straße 8, 75480 Grafenau",Olpe,Mpumalanga,71190,Forstwirt,German,15
'9912295541066,Njabulo,Nsele,Male,1999-12-29,25,Citizen,South Africa,24626880,N/A,N/A,N/A,N/A,N/A,khaphelanomathalente@co.za,885-354-2783x979,"3244 Long Umgwaqo, Vanderbijlpark, 5431",Kathu,KwaZulu-Natal,3370,"Education officer, environmental",Zulu,N/A
'8204060013066,Gugu,Hhoyiyane,Female,1982-04-06,43,Citizen,South Africa,12615503,N/A,N/A,N/A,N/A,N/A,shabangulwandile@co.za,600.474.1095x373,"71 George Indlela, Mahikeng, 7727",Uitenhage,North West,4723,Immunologist,Zulu,N/A
'TV37882,想,张,Male,1980-10-19,44,Temporary Visa,China,19623564,Critical Skills Visa,2023-06-01,2024-08-03,VIS45683,N/A,cgong@com.cn,18575390037,辽宁省马鞍山市白云天津路p座 213571,辽阳县,Northern Cape,232352,中医科医生,Mandarin,19
'PR25894444,Auguste,Berthelot,Male,1986-04-22,39,Citizen,United Kingdom,608791027,Critical Skills Visa,2025-01-18,2035-01-16,PER24741,N/A,denis72@uk.com,+33 4 75 97 92 45,"20, avenue William Dos Santos, 88862 Jourdan",Joubert,North West,15847,mouleur-noyauteur,French,15
'8303042767079,Nokulunga,Bhovungana,Female,1983-03-04,42,Permanent Resident,South Africa,92155551,N/A,N/A,N/A,N/A,N/A,fhangala@africa.com,744-579-2460,"7358 Cecil Indlela, George, 2758",Kathu,KwaZulu-Natal,7448,Horticultural consultant,Zulu,N/A
'TV35116,Thembekile,Gedeza,Female,1994-05-17,31,Citizen,Zambia,62392128,Corporate Visa,2024-09-26,2026-07-18,VIS57100,N/A,dlabanesphiwe@net,875-548-9455,"425 James Indlela, Bloemfontein, 4716",Vanderbijlpark,North West,9569,"Journalist, newspaper",Zulu,16
'8306140225047,Thandiwe,Mpumuza,Female,1983-06-14,42,Citizen,South Africa,50891147,N/A,N/A,N/A,N/A,N/A,busisiwe08@co.za,(491)229-7882x07493,"914 Stanley Umgwaqo, Uitenhage, 3491",Paarl,North West,7826,"Investment banker, corporate",Zulu,N/A
'7504057972018,Sibusiso,Phethela,Male,1975-04-05,50,Permanent Resident,South Africa,80752584,N/A,N/A,N/A,N/A,N/A,sibonelombatha@co.za,616.956.4667x2026,"2931 Cecil Ithafa, Newcastle, 4307",Rustenburg,Limpopo,9985,Fitness centre manager,Zulu,N/A
'TV78542,Zibuyile,Makhathini,Female,1981-05-01,44,Permanent Resident,Lesotho,71847973,Relative's Visa,2024-05-24,2024-11-07,VIS54595,N/A,fnsibanyoni@org,001-870-470-7561,"83 Elizabeth Indawo, Paarl, 5663",Klerksdorp,Mpumalanga,9387,Music therapist,Zulu,17
'9908069553039,Lwandile,Macingwane,Male,1999-08-06,26,Citizen,South Africa,58886158,N/A,N/A,N/A,N/A,N/A,simphiweyinkosi08@za.net,(890)735-5872x430,"818 Churchill Indawo, Rustenburg, 7893",eGoli,Northern Cape,7926,Restaurant manager,Zulu,N/A
'5202140494055,Thembekile,Nzimande,Female,1952-02-14,73,Citizen,South Africa,29317998,N/A,N/A,N/A,N/A,N/A,siphesihle82@africa.com,6955590892,"2750 Long Ithafa, Chatsworth, 9802",Boksburg,Free State,8503,"Journalist, newspaper",Zulu,N/A
'4912020691094,Simphiwe,Makhedama,Female,1949-12-02,75,Citizen,South Africa,36496692,N/A,N/A,N/A,N/A,N/A,mandla29@za.net,+1-548-638-2184x10300,"529 Elizabeth Umgwaqo, Paarl, 3541",Bloemfontein,Western Cape,4385,"Surveyor, planning and development",Zulu,N/A
'4901092604058,Siphesihle,Mnyamande,Female,1949-01-09,76,Citizen,South Africa,80398382,N/A,N/A,N/A,N/A,N/A,thalente73@za.net,(226)662-0202,"1100 Joseph Isitaladi, Bloemfontein, 2980",Chatsworth,Free State,8924,Barrister's clerk,Zulu,N/A
'9712291003036,Thembeka,Mdlenevu,Female,1997-12-29,27,Temporary Visa,South Africa,27059808,N/A,N/A,N/A,N/A,N/A,thabisa76@africa.com,982-757-7860x235,"349 Church Indawo, Vanderbijlpark, 7254",Bethlehem,Free State,2784,Waste management officer,Zulu,N/A
'8607146337039,Sandile,Lange,Male,1986-07-14,39,Citizen,South Africa,18983469,N/A,N/A,N/A,N/A,N/A,ndongamandla@co.za,960-284-2291x03568,"5200 William Umgwaqo, eGoli, 7224",Bloemfontein,Limpopo,6370,Visual merchandiser,Zulu,N/A
'8511154329072,Londiwe,Ndosi,Female,1985-11-15,39,Citizen,South Africa,77167455,N/A,N/A,N/A,N/A,N/A,cfihlela@africa.com,001-986-835-2296x68924,"8603 Prince Indawo, Vanderbijlpark, 1125",Mbombela,Limpopo,8706,Race relations officer,Zulu,N/A
'4511150921041,Thembeka,Mdletshe,Female,1945-11-15,79,Citizen,South Africa,94160066,N/A,N/A,N/A,N/A,N/A,xshoba@africa.com,253-337-5158,"7253 Nelson Mandela Ithafa, Springs, 9925",Musina,Eastern Cape,3227,Higher education lecturer,Zulu,N/A
'6812180181058,Thembekile,Shabane,Female,1968-12-18,56,Citizen,South Africa,58268297,N/A,N/A,N/A,N/A,N/A,mnqobi30@za.net,648-786-2774,"99 Queen Isitaladi, Benoni, 7916",Sasolburg,Northern Cape,4211,Trade mark attorney,Zulu,N/A
'PR97871328,Marcel,Allain,Male,1992-05-23,33,Permanent Resident,France,266790641,Critical Skills Visa,2024-09-14,2034-09-12,PER72293,N/A,charleschauvin@fr,05 79 24 48 74,"82, boulevard de Dumont, 64311 Marion-sur-Leleu",Leblancboeuf,KwaZulu-Natal,02205,professeur des écoles des écoles,French,7
'4509093634096,Bhekokwakhe,Mbonane,Female,1945-09-09,80,Temporary Visa,South Africa,67390988,N/A,N/A,N/A,N/A,N/A,thembile40@africa.com,001-325-822-1253,"71 Nelson Mandela Ithafa, Potchefstroom, 8504",Vereeniging,KwaZulu-Natal,8789,Insurance broker,Zulu,N/A
'5907159301069,Mandlakhe,Khanyeza,Male,1959-07-15,66,Permanent Resident,South Africa,16978171,N/A,N/A,N/A,N/A,N/A,amahle50@za.net,+1-669-668-8410x95721,"703 Milner Ithafa, Uitenhage, 5055",Springs,North West,8597,Toxicologist,Zulu,N/A
'PR80312576,राजेश,सक्सेना,Male,1994-08-22,31,Citizen,India,45692984,Retirement Visa,2024-02-13,2034-02-10,PER48087,N/A,aahuujaaarcnaa@india.com,+91 568 7396025,"71/75 पुरुषोत्तम मेनन, चिरमिरी 544844",चिराला,Northern Cape,448733,Medical physicist,Hindi,19
'PR91624511,राधा,तिवारी,Female,1989-03-31,36,Citizen,India,13726982,Business Visa,2023-08-08,2033-08-05,PER56540,N/A,raaykhaan@india.com,09481 795980,"73/563 देशपांडे, धर्मापुरी-416413",धर्मापुरी,Northern Cape,276815,Manufacturing systems engineer,Hindi,0
'8406063531073,Mnqobi,Mathonsi,Female,1984-06-06,41,Citizen,South Africa,34806834,N/A,N/A,N/A,N/A,N/A,sikhosanazenzile@za.net,446-479-8078x612,"553 Frere Umgwaqo, Polokwane, 6544",Upington,Limpopo,1339,Chemical engineer,Zulu,N/A
'PR80145214,Emmanuelle,Ramos,Female,2004-06-24,21,Citizen,France,792473651,Study Visa,2024-04-24,2034-04-22,PER58938,N/A,kleinmarthe@fr,03 85 30 21 77,"rue Pelletier, 09942 Dubois",Lemoine-sur-Mer,KwaZulu-Natal,83123,chargé de communication interne,French,6
'4905102344020,Sibusisiwe,Made,Female,1949-05-10,76,Permanent Resident,South Africa,60954334,N/A,N/A,N/A,N/A,N/A,simphiweyinkosiphungula@africa.com,965.206.7893,"4849 Walter Sisulu Indawo, Randfontein, 7339",Centurion,Limpopo,2367,Hotel manager,Zulu,N/A
'5311049940062,Nhlanhla,Duze,Male,1953-11-04,71,Citizen,South Africa,55080811,N/A,N/A,N/A,N/A,N/A,khanyisilemncwabe@co.za,+1-327-326-5463x615,"2432 Short Indlela, Paarl, 6082",Bethlehem,Northern Cape,3902,Special educational needs teacher,Zulu,N/A
'PR41703353,Nothando,Cenge,Female,1971-03-01,54,Citizen,Botswana,BO127495,Corporate Visa,2024-11-27,2034-11-25,PER76502,N/A,nonkosilungile@net,+1-804-405-2140x92454,"1636 Nelson Mandela Ithafa, Soweto, 6621",Vereeniging,Mpumalanga,3428,Naval architect,Zulu,4
'7404073691007,Thembeka,Mcambi,Female,1974-04-07,51,Citizen,South Africa,59456142,N/A,N/A,N/A,N/A,N/A,nkazimulo47@africa.com,(729)437-0182,"176 Jan Smuts Isitaladi, Boksburg, 6560",Mahikeng,Free State,4718,Facilities manager,Zulu,N/A
'TV53877,Londisizwe,Mnomiya,Female,1979-01-14,46,Citizen,Nigeria,N9181552,Critical Skills Visa,2023-06-02,2025-05-30,VIS37023,N/A,shibasethuthukile@com.ng,+1-990-685-5474,"9627 Grey Isitaladi, Randfontein, 5026",Klerksdorp,Western Cape,3382,Soil scientist,Zulu,20
'PR28714883,Thandeka,Phikela,Female,1993-03-15,32,Citizen,Tanzania,44667303,Study Visa,2024-11-21,2034-11-19,PER82922,N/A,umzila@org,+1-507-782-1274,"17 Napier Isitaladi, Klerksdorp, 7484",Witbank,Free State,2466,Education administrator,Zulu,13
'TV32572,Dumisani,Khabalidaka,Female,1994-03-25,31,Citizen,Kenya,K8896720,Relative's Visa,2025-01-16,2025-12-16,VIS88805,N/A,thandiwe10@kenya.com,299.332.0313x51987,"428 Churchill Ithafa, Centurion, 2408",Welkom,Limpopo,3340,Chiropractor,Zulu,9
'6002118231039,Andile,Mkholo,Male,1960-02-11,65,Citizen,South Africa,37700555,N/A,N/A,N/A,N/A,N/A,ngubanethembekile@africa.com,+1-801-915-7347x615,"358 Frere Indawo, Paarl, 2644",Vanderbijlpark,Mpumalanga,1198,Applications developer,Zulu,N/A
'PR26271210,Langalibalele,Ntenga,Male,1977-02-12,48,Citizen,Eswatini,68888362,Corporate Visa,2023-02-07,2033-02-04,PER95653,N/A,dshabalala@net,001-410-555-3087x8603,"26 Somerset Isitaladi, Mbombela, 4293",Bloemfontein,KwaZulu-Natal,7088,Health service manager,Zulu,3
'TV13118,Susan,Seguin,Female,1997-06-30,28,Citizen,France,292907848,Critical Skills Visa,2024-03-07,2025-07-05,VIS77483,N/A,hoareaumartin@fr,04 63 71 67 55,"167, chemin Benoît Chauvin, 85955 Marchal-sur-Masse",Alexandre,KwaZulu-Natal,84281,coloriste,French,18
'9904185205036,Mlungisi,Mboyisa,Male,1999-04-18,26,Asylum Seeker,South Africa,85495044,N/A,N/A,N/A,N/A,N/A,sfiso93@za.net,(395)315-7838,"2064 King Isitaladi, Centurion, 4670",eGoli,North West,5897,"Therapist, music",Zulu,N/A
'8105091591052,Nonhlanhla,Mncube,Female,1981-05-09,44,Citizen,South Africa,24100770,N/A,N/A,N/A,N/A,N/A,siphesihlekhuba@africa.com,+1-766-295-5243x52102,"7973 Rivonia Indawo, Randfontein, 5428",Soweto,Mpumalanga,7729,"Engineer, automotive",Zulu,N/A
'5910102286098,Zibuyile,Khwane,Female,1959-10-10,65,Permanent Resident,South Africa,27035371,N/A,N/A,N/A,N/A,N/A,ndimanomalanga@co.za,854-444-6869x900,"530 Long Ithafa, Polokwane, 8358",Rustenburg,KwaZulu-Natal,9942,"Nurse, mental health",Zulu,N/A
'8510245834007,Mcebisi,Masango,Male,1985-10-24,39,Permanent Resident,South Africa,40919320,N/A,N/A,N/A,N/A,N/A,ntamondekhanyisile@co.za,+1-802-766-2312x0495,"902 West Indlela, Rustenburg, 2957",Mahikeng,Limpopo,5167,Hydrologist,Zulu,N/A
'6201026540072,SimphiweyiNkosi,Mashiya,Male,1962-01-02,63,Temporary Visa,South Africa,22475428,N/A,N/A,N/A,N/A,N/A,tgodide@co.za,+1-415-791-6233x9857,"25 Clarence Umgwaqo, Newcastle, 8124",Chatsworth,Limpopo,3023,Graphic designer,Zulu,N/A
'5310246042034,Mandlakhe,Mzukase,Male,1953-10-24,71,Citizen,South Africa,59328684,N/A,N/A,N/A,N/A,N/A,thembekile50@za.net,001-310-334-1923x484,"50 Paul Kruger Indawo, Sasolburg, 1474",Boksburg,Mpumalanga,2851,Physiological scientist,Zulu,N/A
'5403295652094,Sandile,Gama,Male,1954-03-29,71,Citizen,South Africa,71580063,N/A,N/A,N/A,N/A,N/A,zmazalankosi@co.za,807-999-1599x563,"36 King Indlela, Centurion, 7872",Witbank,North West,7062,Adult guidance worker,Zulu,N/A
'TV23002,Minenhle,Mqungebe,Male,1988-06-28,37,Citizen,Eswatini,37335492,Work Visa,2023-06-05,2024-06-05,VIS35932,N/A,idimbani@net,001-752-473-1308x60314,"939 George Ithafa, Vanderbijlpark, 9158",Witbank,Western Cape,1493,Wellsite geologist,Zulu,7
'0110088705057,Vusumuzi,Ndlanya,Male,2001-10-08,23,Permanent Resident,South Africa,64433957,N/A,N/A,N/A,N/A,N/A,dumisani26@co.za,(534)957-2263x614,"577 Prince Umgwaqo, Polokwane, 9359",Polokwane,Gauteng,6746,"Embryologist, clinical",Zulu,N/A
'4412259608003,Lungile,Mwelase,Male,1944-12-25,80,Citizen,South Africa,60549444,N/A,N/A,N/A,N/A,N/A,nomcebo13@africa.com,740-821-1231,"46 Rivonia Umgwaqo, George, 2098",Kathu,Western Cape,7124,Orthoptist,Zulu,N/A
'7903102356030,Gugu,Mbunjwa,Female,1979-03-10,46,Citizen,South Africa,56304386,N/A,N/A,N/A,N/A,N/A,xdubazane@za.net,5015451713,"57 Somerset Umgwaqo, Stellenbosch, 4323",Musina,Limpopo,8221,"Buyer, retail",Zulu,N/A
'5909294356056,Owethu,Biyela,Female,1959-09-29,65,Permanent Resident,South Africa,86511363,N/A,N/A,N/A,N/A,N/A,hmahlalela@africa.com,610-730-2141,"686 Frere Umgwaqo, Centurion, 1466",eGoli,Free State,9583,"Editor, commissioning",Zulu,N/A
'TV51189,Busisiwe,Nonkosi,Female,1983-02-07,42,Asylum Seeker,Lesotho,99795149,Study Visa,2025-03-13,2027-02-25,VIS45239,N/A,sgasa@net,+1-228-713-3152,"2557 Joseph Umgwaqo, iKapa, 8318",Rustenburg,Western Cape,4035,"Engineer, mining",Zulu,9
'4007051084023,Nomathalente,Sibanda,Female,1940-07-05,85,Asylum Seeker,South Africa,85411765,N/A,N/A,N/A,N/A,N/A,bhembesithembiso@co.za,001-816-248-8764x1779,"79 Cecil Umgwaqo, Boksburg, 1476",Polokwane,North West,8219,"Engineer, structural",Zulu,N/A
'6006213528047,Thuthukile,Longode,Female,1960-06-21,65,Citizen,South Africa,10810091,N/A,N/A,N/A,N/A,N/A,xdindi@africa.com,+1-925-402-3995x289,"367 Elizabeth Isitaladi, Krugersdorp, 8880",Upington,Northern Cape,6416,"Therapist, drama",Zulu,N/A
'AS343670,Eric,Mangold,Male,1994-02-23,31,Permanent Resident,Germany,185472697,Asylum Seeker Permit,2023-12-11,2025-12-10,ASP88986,Under Review,doraernst@germany.com,(04726) 890105,"Senol-Vogt-Gasse 6/7, 04852 Pinneberg",Luckenwalde,Eastern Cape,49453,Polizist,German,18
'5702243588040,Bhekokwakhe,Cebisa,Female,1957-02-24,68,Temporary Visa,South Africa,28359409,N/A,N/A,N/A,N/A,N/A,nhlanhla75@za.net,+1-416-413-9952,"8221 Thomas Ithafa, Krugersdorp, 7537",Centurion,Mpumalanga,9169,Printmaker,Zulu,N/A
'AS597177,Langalibalele,Dikane,Male,1993-05-22,32,Citizen,Lesotho,31459907,Asylum Seeker Permit,2024-06-20,2026-06-20,ASP34309,Appeal Pending,smanzini@com,264-989-8376x2461,"422 West Indawo, Witbank, 4087",Rustenburg,Western Cape,8295,"Nurse, learning disability",Zulu,4
'0102049009062,Andile,Sokhela,Male,2001-02-04,24,Citizen,South Africa,63365637,N/A,N/A,N/A,N/A,N/A,nomathalentembuyisa@africa.com,(273)307-9156,"760 Prince Isitaladi, Tembisa, 5197",Polokwane,Northern Cape,6420,Estate manager/land agent,Zulu,N/A
'PR78794246,नेहा,शर्मा,Female,1985-01-18,40,Citizen,India,64772924,Critical Skills Visa,2023-08-25,2033-08-22,PER62023,N/A,sinhaadrshnaa@india.com,062-75076599,"356 राय, मोकामा 353269",फतेहपुर,Eastern Cape,908991,Dramatherapist,Hindi,18
'6511126456015,Thando,Mngadi,Male,1965-11-12,59,Citizen,South Africa,86056256,N/A,N/A,N/A,N/A,N/A,luyanda93@co.za,539.596.5890,"467 Queen Isitaladi, iBhayi, 2257",Vanderbijlpark,Eastern Cape,3119,"Surveyor, land/geomatics",Zulu,N/A
'5207274276002,Nomathemba,Gamede,Female,1952-07-27,73,Temporary Visa,South Africa,96528700,N/A,N/A,N/A,N/A,N/A,khabalidakalwandile@co.za,001-925-289-6406,"28 Rivonia Indlela, Mbombela, 9284",Paarl,Gauteng,2616,Architect,Zulu,N/A
'5908246835074,Langalibalele,Nyokayebululu,Male,1959-08-24,66,Citizen,South Africa,60860607,N/A,N/A,N/A,N/A,N/A,olwethujokiwe@za.net,(885)988-7513x680,"634 Queen Umgwaqo, Potchefstroom, 1505",Newcastle,Western Cape,3099,"Conservation officer, historic buildings",Zulu,N/A
'AS726442,Mandla,Swazi,Male,2001-09-08,24,Citizen,Lesotho,70986046,Asylum Seeker Permit,2025-05-06,2027-05-06,ASP27501,Application Submitted,andileshengele@com,684-626-5644,"7814 Paul Kruger Indawo, Newcastle, 1242",Rustenburg,Free State,9171,"Psychotherapist, child",Zulu,10
'PR44396798,Lourenço,Vicente,Male,1977-09-16,47,Citizen,Mozambique,MO368193,Study Visa,2023-04-28,2033-04-25,PER91355,N/A,emiliaalmeida@mozambique.com,+351271806079,"Praça Amorim, 68, 1809-859 Trancoso",Montijo,Mpumalanga,6150-405,Bordador,Portuguese,11
'4710081247049,Nomagugu,Sengwayo,Female,1947-10-08,77,Citizen,South Africa,70761502,N/A,N/A,N/A,N/A,N/A,hndlangamandla@co.za,557.658.5979,"4754 West Indawo, Middelburg, 1101",Musina,Gauteng,1459,Industrial/product designer,Zulu,N/A
'AS816284,Dumisile,Maphindela,Female,1977-01-27,48,Citizen,Nigeria,N6968947,Asylum Seeker Permit,2023-08-10,2025-08-09,ASP68769,Application Submitted,ksishi@nigeria.com,+1-514-878-8983x58411,"207 Walter Sisulu Isitaladi, Tembisa, 5076",Mbombela,Eastern Cape,8888,Mental health nurse,Zulu,8
'8912275657002,Vusumuzi,Ndabezitha,Male,1989-12-27,35,Citizen,South Africa,39465810,N/A,N/A,N/A,N/A,N/A,xmyeza@africa.com,+1-337-416-2259x1373,"87 Clarence Ithafa, Boksburg, 4775",eGoli,KwaZulu-Natal,7260,"Surveyor, building control",Zulu,N/A
'AS624600,Sibusiso,Shange,Male,1982-10-24,42,Citizen,Botswana,BO300469,Asylum Seeker Permit,2022-10-01,2024-09-30,ASP16690,Interview Scheduled,achamane@org,763-835-8980,"35 Churchill Umgwaqo, Chatsworth, 7218",Middelburg,Mpumalanga,2532,"Embryologist, clinical",Zulu,15
'5803040575032,Owethu,Mlambo,Female,1958-03-04,67,Citizen,South Africa,94726157,N/A,N/A,N/A,N/A,N/A,nkundlandebhekisisa@co.za,6953917341,"5267 Paul Kruger Ithafa, Boksburg, 6681",Potchefstroom,Northern Cape,6512,"Biochemist, clinical",Zulu,N/A
'TV83922,Dumisani,Sikhosana,Female,1995-12-24,29,Citizen,Ethiopia,84844169,Work Visa,2025-06-29,2026-03-18,VIS33920,N/A,xzikhungwini@com,+1-936-379-4199x30901,"86 Prince Indawo, Musina, 7865",Mbombela,Limpopo,8797,Physiological scientist,Zulu,13
'5807214122088,Nobantu,Mzizi,Female,1958-07-21,67,Citizen,South Africa,86413835,N/A,N/A,N/A,N/A,N/A,dikanethembisile@za.net,423-837-1838,"383 Cecil Isitaladi, Stellenbosch, 9546",Klerksdorp,KwaZulu-Natal,2867,Trading standards officer,Zulu,N/A
'8712319770047,Langalibalele,Mlalazi,Male,1987-12-31,37,Permanent Resident,South Africa,80211727,N/A,N/A,N/A,N/A,N/A,mabuyakhululuyanda@co.za,767-882-4129,"4606 Gandhi Ithafa, Stellenbosch, 8675",Mbombela,Limpopo,1247,Armed forces operational officer,Zulu,N/A
'4606295506078,Lwandile,Mhlophe,Male,1946-06-29,79,Temporary Visa,South Africa,16496537,N/A,N/A,N/A,N/A,N/A,khukhuzanjabulo@za.net,2447181292,"305 Voortrekker Ithafa, iBhayi, 8615",Boksburg,Mpumalanga,8825,Licensed conveyancer,Zulu,N/A
'4209287746084,Jabulani,Boyabenyathi,Male,1942-09-28,82,Temporary Visa,South Africa,18770818,N/A,N/A,N/A,N/A,N/A,wezabhekisisa@africa.com,758.349.5756x766,"15 Somerset Ithafa, Krugersdorp, 2041",Benoni,Limpopo,5329,"Teacher, special educational needs",Zulu,N/A
'5711125282032,Luyanda,Nenzi,Male,1957-11-12,67,Citizen,South Africa,85942480,N/A,N/A,N/A,N/A,N/A,shombelavusumuzi@africa.com,001-495-621-8229x33487,"737 Smith Indawo, iBhayi, 3755",Mbombela,Western Cape,5919,"Designer, furniture",Zulu,N/A
'5905169547027,Jabulani,Lamula,Male,1959-05-16,66,Citizen,South Africa,43149242,N/A,N/A,N/A,N/A,N/A,thandazilethela@africa.com,5315791977,"86 Oxford Ithafa, Kathu, 1063",Soweto,Free State,1737,Editorial assistant,Zulu,N/A
'TV53029,Langalibalele,Manzini,Male,1988-04-24,37,Permanent Resident,Zimbabwe,ZI626652,Retirement Visa,2024-02-04,2025-06-15,VIS20272,N/A,makhobathembeka@zimbabwe.com,682.991.2614x9556,"31 Nelson Mandela Ithafa, iBhayi, 8226",Centurion,KwaZulu-Natal,9112,"Teacher, music",Zulu,17
'PR33621570,Thandeka,Nqumela,Female,1978-07-18,47,Citizen,Eswatini,89775231,Critical Skills Visa,2022-11-13,2032-11-10,PER45192,N/A,qkhabalidaka@org,(259)918-0744x23216,"15 Milner Umgwaqo, Sasolburg, 2911",Potchefstroom,Gauteng,9223,"Surveyor, commercial/residential",Zulu,11
'6012318266079,Bandile,Madlala,Male,1960-12-31,64,Citizen,South Africa,76906535,N/A,N/A,N/A,N/A,N/A,lwandile71@za.net,(666)912-6830x35067,"1410 Long Indawo, Randfontein, 6533",Welkom,Free State,1729,Operational investment banker,Zulu,N/A
'7410142539058,Dumisile,Nodlomo,Female,1974-10-14,50,Citizen,South Africa,55097259,N/A,N/A,N/A,N/A,N/A,mcebisi51@africa.com,(710)204-2577x159,"500 High Ithafa, Bloemfontein, 2519",uMgungundlovu,North West,1485,Web designer,Zulu,N/A
'6510015195040,Siyabonga,Mabhoko,Male,1965-10-01,59,Asylum Seeker,South Africa,65531028,N/A,N/A,N/A,N/A,N/A,olwethu17@co.za,(649)511-1632,"22 Somerset Ithafa, Welkom, 1867",eGoli,Eastern Cape,8496,Town planner,Zulu,N/A
'9908225979034,Langalibalele,Fihlela,Male,1999-08-22,26,Citizen,South Africa,43212522,N/A,N/A,N/A,N/A,N/A,zakhele12@co.za,4905981733,"815 Joseph Indlela, eThekwini, 1548",Bethlehem,Mpumalanga,2069,"Producer, radio",Zulu,N/A
'TV79433,Thembisile,Gcaba,Female,1983-08-15,42,Permanent Resident,Malawi,40391983,Study Visa,2023-05-20,2023-10-22,VIS11920,N/A,bhekokwakhe93@com,(330)263-8792x64796,"714 Jan Smuts Indlela, Centurion, 7862",Vanderbijlpark,KwaZulu-Natal,7739,Network engineer,Zulu,5
'4812189975098,Lwandile,Khwela,Male,1948-12-18,76,Citizen,South Africa,59963480,N/A,N/A,N/A,N/A,N/A,nomcebobhungane@co.za,529-454-9150,"955 Voortrekker Indlela, Kathu, 4949",uMgungundlovu,North West,7785,Private music teacher,Zulu,N/A
'7803010738036,Olwethu,Phathwayo,Female,1978-03-01,47,Citizen,South Africa,21196572,N/A,N/A,N/A,N/A,N/A,mshibenothando@za.net,208.956.5137x2926,"8697 Charles Umgwaqo, Thohoyandou, 9195",Paarl,KwaZulu-Natal,5123,Lawyer,Zulu,N/A
'AS237452,Mnqobi,Sithuli,Female,1995-02-21,30,Citizen,Lesotho,63662549,Asylum Seeker Permit,2023-12-07,2025-12-06,ASP19804,Rejected,nomathemba87@com,+1-974-213-6238x9421,"924 Queen Indawo, Bethlehem, 7659",Bethlehem,Western Cape,8412,Structural engineer,Zulu,0
'TV67232,Laure,Moreno,Female,1995-01-26,30,Permanent Resident,United States,507759608,Study Visa,2024-05-24,2026-03-04,VIS22974,N/A,rollandsusan@us.com,+33 4 98 52 66 38,"73, rue de Boutin, 48320 Gallet",Sainte Paulboeuf,KwaZulu-Natal,11220,gendarme,French,7
'9102129927065,Sphiwe,Mashinini,Male,1991-02-12,34,Citizen,South Africa,84345198,N/A,N/A,N/A,N/A,N/A,owethu74@za.net,(792)874-7089,"75 Church Isitaladi, Witbank, 3926",Kathu,Gauteng,3383,Chief Technology Officer,Zulu,N/A
'9103305453021,Thabani,Malambule,Male,1991-03-30,34,Citizen,South Africa,83693150,N/A,N/A,N/A,N/A,N/A,mthiyagugulethu@co.za,(463)953-5272,"921 Queen Indlela, Uitenhage, 9106",Middelburg,Mpumalanga,6494,Psychotherapist,Zulu,N/A
'TV72078,Nozizwe,Sibalukhulu,Female,2002-03-11,23,Citizen,Malawi,90107005,Corporate Visa,2024-11-02,2027-02-07,VIS69828,N/A,ngazithaminenhle@net,479.718.3713,"1183 James Indawo, Benoni, 7318",Vanderbijlpark,KwaZulu-Natal,3455,"Civil engineer, contracting",Zulu,10
'7608189094072,S'fiso,Mashinini,Male,1976-08-18,49,Citizen,South Africa,94976640,N/A,N/A,N/A,N/A,N/A,fcebekhulu@za.net,212-228-8501,"488 Voortrekker Isitaladi, Middelburg, 3781",Polokwane,North West,4843,Geophysicist/field seismologist,Zulu,N/A
'6207228160075,Langalibalele,Menziwa,Male,1962-07-22,63,Citizen,South Africa,59735985,N/A,N/A,N/A,N/A,N/A,lwandilesishangwe@co.za,(914)879-0630,"9810 Stanley Indlela, Klerksdorp, 2248",Uitenhage,Free State,1199,"Psychotherapist, child",Zulu,N/A
'8311223061018,Zakhele,Meyiwa,Female,1983-11-22,41,Permanent Resident,South Africa,41419041,N/A,N/A,N/A,N/A,N/A,bmbembe@co.za,+1-879-696-0701x1753,"1161 Milner Isitaladi, Benoni, 8887",Bloemfontein,KwaZulu-Natal,7836,Solicitor,Zulu,N/A
'PR76315768,Robert,Pruvost,Male,1989-03-10,36,Citizen,United States,447094133,Corporate Visa,2023-12-02,2033-11-29,PER67089,N/A,cousinchristophe@com,+33 1 77 76 90 43,"914, rue de Chrétien, 26480 Delannoy-sur-Voisin",Marion,Gauteng,53595,enseignant-chercheur,French,18
'8406038284006,Zenzele,Mgabhi,Male,1984-06-03,41,Citizen,South Africa,99556647,N/A,N/A,N/A,N/A,N/A,sibusisiwe32@co.za,+1-586-607-8139x8998,"1401 Napier Indawo, Springs, 9764",Upington,Free State,7511,"Sales professional, IT",Zulu,N/A
'9804163615013,Nkazimulo,Mabhoko,Female,1998-04-16,27,Permanent Resident,South Africa,45533657,N/A,N/A,N/A,N/A,N/A,sikhosanasiyabonga@africa.com,7812253807,"454 Edward Ithafa, Boksburg, 4198",Welkom,Free State,1503,Publishing rights manager,Zulu,N/A
'4810237768032,Mandla,Sangwani,Male,1948-10-23,76,Citizen,South Africa,22412350,N/A,N/A,N/A,N/A,N/A,mbilinomcebo@africa.com,(516)675-8952,"6440 Walter Sisulu Ithafa, Klerksdorp, 8882",Stellenbosch,Mpumalanga,9303,Careers adviser,Zulu,N/A
'AS823550,Thandeka,Nyembezi,Female,1987-12-16,37,Permanent Resident,Lesotho,16009944,Asylum Seeker Permit,2023-08-11,2025-08-10,ASP29193,Rejected,hlongwamcebisi@net,(339)447-3226,"157 Milner Isitaladi, Newcastle, 7367",Mbombela,Western Cape,3162,Set designer,Zulu,8
'8005237342071,Sibonelo,Onjengenyamazane,Male,1980-05-23,45,Permanent Resident,South Africa,22462116,N/A,N/A,N/A,N/A,N/A,lngcamane@co.za,+1-894-306-0056x0393,"4885 Charles Ithafa, Krugersdorp, 5271",Bethlehem,Western Cape,7508,"Designer, blown glass/stained glass",Zulu,N/A
'6109193196091,Nkazimulo,Mnquhe,Female,1961-09-19,63,Citizen,South Africa,87962744,N/A,N/A,N/A,N/A,N/A,tgambuse@africa.com,531-401-4442,"7521 Victoria Isitaladi, Boksburg, 1193",Chatsworth,Mpumalanga,8531,"Engineer, civil (consulting)",Zulu,N/A
'0108256746047,Thabani,Shabane,Male,2001-08-25,24,Citizen,South Africa,46005993,N/A,N/A,N/A,N/A,N/A,londiwesishangwe@za.net,246-503-6797,"6812 Elizabeth Indlela, Welkom, 1078",uMgungundlovu,Eastern Cape,6654,Equities trader,Zulu,N/A
'0407074401004,Busisiwe,Ndlala,Female,2004-07-07,21,Citizen,South Africa,99177963,N/A,N/A,N/A,N/A,N/A,znkwakha@co.za,001-395-788-4458x8814,"89 Long Umgwaqo, Soweto, 3296",Paarl,Northern Cape,7764,Records manager,Zulu,N/A
'AS256603,Thalente,Gubhuza,Male,1989-11-27,35,Citizen,Tanzania,21334135,Asylum Seeker Permit,2024-03-31,2026-03-31,ASP54839,Under Review,sihawukelembeje@org,492.237.8614,"86 Gandhi Indawo, iBhayi, 1736",Springs,Northern Cape,9097,Camera operator,Zulu,11
'8205225478047,Musa,Gasa,Male,1982-05-22,43,Permanent Resident,South Africa,57205154,N/A,N/A,N/A,N/A,N/A,nozizwe92@co.za,+1-220-744-0018x48859,"4208 Prince Indlela, Centurion, 9955",Sasolburg,Limpopo,4696,Environmental manager,Zulu,N/A
'7906255979049,Thalente,Mgazi,Male,1979-06-25,46,Permanent Resident,South Africa,22457391,N/A,N/A,N/A,N/A,N/A,nyembesandile@africa.com,(367)574-0514x2575,"63 Church Isitaladi, uMgungundlovu, 3489",eThekwini,Limpopo,6195,Aeronautical engineer,Zulu,N/A
'PR75697622,Olwethu,Mhlanga,Female,1986-04-23,39,Citizen,Malawi,16246843,Relative's Visa,2023-08-13,2033-08-10,PER82823,N/A,vsithole@net,001-782-850-8593,"21 Elizabeth Isitaladi, Mahikeng, 1063",Musina,Free State,5494,Forensic psychologist,Zulu,11
'9904155374033,Sandile,Mcusi,Male,1999-04-15,26,Citizen,South Africa,68897118,N/A,N/A,N/A,N/A,N/A,zmavela@za.net,001-395-364-6622,"7717 Gandhi Indlela, eGoli, 7034",Uitenhage,KwaZulu-Natal,4730,Print production planner,Zulu,N/A
'0404242218058,Londisizwe,Miya,Female,2004-04-24,21,Citizen,South Africa,29220977,N/A,N/A,N/A,N/A,N/A,sithembiso78@za.net,(933)407-7539,"59 Nelson Mandela Indawo, eThekwini, 4099",Kathu,Northern Cape,4058,"Copywriter, advertising",Zulu,N/A
'4601308034080,Lwandile,Made,Male,1946-01-30,79,Citizen,South Africa,67152630,N/A,N/A,N/A,N/A,N/A,ukhuba@za.net,431-878-2372x14180,"649 Charles Umgwaqo, Kathu, 4085",Benoni,Mpumalanga,2330,"Engineer, structural",Zulu,N/A
'5205261183091,Olwethu,Dimba,Female,1952-05-26,73,Asylum Seeker,South Africa,97545555,N/A,N/A,N/A,N/A,N/A,mzamoayanda@co.za,937-418-8844x06885,"257 Commissioner Indawo, uMgungundlovu, 1193",iKapa,Mpumalanga,5449,"Psychotherapist, dance movement",Zulu,N/A
'0403031999036,Ndumiso,Hangala,Female,2004-03-03,21,Permanent Resident,South Africa,38245368,N/A,N/A,N/A,N/A,N/A,busisiwe96@za.net,+1-561-256-2737x4661,"2019 Frere Isitaladi, Soweto, 4548",iKapa,Limpopo,9612,Clinical embryologist,Zulu,N/A
'9011279183051,Bhekani,Ncwaba,Male,1990-11-27,34,Citizen,South Africa,13539448,N/A,N/A,N/A,N/A,N/A,bhebhemcebisi@africa.com,660-822-5180,"843 York Umgwaqo, eGoli, 6247",eThekwini,Western Cape,1597,Geochemist,Zulu,N/A
'0001108621065,Nhlanhla,Khuzwayo,Male,2000-01-10,25,Citizen,South Africa,53074632,N/A,N/A,N/A,N/A,N/A,gasasilondile@za.net,341-928-7490,"455 President Umgwaqo, Bethlehem, 4347",Middelburg,Eastern Cape,6741,Public librarian,Zulu,N/A
'6101036723099,Sibonelo,Ntaka,Male,1961-01-03,64,Citizen,South Africa,77899030,N/A,N/A,N/A,N/A,N/A,mncubemzamo@co.za,001-836-634-1861x47216,"71 West Umgwaqo, Chatsworth, 3350",Benoni,Gauteng,7332,"Education officer, environmental",Zulu,N/A
'8408287051059,Andile,Mthabela,Male,1984-08-28,41,Citizen,South Africa,79466710,N/A,N/A,N/A,N/A,N/A,amgenge@africa.com,8085267050,"957 Walter Sisulu Ithafa, Bloemfontein, 7252",Kathu,Northern Cape,7774,Barrister's clerk,Zulu,N/A
'TV36176,Bhekani,Nkumane,Male,1996-07-27,29,Permanent Resident,Zimbabwe,ZI654624,Retirement Visa,2024-04-23,2025-01-22,VIS67533,N/A,thalentenkomo@co.zw,222-541-3502x4438,"23 Paul Kruger Isitaladi, Krugersdorp, 7967",Middelburg,Limpopo,8921,Amenity horticulturist,Zulu,7
'7607115497064,Mlungisi,Ngwane,Male,1976-07-11,49,Citizen,South Africa,90293596,N/A,N/A,N/A,N/A,N/A,mthembukhanyisile@co.za,001-390-477-1232,"904 Paul Kruger Isitaladi, Soweto, 2147",Klerksdorp,KwaZulu-Natal,7633,Local government officer,Zulu,N/A
'PR79711106,Roger,Gosselin,Male,1984-11-03,40,Citizen,United Kingdom,215479671,Retirement Visa,2025-07-01,2035-06-29,PER88022,N/A,valentinmargaux@uk.com,04 80 90 73 18,"88, rue Collet, 23393 ChrétienBourg",Guilbert,KwaZulu-Natal,85542,éducateur sportif sportive des activités aquatiques et de la natation,French,10
'6410267393015,Thalente,Nsibanyoni,Male,1964-10-26,60,Citizen,South Africa,65861056,N/A,N/A,N/A,N/A,N/A,mdlanyokazakhele@co.za,916-486-2181x901,"771 Paul Kruger Indawo, Upington, 9646",Welkom,Northern Cape,7565,"Nurse, mental health",Zulu,N/A
'6505064757075,Bhekokwakhe,Shinga,Female,1965-05-06,60,Temporary Visa,South Africa,98039379,N/A,N/A,N/A,N/A,N/A,gntombela@co.za,280.616.5679x0011,"471 Churchill Indawo, iKapa, 2040",Randfontein,Gauteng,2301,Merchant navy officer,Zulu,N/A
'5707231224017,Thalente,Makhunga,Female,1957-07-23,68,Citizen,South Africa,53077310,N/A,N/A,N/A,N/A,N/A,siyabonga46@co.za,(637)871-3291,"111 Edward Ithafa, eGoli, 2401",Witbank,Free State,8942,Hospital pharmacist,Zulu,N/A
'TV36855,Agathe,Bonnin,Female,1974-01-20,51,Citizen,United States,395848104,Study Visa,2023-06-24,2024-04-28,VIS41062,N/A,legercorinne@com,+33 6 46 28 00 99,"381, rue Collin, 65205 Saint Sabine",Collin,North West,56921,ingénieur matériaux,French,6
'7706238215027,Vusumuzi,Jokiwe,Male,1977-06-23,48,Citizen,South Africa,90324133,N/A,N/A,N/A,N/A,N/A,khanyisilemadondo@za.net,302-994-7449x2670,"89 Oxford Isitaladi, Springs, 7892",Randfontein,Northern Cape,7568,Phytotherapist,Zulu,N/A
'PR12035907,Zinhle,Ntaka,Female,1970-01-12,55,Citizen,Kenya,K4299980,Critical Skills Visa,2022-10-26,2032-10-23,PER50148,N/A,psangwani@co.ke,876.981.8311x52899,"64 West Ithafa, Bethlehem, 4331",Vereeniging,KwaZulu-Natal,5282,Soil scientist,Zulu,14
'PR98346090,Lungile,Gabhezi,Male,2003-07-18,22,Asylum Seeker,Nigeria,N4583351,Corporate Visa,2024-09-04,2034-09-02,PER87608,N/A,luyandamagwaza@com.ng,936-533-6309,"559 High Indawo, eGoli, 7521",George,North West,5944,Quarry manager,Zulu,8
'6706021052081,Londisizwe,Yengwa,Female,1967-06-02,58,Citizen,South Africa,12730493,N/A,N/A,N/A,N/A,N/A,owethuncwane@za.net,678-787-5545x942,"59 Paul Kruger Isitaladi, Potchefstroom, 4786",Boksburg,Northern Cape,1480,Dramatherapist,Zulu,N/A
'4506015020036,Bhekani,Mntambo,Male,1945-06-01,80,Citizen,South Africa,37612492,N/A,N/A,N/A,N/A,N/A,lmaphanga@za.net,453-996-1906x16525,"36 Main Ithafa, Paarl, 2025",Kathu,Eastern Cape,3067,Careers adviser,Zulu,N/A
'4503033102017,Siphesihle,Khathide,Female,1945-03-03,80,Citizen,South Africa,37137703,N/A,N/A,N/A,N/A,N/A,lwandile56@za.net,+1-692-802-5587x85970,"54 President Isitaladi, eThekwini, 1903",Polokwane,Limpopo,5946,Building control surveyor,Zulu,N/A
'PR72959354,Luís,Leite,Male,1991-06-23,34,Citizen,Mozambique,MO268822,Work Visa,2024-07-13,2034-07-11,PER13628,N/A,fmatos@mozambique.com,+351929524959,"Avenida Nogueira, 2, 9087-939 Évora",Mirandela,Northern Cape,5024-139,Compositor,Portuguese,11
'8007272312091,Ndumiso,Madondo,Female,1980-07-27,45,Permanent Resident,South Africa,94576674,N/A,N/A,N/A,N/A,N/A,noxolo54@co.za,001-600-972-2872x0135,"41 Rivonia Ithafa, Benoni, 3609",Soweto,North West,2480,Farm manager,Zulu,N/A
'AS829003,शेखर,बनर्जी,Male,2001-09-25,23,Citizen,India,30235940,Asylum Seeker Permit,2024-12-30,2026-12-30,ASP31423,Interview Scheduled,bljoshii@india.com,08742552173,"0709 भटनागर, अलीगढ 665487",चंबा,Mpumalanga,402148,Photographer,Hindi,19
'9712202593095,Nomathemba,Nomndayi,Female,1997-12-20,27,Citizen,South Africa,48287680,N/A,N/A,N/A,N/A,N/A,dmsweli@co.za,501.404.8115x859,"64 Elizabeth Ithafa, Musina, 8011",Middelburg,Mpumalanga,2934,Mechanical engineer,Zulu,N/A
'9511085961083,Mandla,Shazi,Male,1995-11-08,29,Citizen,South Africa,54062399,N/A,N/A,N/A,N/A,N/A,nkamzwayothalente@za.net,001-879-681-7495x601,"628 Gandhi Indawo, iBhayi, 3313",Newcastle,Northern Cape,9063,Printmaker,Zulu,N/A
'PR40865176,Sebastião,Esteves,Male,2001-01-23,24,Citizen,Mozambique,MO209199,Study Visa,2022-12-16,2032-12-13,PER24398,N/A,tomasnascimento@co.mz,(351) 912828795,"Travessa Flor Soares, 42, 5989-390 Guarda",Oliveira do Hospital,North West,6521-027,Ator,Portuguese,11
'7110025016032,Sibusiso,Mthalane,Male,1971-10-02,53,Temporary Visa,South Africa,84880143,N/A,N/A,N/A,N/A,N/A,nomasonto30@africa.com,588.988.2953x05237,"8835 Frere Indawo, iBhayi, 2734",Paarl,Northern Cape,9163,Government social research officer,Zulu,N/A
'TV72481,Nothando,Thela,Female,1974-04-21,51,Citizen,Malawi,82388142,Retirement Visa,2024-02-29,2025-12-05,VIS21138,N/A,bhekani14@org,+1-413-557-2341x4133,"7112 Napier Umgwaqo, uMgungundlovu, 5430",Mahikeng,North West,5418,"Accountant, chartered",Zulu,0
'5808166456060,Sibusiso,Ndiyema,Male,1958-08-16,67,Asylum Seeker,South Africa,89021349,N/A,N/A,N/A,N/A,N/A,bophelanonjabulo@za.net,705.406.9079,"107 Victoria Umgwaqo, Benoni, 1095",George,Eastern Cape,8260,Purchasing manager,Zulu,N/A
'PR64865305,Felix,Kusch,Male,1993-06-28,32,Citizen,Germany,359530614,Relative's Visa,2022-11-27,2032-11-24,PER38405,N/A,xadolph@de,+49 (0) 7868 056584,"Römergasse 40, 77940 Geithain",Hechingen,Western Cape,91952,Bankkaufmann,German,14
'PR39989349,Sibongile,Ntshiza,Female,1988-09-09,37,Citizen,Tanzania,11201820,Critical Skills Visa,2023-09-29,2033-09-26,PER55820,N/A,simphiwe88@net,395.546.1153x5399,"646 York Ithafa, Potchefstroom, 1772",iKapa,KwaZulu-Natal,7364,"Designer, fashion/clothing",Zulu,19
'7402039166054,Zenzele,Mkholo,Male,1974-02-03,51,Citizen,South Africa,25490343,N/A,N/A,N/A,N/A,N/A,omasondo@africa.com,(510)585-3142x66473,"30 Voortrekker Umgwaqo, Witbank, 1040",iKapa,Western Cape,1717,"Teacher, early years/pre",Zulu,N/A
'6307106184045,Sandile,Mjadu,Male,1963-07-10,62,Citizen,South Africa,26842126,N/A,N/A,N/A,N/A,N/A,rmangena@co.za,386.538.4563x645,"56 Smith Umgwaqo, Thohoyandou, 8501",Tembisa,Eastern Cape,4915,"Nurse, adult",Zulu,N/A
'5107063748098,Bhekisisa,Madiba,Female,1951-07-06,74,Citizen,South Africa,41234409,N/A,N/A,N/A,N/A,N/A,amahle15@za.net,341.552.4658x97420,"94 Jan Smuts Ithafa, Uitenhage, 8474",Thohoyandou,Free State,9736,Dance movement psychotherapist,Zulu,N/A
'TV66748,Asta,Heidrich,Female,1995-03-27,30,Citizen,Germany,144522147,Relative's Visa,2022-11-20,2025-06-24,VIS53698,N/A,rrust@de,+49(0)3174002361,"Ludger-Johann-Gasse 6/1, 46559 Rosenheim",Borna,Mpumalanga,47520,Arzt,German,13
'PR38067708,Sibusiso,Maluleka,Male,1974-09-28,50,Citizen,Tanzania,44273397,Work Visa,2023-05-09,2033-05-06,PER32269,N/A,dludlunomcebo@net,326-427-1308x342,"91 Jan Smuts Isitaladi, Benoni, 1234",Kimberley,Limpopo,5731,"Surveyor, quantity",Zulu,2
'5011153655082,Nomathalente,Phuthini,Female,1950-11-15,74,Citizen,South Africa,83074353,N/A,N/A,N/A,N/A,N/A,thembekilehlatshwayo@co.za,338.504.9607,"10 Prince Isitaladi, Kathu, 4905",Vereeniging,Mpumalanga,7730,"Physicist, medical",Zulu,N/A
'6304174662022,Nomthandazo,Mcusi,Female,1963-04-17,62,Citizen,South Africa,33277992,N/A,N/A,N/A,N/A,N/A,mdlamane@co.za,399.945.6177x7004,"531 Nelson Mandela Ithafa, Bethlehem, 3921",George,Western Cape,5526,Legal executive,Zulu,N/A
'4204109446061,Bandile,Gasa,Male,1942-04-10,83,Citizen,South Africa,85577287,N/A,N/A,N/A,N/A,N/A,ndlalasithembiso@co.za,214.289.1429,"753 Elizabeth Isitaladi, Sasolburg, 6732",Chatsworth,Free State,8416,"Production designer, theatre/television/film",Zulu,N/A
'0106239755046,Sibusiso,Phuthini,Male,2001-06-23,24,Citizen,South Africa,54333810,N/A,N/A,N/A,N/A,N/A,njabulo40@africa.com,2069173721,"3304 Frere Ithafa, Upington, 8013",Tembisa,Free State,5155,"Programmer, applications",Zulu,N/A
'PR80305040,Cláudio,Amaral,Male,1981-06-29,44,Permanent Resident,Mozambique,MO662034,Work Visa,2024-01-04,2034-01-01,PER49548,N/A,victoria40@mozambique.com,(351) 939 444 620,"Avenida Vera Pacheco, 36, 5146-888 Espinho",Lagos,North West,9208-403,Secretário administrativo e executivo,Portuguese,11
'6706047234034,Sandile,Ntshangase,Male,1967-06-04,58,Temporary Visa,South Africa,59505292,N/A,N/A,N/A,N/A,N/A,thabisa82@za.net,(238)744-9475x51208,"365 Rivonia Umgwaqo, Uitenhage, 1492",Potchefstroom,Limpopo,5540,Physiological scientist,Zulu,N/A
'8001305558067,Vusumuzi,Guliwe,Male,1980-01-30,45,Citizen,South Africa,86850980,N/A,N/A,N/A,N/A,N/A,tgabadela@za.net,(455)960-4692x02913,"74 Thomas Indawo, Centurion, 2271",Musina,Northern Cape,7136,Recruitment consultant,Zulu,N/A
'6306099947043,Jabulani,Khezokhulu,Male,1963-06-09,62,Citizen,South Africa,96140497,N/A,N/A,N/A,N/A,N/A,mngomathuthukile@africa.com,+1-374-492-4644,"16 Victoria Isitaladi, uMgungundlovu, 4759",Randfontein,Free State,4814,Advertising account executive,Zulu,N/A
'TV88140,Sibonelo,Mbatha,Male,2003-06-20,22,Permanent Resident,Lesotho,34919511,Retirement Visa,2025-07-22,2027-05-02,VIS47500,N/A,bhekisisashengele@net,823.231.2886x238,"290 Smith Indlela, Polokwane, 8698",Vereeniging,Limpopo,9714,Occupational therapist,Zulu,7
'8401125236016,Langalibalele,Masibekela,Male,1984-01-12,41,Citizen,South Africa,82143425,N/A,N/A,N/A,N/A,N/A,khadebe@za.net,+1-730-834-7539x545,"1485 Charles Indawo, Paarl, 4621",Upington,KwaZulu-Natal,7903,Farm manager,Zulu,N/A
'AS328111,Nomagugu,Nzimande,Female,1984-07-13,41,Citizen,Somalia,93893362,Asylum Seeker Permit,2022-10-16,2024-10-15,ASP11033,Appeal Pending,nthusini@org,4624415103,"5965 Rivonia Umgwaqo, iBhayi, 2988",uMgungundlovu,Free State,4658,Personal assistant,Zulu,8
'PR24250418,Pénélope,Moulin,Female,1999-02-07,26,Asylum Seeker,United Kingdom,456635609,Corporate Visa,2022-11-13,2032-11-10,PER34902,N/A,paulette33@uk.com,0559708584,"96, rue Moreno, 32532 Bertin",Duval-sur-Gosselin,Eastern Cape,54517,conseiller en génétique,French,12
'6912071026057,Mnqobi,Macingwane,Female,1969-12-07,55,Citizen,South Africa,15234192,N/A,N/A,N/A,N/A,N/A,fmazalankosi@za.net,+1-921-842-4326x23711,"908 Frere Isitaladi, Welkom, 5349",Rustenburg,Northern Cape,1682,Psychiatrist,Zulu,N/A
'TV73373,Thandeka,Mzukase,Female,1977-10-07,47,Citizen,Zimbabwe,ZI802253,Study Visa,2025-07-28,2025-11-16,VIS13383,N/A,nobuhlephuthini@zimbabwe.com,+1-812-238-9520x037,"340 Rivonia Umgwaqo, Boksburg, 4505",Boksburg,KwaZulu-Natal,3410,"Scientist, audiological",Zulu,14
'0403027189016,Minenhle,Amahle,Male,2004-03-02,21,Citizen,South Africa,69975083,N/A,N/A,N/A,N/A,N/A,xmshiyane@africa.com,251-241-8979,"60 Main Indawo, Thohoyandou, 1342",iBhayi,Western Cape,8957,Psychotherapist,Zulu,N/A
'PR43867586,Thandeka,Mnqayi,Female,1992-03-22,33,Temporary Visa,Zimbabwe,ZI843663,Relative's Visa,2024-11-26,2034-11-24,PER95928,N/A,hlongwanenomathalente@co.zw,2487630433,"7325 Thomas Isitaladi, Musina, 5126",Potchefstroom,KwaZulu-Natal,5435,"Biochemist, clinical",Zulu,10
'4705151843014,Gugu,Ayize,Female,1947-05-15,78,Citizen,South Africa,76327927,N/A,N/A,N/A,N/A,N/A,dumisani08@africa.com,+1-815-531-4049x471,"5314 William Indlela, Potchefstroom, 9950",Paarl,Western Cape,6330,Proofreader,Zulu,N/A
'8502069964077,Mandlakhe,Shoyisa,Male,1985-02-06,40,Citizen,South Africa,97937593,N/A,N/A,N/A,N/A,N/A,musambokazi@za.net,(527)611-0578x43349,"62 West Indawo, eThekwini, 7667",Kathu,Northern Cape,1708,Air broker,Zulu,N/A
'4509127703050,Minenhle,Mawewe,Male,1945-09-12,80,Citizen,South Africa,65570622,N/A,N/A,N/A,N/A,N/A,rmajozi@africa.com,+1-774-524-6161x9497,"165 Frere Umgwaqo, Vanderbijlpark, 7384",Rustenburg,Western Cape,2600,Medical technical officer,Zulu,N/A
'5205042967004,Mnqobi,Khonjwayo,Female,1952-05-04,73,Asylum Seeker,South Africa,45468972,N/A,N/A,N/A,N/A,N/A,londiwe47@africa.com,839.510.8488,"7220 Elizabeth Isitaladi, Kathu, 3863",Tembisa,Eastern Cape,8283,"Engineer, maintenance",Zulu,N/A
'7309149931065,Thando,Mahlobo,Male,1973-09-14,51,Citizen,South Africa,58109195,N/A,N/A,N/A,N/A,N/A,nenenomvula@za.net,+1-561-548-8804,"385 Milner Ithafa, George, 2507",iKapa,North West,1138,Chief Financial Officer,Zulu,N/A
'PR90594205,Marthe,Moulin,Female,2004-08-09,21,Temporary Visa,United Kingdom,136173398,Retirement Visa,2024-08-06,2034-08-04,PER71286,N/A,kcollin@uk.com,0586223720,"59, rue Bernard, 41535 Saint Inès",Lebonnec,KwaZulu-Natal,03806,salesman,French,3
'0010297303037,Vusumuzi,Makhanya,Male,2000-10-29,24,Permanent Resident,South Africa,39521991,N/A,N/A,N/A,N/A,N/A,zinhle80@co.za,836.465.8501x0570,"2968 Short Indlela, Sasolburg, 7817",Welkom,Western Cape,5119,Equality and diversity officer,Zulu,N/A
'6505110183045,Dumisani,Ludonga,Female,1965-05-11,60,Citizen,South Africa,95323101,N/A,N/A,N/A,N/A,N/A,siphesihlemzilankatha@co.za,6744429748,"580 Elizabeth Indlela, iBhayi, 6274",Witbank,KwaZulu-Natal,5736,Proofreader,Zulu,N/A
'5712285255008,Musa,Macingwane,Male,1957-12-28,67,Citizen,South Africa,77860694,N/A,N/A,N/A,N/A,N/A,vusumuzi50@za.net,(273)551-2599x77316,"2485 Commissioner Indawo, iKapa, 6113",Middelburg,Mpumalanga,6117,Public librarian,Zulu,N/A
'PR71485689,Suzanne,Köhler,Female,1993-09-04,32,Citizen,Germany,280168757,Business Visa,2025-03-13,2035-03-11,PER88450,N/A,krokerfranka@de,05084 99883,"Gülsen-Hoffmann-Allee 78, 72350 Gunzenhausen",Göttingen,Mpumalanga,38525,Bankkaufmann,German,20
'4303158966000,Njabulo,Gcumisa,Male,1943-03-15,82,Permanent Resident,South Africa,30648389,N/A,N/A,N/A,N/A,N/A,gabhezithabisa@africa.com,726.583.4165x040,"4779 Victoria Isitaladi, Sasolburg, 8986",Klerksdorp,KwaZulu-Natal,5780,Clinical cytogeneticist,Zulu,N/A
'AS390353,Zenzele,Mafulela,Male,1973-01-10,52,Citizen,Zimbabwe,ZI706326,Asylum Seeker Permit,2022-10-07,2024-10-06,ASP59557,Interview Scheduled,nnene@co.zw,+1-443-970-4852x778,"4094 Main Umgwaqo, Boksburg, 5236",Kathu,Mpumalanga,2473,Advertising art director,Zulu,3
'TV98982,Aimé,Petitjean,Male,1981-03-04,44,Citizen,Democratic Republic of Congo,86727713,Business Visa,2025-01-03,2026-10-24,VIS15490,N/A,denisede-sousa@org,+33 3 44 42 08 06,"74, rue Pénélope Lebreton, 56105 Duval",Saint Denis,North West,12374,attaché d'administration,French,2
'4312173627003,Thembile,Ndima,Female,1943-12-17,81,Citizen,South Africa,14380701,N/A,N/A,N/A,N/A,N/A,vusumuzimshazi@co.za,(984)445-6787x563,"591 Gandhi Indawo, Mahikeng, 1210",Kathu,Free State,9412,Control and instrumentation engineer,Zulu,N/A
'7009152051003,Nomathemba,Hlongwa,Female,1970-09-15,54,Permanent Resident,South Africa,31363498,N/A,N/A,N/A,N/A,N/A,sibusiso04@za.net,001-648-919-3553,"88 Milner Isitaladi, Witbank, 3749",Bloemfontein,Gauteng,3072,Race relations officer,Zulu,N/A
'PR74488657,Nobantu,Nyathi,Female,1971-11-14,53,Citizen,Ghana,G5509574,Study Visa,2025-01-07,2035-01-05,PER67100,N/A,amahlemdakane@com.gh,(507)985-9099x89149,"18 Victoria Indawo, Welkom, 1131",Bethlehem,Free State,4028,Quality manager,Zulu,8
'PR64022266,Céline,Aubert,Female,1981-07-22,44,Citizen,United Kingdom,812777375,Retirement Visa,2024-01-22,2034-01-19,PER73973,N/A,dominique14@uk.com,0255520083,"75, rue de Berger, 89175 Lacroix",Martel-les-Bains,Northern Cape,04186,danseur,French,12
'4005084932070,Thandazile,Bantwini,Female,1940-05-08,85,Citizen,South Africa,55143744,N/A,N/A,N/A,N/A,N/A,sibongilenyathi@africa.com,322-635-0551,"2559 York Ithafa, Benoni, 1469",iKapa,Eastern Cape,1264,Industrial/product designer,Zulu,N/A
'4403059337012,Mcebisi,Sikwayo,Male,1944-03-05,81,Asylum Seeker,South Africa,11041246,N/A,N/A,N/A,N/A,N/A,mathibelanokulunga@africa.com,978.509.7437x918,"46 Jan Smuts Isitaladi, Klerksdorp, 3120",Middelburg,Limpopo,2986,Mining engineer,Zulu,N/A
'8707132535021,Olwethu,Mabaso,Female,1987-07-13,38,Citizen,South Africa,84776972,N/A,N/A,N/A,N/A,N/A,bhekizizwe89@africa.com,(969)456-8888,"990 Churchill Indawo, Uitenhage, 5922",Vanderbijlpark,Northern Cape,3641,Energy engineer,Zulu,N/A
'6911019648033,Nhlanhla,Gabela,Male,1969-11-01,55,Citizen,South Africa,59765312,N/A,N/A,N/A,N/A,N/A,mhlophelondiwe@za.net,001-674-772-8074x5269,"106 Paul Kruger Indawo, Mahikeng, 1100",iKapa,Free State,6760,Geoscientist,Zulu,N/A
'7902251969026,Nonjabulo,Ndabase,Female,1979-02-25,46,Asylum Seeker,South Africa,41536941,N/A,N/A,N/A,N/A,N/A,tholenobuhle@za.net,8415165680,"552 Oxford Indlela, Welkom, 7529",Kathu,KwaZulu-Natal,3135,Advertising art director,Zulu,N/A
'PR23468674,Leandro,Antunes,Male,1973-07-09,52,Citizen,Mozambique,MO497479,Retirement Visa,2022-09-28,2032-09-25,PER63804,N/A,brancogabriel@co.mz,(351) 937915489,"R. da Asprela, 36, 9323-265 Caldas da Rainha",Odivelas,Mpumalanga,3017-594,Técnico de radioterapia,Portuguese,4
'8910053676001,Thabisa,Maluleka,Female,1989-10-05,35,Citizen,South Africa,29012342,N/A,N/A,N/A,N/A,N/A,vmngwengwe@africa.com,6793540795,"8319 Main Umgwaqo, Welkom, 1674",Benoni,Northern Cape,1973,Recycling officer,Zulu,N/A
'8109047565007,SimphiweyiNkosi,Mathebela,Male,1981-09-04,44,Citizen,South Africa,95054433,N/A,N/A,N/A,N/A,N/A,vdube@co.za,3126327717,"6205 Nelson Mandela Ithafa, Mbombela, 6535",uMgungundlovu,Limpopo,2065,Software engineer,Zulu,N/A
'8306197490087,Langalibalele,Gazu,Male,1983-06-19,42,Asylum Seeker,South Africa,48596700,N/A,N/A,N/A,N/A,N/A,gugulethu06@africa.com,+1-306-672-7823,"8137 Walter Sisulu Indawo, eThekwini, 2260",Potchefstroom,KwaZulu-Natal,5090,Sports development officer,Zulu,N/A
'PR34017990,Sandile,Gugushe,Male,1974-11-02,50,Citizen,Ethiopia,40760335,Retirement Visa,2024-08-19,2034-08-17,PER92821,N/A,cnjapha@net,907.923.0104x905,"86 Edward Indawo, Mbombela, 5749",Chatsworth,Western Cape,5196,Teaching laboratory technician,Zulu,13
'4212176946080,Njabulo,Mawewe,Male,1942-12-17,82,Temporary Visa,South Africa,41310453,N/A,N/A,N/A,N/A,N/A,nomusandandali@co.za,4796514593,"611 Cecil Ithafa, Vereeniging, 1082",iKapa,Gauteng,9363,"Librarian, public",Zulu,N/A
'5206201442090,Siphesihle,Ntuli,Female,1952-06-20,73,Citizen,South Africa,52360428,N/A,N/A,N/A,N/A,N/A,bhekizizwethango@co.za,425.739.4967x7381,"9653 James Umgwaqo, Randfontein, 6505",Paarl,KwaZulu-Natal,4806,"Merchandiser, retail",Zulu,N/A
'PR48589274,Nhlanhla,Ndlela,Male,1977-12-03,47,Citizen,Somalia,40605032,Work Visa,2022-11-08,2032-11-05,PER29785,N/A,sibonelo86@net,(878)529-8618,"355 George Ithafa, Krugersdorp, 7771",Randfontein,Limpopo,8459,Building control surveyor,Zulu,11
'AS909617,Charles,Gilbert,Male,1989-01-18,36,Asylum Seeker,United States,503365650,Asylum Seeker Permit,2024-04-28,2026-04-28,ASP94362,Refugee Status Granted,margaud34@com,0255624003,"93, chemin de Baron, 54259 Saint Nicolenec",Sainte Nicole,Limpopo,54494,salesman,French,1
'TV45410,Nozizwe,Bhengu,Female,1989-02-06,36,Citizen,Zimbabwe,ZI357533,Critical Skills Visa,2025-04-18,2026-01-31,VIS43717,N/A,mzilathabisa@zimbabwe.com,(723)276-8009,"129 William Isitaladi, Centurion, 7320",Paarl,KwaZulu-Natal,4089,Broadcast presenter,Zulu,15
'TV21684,Françoise,Martinez,Female,1978-02-14,47,Citizen,Democratic Republic of Congo,99130495,Retirement Visa,2024-07-23,2027-01-08,VIS63488,N/A,celine69@com,+33 5 17 33 76 02,"8, avenue Margaud Guillou, 19204 GrégoireBourg",Jacques,KwaZulu-Natal,78609,chargé de pharmacovigilance,French,7
'8901029763033,Siyabonga,Gumede,Male,1989-01-02,36,Citizen,South Africa,20230130,N/A,N/A,N/A,N/A,N/A,ymashiya@za.net,(695)205-6033x9523,"50 James Ithafa, Benoni, 2470",Potchefstroom,KwaZulu-Natal,8574,Economist,Zulu,N/A
'4405092780020,Thembile,Mbhulangwe,Female,1944-05-09,81,Citizen,South Africa,89158711,N/A,N/A,N/A,N/A,N/A,ndinisazenzele@za.net,(834)961-6853x8299,"196 Stanley Ithafa, Witbank, 8412",Benoni,North West,9554,Firefighter,Zulu,N/A
'9905271786046,Noxolo,Khonjwayo,Female,1999-05-27,26,Citizen,South Africa,72094619,N/A,N/A,N/A,N/A,N/A,sibongile75@co.za,4978185243,"541 High Umgwaqo, Springs, 6594",Krugersdorp,Gauteng,2781,Environmental manager,Zulu,N/A
'4210052546055,Thabisa,Nkumane,Female,1942-10-05,82,Citizen,South Africa,83556474,N/A,N/A,N/A,N/A,N/A,ogabhisa@africa.com,001-366-820-4585x28047,"119 Paul Kruger Isitaladi, Welkom, 3749",Benoni,Northern Cape,1345,Special effects artist,Zulu,N/A
'0305260929082,Nozibusiso,Gwamanda,Female,2003-05-26,22,Citizen,South Africa,64219253,N/A,N/A,N/A,N/A,N/A,cmfeka@africa.com,(450)863-1100,"1480 Milner Indawo, Chatsworth, 3137",Sasolburg,KwaZulu-Natal,8691,Biomedical engineer,Zulu,N/A
'8905095054038,Mzamo,Khathini,Male,1989-05-09,36,Permanent Resident,South Africa,48437198,N/A,N/A,N/A,N/A,N/A,jbikelwayo@za.net,001-640-550-7910x557,"632 Napier Indawo, Musina, 6904",Mahikeng,Free State,5929,Magazine features editor,Zulu,N/A
'PR67776047,Zibuyile,Mnyamande,Female,1987-10-24,37,Asylum Seeker,Tanzania,27155478,Corporate Visa,2023-07-05,2033-07-02,PER57970,N/A,thembekilemanana@org,934.892.0405x3929,"89 Churchill Isitaladi, Potchefstroom, 5229",Uitenhage,Eastern Cape,9913,Naval architect,Zulu,1
'AS180605,François,Gonzalez,Male,1994-11-13,30,Asylum Seeker,United States,457348202,Asylum Seeker Permit,2023-08-07,2025-08-06,ASP90157,Refugee Status Granted,clemence03@com,0179759202,"12, chemin de Navarro, 43150 Jacob",Lejeune,North West,89833,assistant de gestion en PME,French,13
'PR80227247,Zenzile,Gama,Female,1994-11-26,30,Citizen,Tanzania,35516384,Retirement Visa,2023-10-18,2033-10-15,PER16720,N/A,xmathebula@com,667.823.0968x77846,"73 William Indawo, Springs, 2285",eThekwini,Northern Cape,3026,"Engineer, maintenance (IT)",Zulu,17
'4210042409084,Thembeka,Magoza,Female,1942-10-04,82,Temporary Visa,South Africa,37211582,N/A,N/A,N/A,N/A,N/A,silondile81@co.za,001-698-237-9678x61574,"9809 James Isitaladi, Upington, 8765",Kathu,Eastern Cape,1878,"Surveyor, insurance",Zulu,N/A
'5101165806042,Sibusiso,Thabekhulu,Male,1951-01-16,74,Citizen,South Africa,14631417,N/A,N/A,N/A,N/A,N/A,abhejelibomvu@africa.com,(579)380-3969x2490,"60 Commissioner Umgwaqo, Stellenbosch, 8861",Bethlehem,Free State,9704,Network engineer,Zulu,N/A
'0404099808094,Mlungisi,Mbulaze,Male,2004-04-09,21,Citizen,South Africa,30962725,N/A,N/A,N/A,N/A,N/A,dlambulanomalanga@za.net,001-757-347-4994x91036,"1081 William Indawo, Krugersdorp, 5406",Kimberley,Mpumalanga,2353,Art therapist,Zulu,N/A
'0202088045083,Mthokozisi,Mehloluhlaza,Male,2002-02-08,23,Citizen,South Africa,99738722,N/A,N/A,N/A,N/A,N/A,hanele@za.net,+1-720-460-9325x544,"2328 Church Indawo, Polokwane, 6595",Paarl,Limpopo,2952,Marketing executive,Zulu,N/A
'6307218661003,Sibonelo,Bophela,Male,1963-07-21,62,Permanent Resident,South Africa,73135307,N/A,N/A,N/A,N/A,N/A,nomthandazomanana@za.net,6288605965,"535 Joseph Isitaladi, iBhayi, 1893",Stellenbosch,Limpopo,9192,Health physicist,Zulu,N/A
'PR94292819,Nomvula,Mdlanyoka,Female,1975-06-22,50,Temporary Visa,Botswana,BO596790,Relative's Visa,2024-09-18,2034-09-16,PER30835,N/A,engcemu@com,(995)427-7427x0944,"427 Queen Ithafa, Centurion, 4489",iKapa,Mpumalanga,2089,"Designer, industrial/product",Zulu,12
'PR65566009,Bhekizizwe,Sibindi,Female,1987-01-22,38,Citizen,Nigeria,N9729043,Corporate Visa,2025-02-17,2035-02-15,PER45569,N/A,hangalaandile@com.ng,001-844-876-4606x091,"4578 Church Indawo, Bloemfontein, 2993",Musina,Western Cape,6682,Special effects artist,Zulu,17
'TV18188,Zenzile,Mnyandu,Female,1974-11-22,50,Permanent Resident,Tanzania,71046113,Work Visa,2024-06-22,2026-06-14,VIS22809,N/A,londisizwejiyane@org,327-543-8290x6192,"935 Edward Indlela, iBhayi, 5555",eThekwini,Mpumalanga,5909,"Social research officer, government",Zulu,13
'7009077748037,Sphiwe,Mzolo,Male,1970-09-07,55,Citizen,South Africa,77913334,N/A,N/A,N/A,N/A,N/A,jabulanimshengu@africa.com,252.982.3101,"4065 Voortrekker Isitaladi, Randfontein, 7572",Welkom,Gauteng,7486,Risk manager,Zulu,N/A
'4304111928010,Thandazile,Sondisa,Female,1943-04-11,82,Citizen,South Africa,10083311,N/A,N/A,N/A,N/A,N/A,ambhulangwe@za.net,+1-362-660-9738,"52 Charles Indlela, Springs, 8079",Welkom,KwaZulu-Natal,5066,Fitness centre manager,Zulu,N/A
'AS630078,Zenzele,Mgabadeli,Male,1977-11-08,47,Citizen,Eswatini,29728815,Asylum Seeker Permit,2024-03-03,2026-03-03,ASP23516,Appeal Pending,bandile97@org,+1-815-957-7445,"57 Prince Umgwaqo, Musina, 1636",Krugersdorp,Mpumalanga,3763,Dealer,Zulu,6
'7208299376065,Sphiwe,Fanisa,Male,1972-08-29,53,Citizen,South Africa,26201746,N/A,N/A,N/A,N/A,N/A,thandeka61@co.za,(463)819-3067,"76 Elizabeth Isitaladi, Mahikeng, 4720",Klerksdorp,Mpumalanga,1012,Customer service manager,Zulu,N/A
'TV15803,Thabani,Mshengu,Male,1998-11-21,26,Citizen,Kenya,K2687145,Critical Skills Visa,2023-06-05,2025-12-18,VIS67959,N/A,mjaduvusumuzi@co.ke,+1-506-301-3090x673,"1910 Thomas Ithafa, Thohoyandou, 2025",George,Mpumalanga,8108,"Designer, furniture",Zulu,10
'8205296817096,Sibonelo,Mphazima,Male,1982-05-29,43,Permanent Resident,South Africa,64441596,N/A,N/A,N/A,N/A,N/A,vmasondo@co.za,482-916-8885x30732,"9178 George Umgwaqo, Potchefstroom, 2286",Mahikeng,Limpopo,9416,Bookseller,Zulu,N/A
'8305168776016,Mzamo,Manzi,Male,1983-05-16,42,Citizen,South Africa,38268209,N/A,N/A,N/A,N/A,N/A,silondile81@co.za,+1-484-744-1881x73973,"5242 Church Indlela, Klerksdorp, 1056",Mbombela,KwaZulu-Natal,7183,Hydrologist,Zulu,N/A
'PR57357997,Thabisa,Mnquhe,Female,1984-07-08,41,Citizen,Malawi,16364567,Critical Skills Visa,2024-04-07,2034-04-05,PER12228,N/A,thabani71@org,493-937-4398x174,"578 West Umgwaqo, Middelburg, 6613",Uitenhage,Free State,4937,Public relations officer,Zulu,17
'5604154804093,Nomasonto,Vunisa,Female,1956-04-15,69,Citizen,South Africa,30298763,N/A,N/A,N/A,N/A,N/A,mthokozisi43@africa.com,3043363511,"5277 Napier Indawo, Musina, 3128",uMgungundlovu,Gauteng,5723,"Social research officer, government",Zulu,N/A
'6610287695068,Minenhle,Sijadu,Male,1966-10-28,58,Citizen,South Africa,72047848,N/A,N/A,N/A,N/A,N/A,ngobisimusa@africa.com,+1-234-309-9765x29760,"5819 Thomas Isitaladi, Vereeniging, 1998",Soweto,KwaZulu-Natal,3225,Software engineer,Zulu,N/A
'9212160195088,Nomalanga,Madondo,Female,1992-12-16,32,Citizen,South Africa,39815874,N/A,N/A,N/A,N/A,N/A,sandilemngwemkhulu@africa.com,(782)466-6442x99199,"9864 Smith Umgwaqo, iBhayi, 3443",Boksburg,Mpumalanga,5330,Clinical biochemist,Zulu,N/A
'8304051988087,Thembisile,Mazwi,Female,1983-04-05,42,Permanent Resident,South Africa,61867921,N/A,N/A,N/A,N/A,N/A,bmageba@africa.com,939-648-8431x8900,"8740 York Umgwaqo, Chatsworth, 6531",Springs,KwaZulu-Natal,6384,Research scientist (life sciences),Zulu,N/A
'0204252415075,Nkazimulo,Mahlalela,Female,2002-04-25,23,Citizen,South Africa,93868084,N/A,N/A,N/A,N/A,N/A,nmavela@co.za,528-544-0395,"5058 Stanley Indawo, Klerksdorp, 1583",Bloemfontein,Limpopo,4837,Legal secretary,Zulu,N/A
'PR78862476,Mlungisi,Mjadu,Male,1973-08-18,52,Citizen,Zambia,58230656,Relative's Visa,2024-04-03,2034-04-01,PER67268,N/A,mabhodlanqobizitha@com,415.715.3529,"246 York Ithafa, iKapa, 1636",Springs,Eastern Cape,5969,Dietitian,Zulu,1
'AS287440,Dorothée,Maillet,Female,2003-06-03,22,Citizen,United Kingdom,459281621,Asylum Seeker Permit,2025-01-22,2027-01-22,ASP73889,Rejected,qgautier@uk.com,+33 5 32 32 18 48,"832, chemin Virginie Joly, 75831 Lombard-les-Bains",Bègue,Mpumalanga,60680,sportif de haut niveau,French,0
'PR13243063,Silondile,Vilakazi,Female,1997-08-24,28,Citizen,Nigeria,N2831907,Relative's Visa,2024-11-21,2034-11-19,PER83876,N/A,mayiselasibusisiwe@nigeria.com,339.511.4173x4527,"12 Charles Isitaladi, Rustenburg, 9594",Soweto,Western Cape,2478,"Engineer, aeronautical",Zulu,6
'8403081502027,Owethu,Majoka,Female,1984-03-08,41,Citizen,South Africa,47141548,N/A,N/A,N/A,N/A,N/A,bcibane@africa.com,3497389125,"3717 Albertina Sisulu Indlela, Musina, 3210",Rustenburg,Northern Cape,8788,Fashion designer,Zulu,N/A
'4810095418047,Sibusiso,Xulu,Male,1948-10-09,76,Citizen,South Africa,66358960,N/A,N/A,N/A,N/A,N/A,evundla@africa.com,921-784-9871,"436 Commissioner Isitaladi, Sasolburg, 2977",eThekwini,Northern Cape,8750,Ship broker,Zulu,N/A
'PR17845509,Sphiwe,Shelembe,Male,2002-08-02,23,Citizen,Lesotho,75984139,Retirement Visa,2022-12-07,2032-12-04,PER21334,N/A,jabulaninkwakha@org,2909422708,"9885 Somerset Ithafa, Boksburg, 4433",Vereeniging,Gauteng,1526,Recruitment consultant,Zulu,3
'PR70532145,Luyanda,Mthinti,Male,1984-01-05,41,Citizen,Zimbabwe,ZI428974,Critical Skills Visa,2023-03-01,2033-02-26,PER33149,N/A,zakheleshezi@zimbabwe.com,370.924.5602x40746,"448 Thomas Indawo, Mahikeng, 7825",Bethlehem,KwaZulu-Natal,7918,Museum education officer,Zulu,12
'9407285085037,Mzamo,Mvuyana,Male,1994-07-28,31,Permanent Resident,South Africa,20096204,N/A,N/A,N/A,N/A,N/A,magujwathuthukile@africa.com,706.759.5390x755,"720 Napier Indawo, Soweto, 7829",Centurion,Limpopo,6334,Computer games developer,Zulu,N/A
'TV67909,Gugulethu,Bhungane,Female,1973-07-11,52,Permanent Resident,Ethiopia,41971314,Relative's Visa,2023-06-22,2025-08-23,VIS93835,N/A,cmalembe@com,654-701-0062,"72 Smith Isitaladi, Springs, 2984",Kathu,Eastern Cape,6384,Facilities manager,Zulu,20
'0305318010050,Lungile,Phoswa,Male,2003-05-31,22,Permanent Resident,South Africa,41048131,N/A,N/A,N/A,N/A,N/A,thandekalangeni@za.net,+1-413-748-6781x9343,"9189 Napier Ithafa, Potchefstroom, 6362",Mbombela,Western Cape,9464,Charity fundraiser,Zulu,N/A
'TV61462,Mcebisi,Nkumane,Male,1999-12-09,25,Permanent Resident,Tanzania,26201102,Work Visa,2023-10-06,2024-09-15,VIS18514,N/A,omsomi@com,(435)270-8439x8375,"1745 William Isitaladi, Welkom, 9926",Mahikeng,Gauteng,6449,Travel agency manager,Zulu,19
'7504226737003,Thabani,Hhoyiyane,Male,1975-04-22,50,Asylum Seeker,South Africa,33328957,N/A,N/A,N/A,N/A,N/A,sphiwe73@za.net,721.846.8166x053,"7787 Walter Sisulu Umgwaqo, Bethlehem, 3645",Newcastle,KwaZulu-Natal,8589,"Editor, film/video",Zulu,N/A
'6303027271002,Lwandile,Dlamane,Male,1963-03-02,62,Citizen,South Africa,28317170,N/A,N/A,N/A,N/A,N/A,thembekilenombela@co.za,2578572211,"353 President Indawo, Vereeniging, 7342",Mahikeng,KwaZulu-Natal,1754,Transport planner,Zulu,N/A
'9306179835046,Vusumuzi,Sibeko,Male,1993-06-17,32,Citizen,South Africa,59156318,N/A,N/A,N/A,N/A,N/A,gthumbela@africa.com,230-288-2977,"67 Paul Kruger Umgwaqo, Witbank, 7918",Upington,Free State,7680,Architect,Zulu,N/A
'PR85724113,Simone,Marty,Female,2003-10-09,21,Citizen,United Kingdom,910838958,Business Visa,2025-07-06,2035-07-04,PER81629,N/A,icosta@uk.com,+33 5 24 23 37 92,"309, boulevard de Besson, 21766 Saint André-la-Forêt",Labbé,Eastern Cape,02741,professeur dans l'enseignement agricole,French,20
'5911109005054,Thabani,Mlotshwa,Male,1959-11-10,65,Citizen,South Africa,39244506,N/A,N/A,N/A,N/A,N/A,silondilebiyela@africa.com,001-329-313-6121x96353,"44 Jan Smuts Indlela, Sasolburg, 9892",Stellenbosch,Mpumalanga,9745,"Engineer, biomedical",Zulu,N/A
'9502217226039,Bandile,Ayize,Male,1995-02-21,30,Citizen,South Africa,22746952,N/A,N/A,N/A,N/A,N/A,sphiwe80@co.za,406.885.5566x29845,"7101 Napier Ithafa, Middelburg, 4258",George,Northern Cape,4507,"Biochemist, clinical",Zulu,N/A
'5503072486026,Thalente,Delwayo,Female,1955-03-07,70,Temporary Visa,South Africa,28914009,N/A,N/A,N/A,N/A,N/A,zenzele15@co.za,+1-627-894-2214x455,"18 Edward Isitaladi, Klerksdorp, 2510",Soweto,KwaZulu-Natal,4350,"Therapist, speech and language",Zulu,N/A
'4507026832018,Bhekani,Fakude,Male,1945-07-02,80,Citizen,South Africa,52529621,N/A,N/A,N/A,N/A,N/A,fsibindi@za.net,(343)889-8442,"6584 Rivonia Indawo, uMgungundlovu, 1498",Newcastle,Limpopo,9740,Careers information officer,Zulu,N/A
'5407222730002,Nonjabulo,Mgilija,Female,1954-07-22,71,Citizen,South Africa,53753605,N/A,N/A,N/A,N/A,N/A,mandlakhegoba@africa.com,001-946-780-5189x314,"5909 Albertina Sisulu Indawo, Vanderbijlpark, 9196",Polokwane,Mpumalanga,1679,"Radiographer, diagnostic",Zulu,N/A
'4409126637038,Minenhle,Mathula,Male,1944-09-12,81,Citizen,South Africa,70776576,N/A,N/A,N/A,N/A,N/A,sgatsheni@africa.com,754-298-3334x71856,"5290 Stanley Umgwaqo, Thohoyandou, 7476",Newcastle,Mpumalanga,7884,Building control surveyor,Zulu,N/A
'4407201696071,Busisiwe,Gina,Female,1944-07-20,81,Permanent Resident,South Africa,39899039,N/A,N/A,N/A,N/A,N/A,mandlakhe52@za.net,(748)338-3264x2486,"3609 Clarence Umgwaqo, iBhayi, 8955",Kathu,KwaZulu-Natal,3430,Art therapist,Zulu,N/A
'0102224418089,Sibusisiwe,Mdlalose,Female,2001-02-22,24,Citizen,South Africa,16651846,N/A,N/A,N/A,N/A,N/A,owethunonyana@co.za,455-617-6831,"5705 Long Isitaladi, Vereeniging, 8736",Tembisa,Northern Cape,7032,Telecommunications researcher,Zulu,N/A
'8111031288053,Nobuhle,Mbuyisa,Female,1981-11-03,43,Citizen,South Africa,99623082,N/A,N/A,N/A,N/A,N/A,nomathalentengobisi@co.za,+1-334-360-1487x36981,"95 High Indlela, eGoli, 4544",Krugersdorp,Free State,1988,Call centre manager,Zulu,N/A
'7202189312012,Mthokozisi,Nodlomo,Male,1972-02-18,53,Asylum Seeker,South Africa,64470231,N/A,N/A,N/A,N/A,N/A,thandazilefakude@co.za,(901)557-2535x593,"1945 Thomas Indawo, iKapa, 8641",iBhayi,Western Cape,5571,"Designer, ceramics/pottery",Zulu,N/A
'4705129530019,Lwandile,Khonjwayo,Male,1947-05-12,78,Citizen,South Africa,51411366,N/A,N/A,N/A,N/A,N/A,mzilathandiwe@co.za,459-967-0748x4514,"97 Nelson Mandela Ithafa, Welkom, 2567",Bloemfontein,Limpopo,1848,Advertising art director,Zulu,N/A
'5411115013090,Jabulani,Gcaleka,Male,1954-11-11,70,Citizen,South Africa,23463105,N/A,N/A,N/A,N/A,N/A,jabulani15@africa.com,(705)704-0042,"868 Napier Umgwaqo, Kathu, 1200",Boksburg,Northern Cape,5198,"Radiographer, diagnostic",Zulu,N/A
'0306155210027,Bhekani,Goba,Male,2003-06-15,22,Citizen,South Africa,26646293,N/A,N/A,N/A,N/A,N/A,busisiwemfeka@za.net,4749988421,"5217 Adelaide Ithafa, Bloemfontein, 8082",Kimberley,Mpumalanga,8955,"Teacher, primary school",Zulu,N/A
'0305015797093,Zenzele,Guliwe,Male,2003-05-01,22,Citizen,South Africa,56078779,N/A,N/A,N/A,N/A,N/A,msindazwesandile@za.net,658.869.1801,"8689 Victoria Indawo, Benoni, 6799",Welkom,North West,4727,Medical sales representative,Zulu,N/A
'PR78738924,Aurore,Hubert,Female,1981-11-02,43,Temporary Visa,Democratic Republic of Congo,28090569,Retirement Visa,2023-10-06,2033-10-03,PER16547,N/A,ylecoq@net,0156028663,"10, chemin Lacombe, 97694 Fabre-sur-Étienne",Saint Lorraine,Gauteng,58864,expert immobilier immobilier,French,20
'0409246327094,Thando,Ngubane,Male,2004-09-24,20,Citizen,South Africa,16030806,N/A,N/A,N/A,N/A,N/A,ndlondlobhekizizwe@africa.com,(568)865-4775x86165,"3300 Adelaide Isitaladi, iKapa, 1044",Polokwane,Gauteng,4675,Forest/woodland manager,Zulu,N/A
'8311141337003,Thembile,Malambule,Female,1983-11-14,41,Citizen,South Africa,70877447,N/A,N/A,N/A,N/A,N/A,nomcebo51@co.za,973.760.1905x89493,"3849 Rivonia Umgwaqo, Tembisa, 4286",Boksburg,Northern Cape,9021,Civil Service administrator,Zulu,N/A
'PR25643644,Minenhle,Jamasijadu,Male,2003-06-12,22,Citizen,Malawi,96602834,Business Visa,2024-11-18,2034-11-16,PER52340,N/A,dumisilemathenjwa@com,001-710-232-4492x26692,"802 William Isitaladi, eGoli, 5997",Witbank,North West,5726,Dancer,Zulu,7
'4209166212060,Nhlanhla,Jokiwe,Male,1942-09-16,82,Citizen,South Africa,50740760,N/A,N/A,N/A,N/A,N/A,gamededumisile@africa.com,(604)788-2931,"7135 Somerset Indawo, Bloemfontein, 5869",Paarl,KwaZulu-Natal,9663,Civil Service fast streamer,Zulu,N/A
'PR44662919,Dumisani,Lamula,Female,2002-10-28,22,Temporary Visa,Ethiopia,19344594,Study Visa,2022-11-20,2032-11-17,PER43258,N/A,xluqe@net,292.920.3530x2393,"509 Somerset Indlela, Paarl, 9966",Upington,Gauteng,1497,Risk manager,Zulu,4
'PR93231010,Witold,Löffler,Male,1974-10-04,50,Citizen,Germany,194740057,Corporate Visa,2024-08-10,2034-08-08,PER54482,N/A,jmartin@germany.com,+49(0) 793725344,"Hamanngasse 3, 21449 Ebermannstadt",Rothenburg ob der Tauber,Eastern Cape,07062,Fleischer,German,17
'PR82083644,Silondile,Sabelo,Female,1970-05-14,55,Asylum Seeker,Somalia,44384510,Study Visa,2023-03-11,2033-03-08,PER40986,N/A,mnqobi63@com,242-586-0688,"11 Smith Isitaladi, Mahikeng, 5207",Rustenburg,Mpumalanga,3715,Advertising copywriter,Zulu,13
'4807046125061,Luyanda,Mavundla,Male,1948-07-04,77,Temporary Visa,South Africa,13690246,N/A,N/A,N/A,N/A,N/A,minenhle12@africa.com,(230)626-5928x53941,"837 Voortrekker Indawo, Newcastle, 5445",Polokwane,North West,1568,Freight forwarder,Zulu,N/A
'PR89326959,Thando,Sokhulu,Male,2002-01-07,23,Citizen,Malawi,52246812,Critical Skills Visa,2025-06-23,2035-06-21,PER87356,N/A,sibalukhulumlungisi@com,+1-675-553-5561x642,"862 West Isitaladi, eThekwini, 8760",Benoni,Free State,1990,"Designer, furniture",Zulu,7
'AS173591,Mandla,Mphazima,Male,1983-10-02,41,Citizen,Ghana,G3337398,Asylum Seeker Permit,2024-11-21,2026-11-21,ASP93186,Rejected,luyandacibane@com.gh,678.682.9407x65030,"31 Long Indlela, Tembisa, 6474",iKapa,Northern Cape,7745,Astronomer,Zulu,4
'TV83830,Vusumuzi,Nxumalo,Male,1999-05-14,26,Asylum Seeker,Zimbabwe,ZI970584,Critical Skills Visa,2025-01-07,2025-08-04,VIS15536,N/A,dindelathandeka@co.zw,(375)401-9924x1826,"747 Nelson Mandela Indlela, Newcastle, 1774",Bloemfontein,Gauteng,6916,Clinical molecular geneticist,Zulu,7
'9709237232009,Thando,Hlumakazi,Male,1997-09-23,27,Citizen,South Africa,81066894,N/A,N/A,N/A,N/A,N/A,isokhwebula@africa.com,+1-980-354-2650x715,"6903 Milner Isitaladi, Chatsworth, 3568",Springs,Gauteng,2381,Sales executive,Zulu,N/A
'8011195072079,Mthokozisi,Makhedama,Male,1980-11-19,44,Citizen,South Africa,86348802,N/A,N/A,N/A,N/A,N/A,maphalalazinhle@africa.com,+1-269-915-6754x280,"9540 Long Isitaladi, Vanderbijlpark, 4019",iKapa,Free State,2403,Secondary school teacher,Zulu,N/A
'PR68401983,Bhekisisa,Nombhoco,Female,1994-06-06,31,Permanent Resident,Zambia,34837670,Relative's Visa,2025-03-26,2035-03-24,PER13251,N/A,olwethungwekazi@com,215-296-4173x887,"18 Queen Isitaladi, Mahikeng, 9033",eThekwini,Limpopo,6430,Insurance claims handler,Zulu,7
'PR33158484,Luyanda,Sitolotolo,Male,2004-10-19,20,Asylum Seeker,Lesotho,59998086,Work Visa,2023-06-04,2033-06-01,PER37846,N/A,siyabonga39@net,515.716.0610,"715 Cecil Umgwaqo, Krugersdorp, 8592",Rustenburg,KwaZulu-Natal,9422,Actuary,Zulu,17
'TV97850,Bandile,Sondisa,Male,1996-10-23,28,Temporary Visa,Botswana,BO137833,Critical Skills Visa,2024-03-11,2026-04-29,VIS36192,N/A,dumisilechagwe@org,7255808017,"22 Churchill Ithafa, Sasolburg, 6327",Vereeniging,Eastern Cape,8612,"Engineer, communications",Zulu,6
'6806243955041,Nomvula,Manzi,Female,1968-06-24,57,Asylum Seeker,South Africa,20789741,N/A,N/A,N/A,N/A,N/A,bhekani23@africa.com,+1-800-498-8358x9459,"5544 Cecil Umgwaqo, Springs, 9017",Centurion,Limpopo,6709,Sports development officer,Zulu,N/A
'PR40445364,Mthokozisi,Mantshinga,Male,1982-08-25,43,Citizen,Ghana,G7943983,Work Visa,2023-08-31,2033-08-28,PER24341,N/A,andilemenziwa@com.gh,710-838-6735,"362 Smith Isitaladi, Krugersdorp, 5469",Boksburg,Northern Cape,8638,Video editor,Zulu,11
'TV98526,Thando,Ntuli,Male,1983-09-23,41,Citizen,Lesotho,16092933,Retirement Visa,2024-04-08,2025-12-28,VIS46220,N/A,zenzile22@com,+1-864-256-4123x25226,"70 President Ithafa, Chatsworth, 8842",Kathu,KwaZulu-Natal,8229,Chartered certified accountant,Zulu,9
'TV75576,Sibusisiwe,Gumede,Female,1976-05-02,49,Citizen,Malawi,31606733,Business Visa,2025-01-16,2025-10-14,VIS41267,N/A,zibuyilencwaba@com,910.404.3175,"628 High Isitaladi, Benoni, 5146",Centurion,Western Cape,9390,Systems analyst,Zulu,2
'4212224324073,Sithembiso,Sibisi,Female,1942-12-22,82,Citizen,South Africa,62318424,N/A,N/A,N/A,N/A,N/A,malevubhekizizwe@za.net,+1-746-317-1970x830,"41 Gandhi Ithafa, Welkom, 4797",iBhayi,Eastern Cape,3045,Multimedia specialist,Zulu,N/A
'PR87348566,Andile,Sontuli,Male,1981-04-09,44,Citizen,Somalia,36735750,Work Visa,2024-06-26,2034-06-24,PER64846,N/A,kholosenokulunga@net,+1-413-480-8620x99943,"4739 Joseph Umgwaqo, Centurion, 1291",Vereeniging,North West,5544,Production manager,Zulu,0
'TV71127,Thabisile,Nombhoco,Female,1971-01-01,54,Temporary Visa,Nigeria,N3946380,Relative's Visa,2023-05-16,2026-02-25,VIS37579,N/A,thembeka23@nigeria.com,884.249.4865x6560,"458 Short Indawo, Rustenburg, 8775",Kathu,KwaZulu-Natal,5190,Homeopath,Zulu,2
'4603167382035,Andile,Vundla,Male,1946-03-16,79,Citizen,South Africa,54160341,N/A,N/A,N/A,N/A,N/A,nomalanga78@co.za,(846)333-2122x18737,"3490 Long Umgwaqo, Bethlehem, 9952",Boksburg,KwaZulu-Natal,3600,Naval architect,Zulu,N/A
'TV70708,Owethu,Ntenga,Female,1980-12-29,44,Citizen,Somalia,47469169,Work Visa,2025-07-25,2028-03-08,VIS13556,N/A,londiwe35@net,001-270-538-2253,"90 Rivonia Indlela, Thohoyandou, 6335",Randfontein,Eastern Cape,6302,"Programmer, systems",Zulu,16
'5809098066074,Nhlanhla,Mlambo,Male,1958-09-09,67,Permanent Resident,South Africa,66743863,N/A,N/A,N/A,N/A,N/A,sgwacela@co.za,649.734.4334x152,"967 William Indawo, Newcastle, 1922",Rustenburg,Western Cape,2354,Pathologist,Zulu,N/A
'PR65375762,Nothando,Mayisela,Female,1974-04-22,51,Citizen,Somalia,17307073,Critical Skills Visa,2023-12-29,2033-12-26,PER16595,N/A,pmadinane@com,001-262-910-6652x0953,"9383 Clarence Isitaladi, Randfontein, 7135",Mahikeng,KwaZulu-Natal,3468,Forensic scientist,Zulu,10
'TV51950,Mzamo,Mayeza,Male,1987-04-25,38,Citizen,Nigeria,N2189231,Retirement Visa,2024-12-12,2025-11-26,VIS19082,N/A,sithulisiyabonga@com.ng,315-765-3809x58902,"126 High Umgwaqo, Soweto, 6446",Kimberley,Mpumalanga,8107,Financial manager,Zulu,5
'PR84752510,Nozizwe,Mzobe,Female,2000-01-17,25,Citizen,Zimbabwe,ZI294405,Corporate Visa,2024-11-04,2034-11-02,PER14560,N/A,ssompisi@co.zw,001-394-727-2471x351,"60 Oxford Indawo, Polokwane, 9990",Tembisa,Western Cape,2553,Geophysicist/field seismologist,Zulu,20
'PR27279258,Erika,Bauer,Female,1999-10-05,25,Permanent Resident,Germany,156181455,Corporate Visa,2023-09-27,2033-09-24,PER84520,N/A,kdoehn@de,06956 876605,"Annelies-Kramer-Ring 213, 79016 Diepholz",Osterburg,Limpopo,16463,Schornsteinfeger,German,11
'7805229436042,Siyabonga,Mkhumbuzi,Male,1978-05-22,47,Citizen,South Africa,48047179,N/A,N/A,N/A,N/A,N/A,qkhaba@africa.com,+1-837-818-3011x79822,"449 Short Indlela, Vanderbijlpark, 4337",Welkom,Gauteng,8808,Bookseller,Zulu,N/A
'8804126068004,Thabani,Mavela,Male,1988-04-12,37,Citizen,South Africa,15739998,N/A,N/A,N/A,N/A,N/A,engcemu@co.za,4917336970,"89 Paul Kruger Indawo, Randfontein, 1528",Centurion,Gauteng,7032,Senior tax professional/tax inspector,Zulu,N/A
'AS674780,Minenhle,Mnqamu,Male,1978-04-10,47,Citizen,Nigeria,N7890433,Asylum Seeker Permit,2024-12-12,2026-12-12,ASP95351,Interview Scheduled,nomathalenteshinga@com.ng,458.609.6965,"8238 Thomas Umgwaqo, Potchefstroom, 2383",Tembisa,Gauteng,8856,Haematologist,Zulu,5
'PR45741068,Harm,Eberhardt,Male,2002-02-22,23,Citizen,Germany,406010802,Business Visa,2024-06-01,2034-05-30,PER11723,N/A,metztheda@germany.com,00082 719672,"Schulzgasse 6/4, 70981 Hoyerswerda",Dessau,Western Cape,54022,Bäcker,German,8
'9010117920003,Sibonelo,Kweyama,Male,1990-10-11,34,Citizen,South Africa,61304989,N/A,N/A,N/A,N/A,N/A,exolo@africa.com,240-447-5620x5725,"77 Grey Indlela, Benoni, 7721",Potchefstroom,Gauteng,7960,Therapeutic radiographer,Zulu,N/A
'PR15837650,Bhekizizwe,Nhlapho,Female,1992-10-16,32,Citizen,Nigeria,N7622204,Critical Skills Visa,2025-07-07,2035-07-05,PER91486,N/A,thabanimzizi@com.ng,993.704.1397,"4080 Albertina Sisulu Umgwaqo, Boksburg, 9673",Chatsworth,Mpumalanga,3351,Fashion designer,Zulu,4
'8405177351048,Lungile,Mpunzana,Male,1984-05-17,41,Citizen,South Africa,37722394,N/A,N/A,N/A,N/A,N/A,sibongileanele@co.za,001-290-250-0632x189,"84 Grey Isitaladi, Boksburg, 7231",Polokwane,KwaZulu-Natal,5404,Minerals surveyor,Zulu,N/A
'AS169591,Antoinette,Grondin,Female,2001-05-10,24,Asylum Seeker,France,736670656,Asylum Seeker Permit,2023-08-11,2025-08-10,ASP36277,Rejected,lucy79@fr,0360351534,"4, chemin Charles Godard, 88727 Lacombe",Munozboeuf,Northern Cape,70576,ingénieur en acoustique,French,7
'PR44146692,Sibonelo,Jali,Male,2002-10-29,22,Citizen,Zambia,66847415,Retirement Visa,2023-01-18,2033-01-15,PER56113,N/A,ntshangasezenzile@org,858.972.6082,"34 Charles Indawo, Middelburg, 7938",Musina,KwaZulu-Natal,2449,Video editor,Zulu,15
'9001082440091,Bhekokwakhe,Thusini,Female,1990-01-08,35,Citizen,South Africa,76919557,N/A,N/A,N/A,N/A,N/A,luyandampikela@africa.com,995.844.7660x099,"42 Voortrekker Indlela, Welkom, 7454",Tembisa,Western Cape,8072,Surgeon,Zulu,N/A
'9402056779070,Vusumuzi,Ngwazi,Male,1994-02-05,31,Citizen,South Africa,32669530,N/A,N/A,N/A,N/A,N/A,mbokazithembekile@co.za,524-206-6941x99202,"4289 West Indlela, Mbombela, 7201",Musina,Gauteng,5223,Charity officer,Zulu,N/A
'0402158834099,Sibonelo,Ntenga,Male,2004-02-15,21,Citizen,South Africa,29316638,N/A,N/A,N/A,N/A,N/A,mthokozisi60@co.za,001-890-298-5231,"7473 James Indawo, Kimberley, 8000",Upington,Mpumalanga,6228,Video editor,Zulu,N/A
'6808131152089,Bhekokwakhe,Mhlongwane,Female,1968-08-13,57,Temporary Visa,South Africa,51583093,N/A,N/A,N/A,N/A,N/A,bhekisisajamasijadu@co.za,321-286-6786x38927,"5722 High Isitaladi, Bethlehem, 2954",eGoli,KwaZulu-Natal,3371,Dramatherapist,Zulu,N/A
'7606033047033,Sihawukele,Ayize,Female,1976-06-03,49,Citizen,South Africa,87087902,N/A,N/A,N/A,N/A,N/A,mcambijabulani@za.net,698.702.6064,"6911 Walter Sisulu Ithafa, Sasolburg, 4534",iBhayi,Free State,4992,"Engineer, site",Zulu,N/A
'6201129538054,Siyabonga,Ncube,Male,1962-01-12,63,Citizen,South Africa,50204006,N/A,N/A,N/A,N/A,N/A,thabisangungunyana@za.net,661.693.2969x9161,"877 Rivonia Umgwaqo, Kathu, 6530",Witbank,Free State,3398,Proofreader,Zulu,N/A
'9810115575086,Jabulani,Kheswa,Male,1998-10-11,26,Temporary Visa,South Africa,44591542,N/A,N/A,N/A,N/A,N/A,ncwabamcebisi@africa.com,310-225-9797,"78 Gandhi Indlela, Springs, 8126",Centurion,Free State,3332,Public affairs consultant,Zulu,N/A
'8902238253032,Jabulani,Kweyama,Male,1989-02-23,36,Permanent Resident,South Africa,98044622,N/A,N/A,N/A,N/A,N/A,mnqobinzuza@za.net,+1-728-300-6659,"518 Short Indlela, Welkom, 9223",Rustenburg,Mpumalanga,6841,Sport and exercise psychologist,Zulu,N/A
'7706059897061,Nhlanhla,Mayisela,Male,1977-06-05,48,Temporary Visa,South Africa,81684846,N/A,N/A,N/A,N/A,N/A,simphiweyinkosidlakela@za.net,001-291-645-9896,"4475 Thomas Ithafa, Chatsworth, 7402",Thohoyandou,Western Cape,7982,Chiropractor,Zulu,N/A
'4401272804043,Olwethu,Mthabela,Female,1944-01-27,81,Temporary Visa,South Africa,66216002,N/A,N/A,N/A,N/A,N/A,nomvula34@co.za,(453)241-1479x1369,"243 William Indawo, Kimberley, 6046",Bethlehem,Northern Cape,3412,"Psychologist, prison and probation services",Zulu,N/A
'AS999326,Bandile,Ntshangase,Male,1975-10-20,49,Citizen,Nigeria,N6145095,Asylum Seeker Permit,2024-10-18,2026-10-18,ASP33182,Under Review,musa86@nigeria.com,+1-391-597-6167x178,"18 Long Umgwaqo, Polokwane, 9944",iBhayi,North West,6578,"Designer, industrial/product",Zulu,7
'4601133698029,Mnqobi,Dlangamandla,Female,1946-01-13,79,Citizen,South Africa,12267715,N/A,N/A,N/A,N/A,N/A,gugumgobhozi@africa.com,001-739-391-6937x9867,"22 Paul Kruger Ithafa, eThekwini, 1424",Chatsworth,Eastern Cape,6482,"Scientist, research (maths)",Zulu,N/A
'4706123869027,Dumisile,Makhanya,Female,1947-06-12,78,Citizen,South Africa,69658171,N/A,N/A,N/A,N/A,N/A,zinhlemhlabandlovu@africa.com,209.352.3331x89879,"313 Nelson Mandela Indawo, uMgungundlovu, 3990",Kathu,Northern Cape,7605,"Embryologist, clinical",Zulu,N/A
'7811074830061,Nozibusiso,Dubazane,Female,1978-11-07,46,Citizen,South Africa,78827850,N/A,N/A,N/A,N/A,N/A,gmadondo@co.za,552.934.0210,"98 Edward Isitaladi, Newcastle, 2352",iKapa,Western Cape,3573,"Librarian, academic",Zulu,N/A
'7602142802084,Gugulethu,Ngcamu,Female,1976-02-14,49,Asylum Seeker,South Africa,25373229,N/A,N/A,N/A,N/A,N/A,nozizwe68@africa.com,8202004934,"7731 West Indlela, Vanderbijlpark, 9067",Vanderbijlpark,Mpumalanga,3454,Multimedia programmer,Zulu,N/A
'0001069185090,Thalente,Gwagwa,Male,2000-01-06,25,Citizen,South Africa,77841076,N/A,N/A,N/A,N/A,N/A,xuludumisani@za.net,8782616365,"90 Main Isitaladi, Stellenbosch, 2962",eThekwini,North West,8412,Airline pilot,Zulu,N/A
'TV73514,Mário,Barros,Male,1980-06-30,45,Permanent Resident,Mozambique,MO211373,Work Visa,2023-08-14,2026-03-28,VIS63095,N/A,angelaassuncao@co.mz,(351) 925 534 351,"Rua Tatiana Miranda, 879, 1963-369 Braga",Évora,Western Cape,4539-443,Pintor à pistola de superfícies,Portuguese,13
'PR79917833,Rita,Neves,Female,1992-09-19,32,Citizen,Mozambique,MO647834,Corporate Visa,2022-09-18,2032-09-15,PER56438,N/A,borgessofia@co.mz,968760828,"Largo Lima, 5, 0541-141 Loures",Amora,Gauteng,9941-583,Técnico de medicina nuclear,Portuguese,9
'9408073699068,Nkazimulo,Gwanyana,Female,1994-08-07,31,Permanent Resident,South Africa,12253639,N/A,N/A,N/A,N/A,N/A,jabulanintshangase@co.za,895.656.1150x17597,"91 Paul Kruger Indawo, Middelburg, 1284",George,Limpopo,9355,"Engineer, manufacturing",Zulu,N/A
'9601057219071,Thalente,Luvuno,Male,1996-01-05,29,Citizen,South Africa,11800484,N/A,N/A,N/A,N/A,N/A,ndandalithalente@africa.com,702-350-8988x419,"53 President Indlela, Klerksdorp, 3477",Newcastle,Gauteng,2199,Archivist,Zulu,N/A
'6203062549074,Sithembiso,Ngwane,Female,1962-03-06,63,Permanent Resident,South Africa,32873667,N/A,N/A,N/A,N/A,N/A,sonqandilesibusiso@co.za,867.217.1287x356,"3039 King Indlela, uMgungundlovu, 4096",Mbombela,Limpopo,7497,Chief Technology Officer,Zulu,N/A
'8109056497065,Bandile,Phakathwayo,Male,1981-09-05,44,Asylum Seeker,South Africa,67424144,N/A,N/A,N/A,N/A,N/A,smotha@africa.com,+1-391-693-6477x201,"9598 Victoria Ithafa, iBhayi, 6340",Soweto,Gauteng,6040,Quantity surveyor,Zulu,N/A
'8309049774023,Minenhle,Mphazima,Male,1983-09-04,42,Citizen,South Africa,83096059,N/A,N/A,N/A,N/A,N/A,ymzileni@za.net,+1-627-628-6746x99762,"546 Thomas Isitaladi, Paarl, 3892",Centurion,Limpopo,5095,Community education officer,Zulu,N/A
'PR48806498,Silondile,Bukhosini,Female,1979-09-13,46,Permanent Resident,Ghana,G5535844,Retirement Visa,2025-07-30,2035-07-28,PER47051,N/A,mahayenobantu@com.gh,817.534.8594,"80 Oxford Umgwaqo, Springs, 9532",Mbombela,Mpumalanga,3876,Ceramics designer,Zulu,11
'7201012894045,Thuthukile,Mahlase,Female,1972-01-01,53,Permanent Resident,South Africa,24578746,N/A,N/A,N/A,N/A,N/A,jabulani44@co.za,534.253.6997x606,"4986 Walter Sisulu Indawo, Rustenburg, 5491",Potchefstroom,Free State,4378,Ship broker,Zulu,N/A
'5705042417040,Thembile,Bikelwayo,Female,1957-05-04,68,Permanent Resident,South Africa,77916804,N/A,N/A,N/A,N/A,N/A,silondile23@co.za,001-756-206-6357x6640,"923 High Isitaladi, Rustenburg, 8755",eGoli,Western Cape,7790,"Doctor, general practice",Zulu,N/A
'TV64343,娟,张,Female,1991-05-26,34,Citizen,China,83620985,Corporate Visa,2024-12-13,2026-07-26,VIS15472,N/A,rren@com.cn,13252088088,内蒙古自治区太原市高坪六盘水街Q座 985551,旭县,Western Cape,704382,财务主管/总账主管,Mandarin,20
'4307124795066,Bhekokwakhe,Mphazima,Female,1943-07-12,82,Citizen,South Africa,82633419,N/A,N/A,N/A,N/A,N/A,thandazilentamonde@co.za,460-777-0537,"7457 Church Ithafa, Bethlehem, 3815",Newcastle,Free State,5379,Radio broadcast assistant,Zulu,N/A
'5310278780087,Zenzele,Tiba,Male,1953-10-27,71,Citizen,South Africa,57881236,N/A,N/A,N/A,N/A,N/A,mpilasimphiweyinkosi@co.za,598.373.1854x5379,"376 Adelaide Ithafa, Rustenburg, 9209",Uitenhage,Mpumalanga,1651,Animal technologist,Zulu,N/A
'AS516220,Hugues,Leleu,Male,2002-07-25,23,Citizen,France,270801688,Asylum Seeker Permit,2023-05-19,2025-05-18,ASP53628,Appeal Pending,zpoulain@france.com,+33 (0)7 60 26 96 06,"254, rue Marc Moreno, 60660 Da CostaBourg",Barbenec,Limpopo,43552,attaché territorial territoriale,French,7
'9109203109077,Sithembiso,Myeza,Female,1991-09-20,33,Temporary Visa,South Africa,77716150,N/A,N/A,N/A,N/A,N/A,lwandile47@africa.com,(759)829-5220x976,"22 Jan Smuts Umgwaqo, Polokwane, 3353",Boksburg,Limpopo,5383,Medical sales representative,Zulu,N/A
'4507177109054,Mandlakhe,Ngwazi,Male,1945-07-17,80,Citizen,South Africa,81620947,N/A,N/A,N/A,N/A,N/A,thandekamsani@africa.com,987-885-3542x02892,"458 George Indawo, Middelburg, 2948",Thohoyandou,Eastern Cape,4132,Materials engineer,Zulu,N/A
'TV13905,Dumisile,Ntshingila,Female,1982-08-15,43,Permanent Resident,Somalia,37650360,Work Visa,2023-11-17,2025-06-24,VIS55454,N/A,thabisilekhathide@org,754-404-0634x2752,"631 Main Isitaladi, Welkom, 8797",eGoli,North West,6690,Curator,Zulu,5
'6904066462057,SimphiweyiNkosi,Mnyandu,Male,1969-04-06,56,Citizen,South Africa,93256278,N/A,N/A,N/A,N/A,N/A,tmagubane@za.net,7677012583,"7309 Voortrekker Indlela, Stellenbosch, 1530",Stellenbosch,KwaZulu-Natal,8342,Chartered accountant,Zulu,N/A
'6110207892092,Lungile,Hlengwa,Male,1961-10-20,63,Temporary Visa,South Africa,55513529,N/A,N/A,N/A,N/A,N/A,nndlanya@africa.com,874.634.1981x6193,"325 Albertina Sisulu Ithafa, Bethlehem, 5515",Vereeniging,Mpumalanga,3260,Visual merchandiser,Zulu,N/A
'0511080861056,Zinhle,Nzima,Female,2005-11-08,19,Citizen,South Africa,13330884,N/A,N/A,N/A,N/A,N/A,luyanda16@africa.com,+1-514-503-5166,"2940 James Indlela, Uitenhage, 6847",Upington,Eastern Cape,8155,Passenger transport manager,Zulu,N/A
'4605192732042,Nokulunga,Ngungunyana,Female,1946-05-19,79,Citizen,South Africa,58361081,N/A,N/A,N/A,N/A,N/A,nkazimulo55@co.za,996-679-8041x7572,"201 Rivonia Indawo, Randfontein, 3834",iKapa,Northern Cape,3252,"Optician, dispensing",Zulu,N/A
'9003284962005,Thembile,Khulu,Female,1990-03-28,35,Asylum Seeker,South Africa,49847285,N/A,N/A,N/A,N/A,N/A,qgumbi@africa.com,001-598-739-2659,"32 Victoria Isitaladi, Kathu, 9362",Centurion,Eastern Cape,3452,Broadcast journalist,Zulu,N/A
'TV15291,अरुण,श्रीवास्तव,Male,2005-11-05,19,Citizen,India,98751073,Retirement Visa,2022-12-29,2025-01-13,VIS50439,N/A,mistriiussaa@india.com,+91 980 3659667,"06/60 पाण्डेय, अलांग 118088",भद्रक,Northern Cape,237150,"Education officer, museum",Hindi,17
'4101017304040,Vusumuzi,Dlodlo,Male,1941-01-01,84,Temporary Visa,South Africa,69453745,N/A,N/A,N/A,N/A,N/A,mcebisi54@africa.com,917.992.5757x4992,"528 Queen Indawo, Uitenhage, 3638",Vereeniging,Western Cape,8889,Medical technical officer,Zulu,N/A
'TV64013,Sibonelo,Shibase,Male,1999-12-18,25,Citizen,Botswana,BO417624,Critical Skills Visa,2023-09-30,2025-08-21,VIS91119,N/A,qmashinini@com,466.516.6555,"14 Gandhi Umgwaqo, eThekwini, 5869",Centurion,Free State,5283,Police officer,Zulu,9
'9103175979032,Thabani,Mathaba,Male,1991-03-17,34,Citizen,South Africa,71400526,N/A,N/A,N/A,N/A,N/A,makhedamagugulethu@za.net,001-449-688-2637x318,"1497 Elizabeth Umgwaqo, Musina, 5963",Vanderbijlpark,Western Cape,7104,Media buyer,Zulu,N/A
'PR54465117,Roland,Marty,Male,1988-12-18,36,Citizen,Democratic Republic of Congo,13059450,Corporate Visa,2023-05-11,2033-05-08,PER93836,N/A,elise96@net,02 96 02 67 34,"45, avenue Élise Hardy, 24134 DiasBourg",Courtois,Western Cape,88905,visiteur médical médicale,French,5
'PR61442390,Thembeka,Njiki,Female,2005-12-31,19,Citizen,Ghana,G8379216,Business Visa,2023-07-06,2033-07-03,PER14330,N/A,sibisisfiso@com.gh,+1-248-896-4008x499,"9758 High Isitaladi, Mbombela, 9623",Tembisa,KwaZulu-Natal,3454,Insurance risk surveyor,Zulu,9
'9707129413080,Lungile,Mdlalose,Male,1997-07-12,28,Citizen,South Africa,68934973,N/A,N/A,N/A,N/A,N/A,andilekhuluse@co.za,001-636-759-4878x494,"4125 Voortrekker Ithafa, Mbombela, 8687",Upington,Mpumalanga,5351,Product designer,Zulu,N/A
'PR40614636,Thembisile,Gumede,Female,1999-12-05,25,Citizen,Ghana,G5974972,Retirement Visa,2024-07-18,2034-07-16,PER20978,N/A,magagulasibonelo@com.gh,606.655.1849x8392,"5323 Short Umgwaqo, Kathu, 2273",Bethlehem,Northern Cape,3502,Television/film/video producer,Zulu,8
'TV34978,Nobuhle,Mnyandu,Female,2000-12-15,24,Citizen,Botswana,BO609530,Retirement Visa,2023-06-22,2023-12-03,VIS33034,N/A,thembisilentsele@net,+1-608-762-2245,"63 Churchill Indawo, Thohoyandou, 7985",Krugersdorp,Limpopo,2395,Charity officer,Zulu,20
'4909178269080,Mandla,Thembekwayo,Male,1949-09-17,75,Citizen,South Africa,22240808,N/A,N/A,N/A,N/A,N/A,tholelwandile@africa.com,+1-847-431-5752,"70 King Umgwaqo, Klerksdorp, 4014",Rustenburg,North West,4165,Naval architect,Zulu,N/A
'PR81120814,विपुल,मैती,Male,1974-09-09,51,Temporary Visa,India,53472190,Corporate Visa,2023-08-07,2033-08-04,PER19110,N/A,iish62@india.com,+91 8695960868,"2253 शेखर कलिता, अमरोहा 231859",चिराला,Northern Cape,468044,"Lighting technician, broadcasting/film/video",Hindi,9
'TV97941,चन्द्रकान्त,मैती,Male,1985-02-24,40,Citizen,India,80569270,Business Visa,2025-07-03,2026-09-29,VIS90062,N/A,aniruddhcttrjii@co.in,00233432733,"12/60 यादव, चंडीगढ-237061",चंडीगढ,Mpumalanga,462338,"Scientist, research (physical sciences)",Hindi,11
'AS407454,强,任,Male,1971-09-12,54,Citizen,China,65326028,Asylum Seeker Permit,2024-10-28,2026-10-28,ASP70239,Interview Scheduled,flai@com.cn,15909150912,山西省桂芝县南湖刘街G座 200882,太原市,Limpopo,779838,漂染工,Mandarin,5
'9708300412021,Nomalanga,Madiba,Female,1997-08-30,28,Permanent Resident,South Africa,24747493,N/A,N/A,N/A,N/A,N/A,kkholose@co.za,472.912.3925x7093,"5635 Voortrekker Isitaladi, Benoni, 5370",Newcastle,Mpumalanga,5299,"Scientist, research (maths)",Zulu,N/A
'PR24259858,माधवी,सरकार,Female,1975-03-23,50,Temporary Visa,India,18808764,Corporate Visa,2025-06-11,2035-06-09,PER66411,N/A,chetriiprtaap@co.in,+91 288 8246860,"12/0950 गणेश पवार, मुंबई-675774",अमरपुर,Limpopo,326465,Chief Operating Officer,Hindi,17
'PR65864823,Ricardo,Assunção,Male,1988-07-31,37,Citizen,Mozambique,MO695431,Relative's Visa,2025-04-17,2035-04-15,PER35371,N/A,ysa@co.mz,(351) 933007931,"R. de Machado, 44, 1157-210 Albufeira",Olhão,Limpopo,4387-934,Lavador de janelas,Portuguese,20
'9802019391093,Thabani,Sikhosana,Male,1998-02-01,27,Temporary Visa,South Africa,94799531,N/A,N/A,N/A,N/A,N/A,nyawosebhekani@za.net,001-581-908-6914x218,"7223 Somerset Indawo, Soweto, 3013",Witbank,Limpopo,1094,Insurance broker,Zulu,N/A
'8704022654008,Nonhlanhla,Bikelwayo,Female,1987-04-02,38,Temporary Visa,South Africa,18129837,N/A,N/A,N/A,N/A,N/A,gmphahlwa@co.za,001-360-583-6451x877,"577 Albertina Sisulu Isitaladi, Krugersdorp, 9222",Bloemfontein,KwaZulu-Natal,9622,Sub,Zulu,N/A
'AS748791,Sibonelo,Thabizolo,Male,1974-05-17,51,Temporary Visa,Ethiopia,16339839,Asylum Seeker Permit,2023-05-23,2025-05-22,ASP17554,Under Review,andilemfusi@net,294.355.3918x9887,"8962 Edward Umgwaqo, Kathu, 9577",Krugersdorp,Gauteng,5359,Chartered public finance accountant,Zulu,0
'9807187416048,S'fiso,Ngema,Male,1998-07-18,27,Citizen,South Africa,59782849,N/A,N/A,N/A,N/A,N/A,mathebelanomathalente@za.net,+1-433-760-5772x08204,"88 Walter Sisulu Umgwaqo, Soweto, 7423",George,Limpopo,1684,Broadcast engineer,Zulu,N/A
'6901151786093,Nomthandazo,Mnisi,Female,1969-01-15,56,Citizen,South Africa,94481146,N/A,N/A,N/A,N/A,N/A,vjili@africa.com,(453)229-6882x963,"2116 York Indawo, Bethlehem, 8824",Witbank,Northern Cape,9975,Medical illustrator,Zulu,N/A
'4604191575044,Nomathemba,Maphindela,Female,1946-04-19,79,Citizen,South Africa,59396904,N/A,N/A,N/A,N/A,N/A,ntamondenomathemba@africa.com,(914)964-8931,"35 Somerset Indlela, Witbank, 7110",Rustenburg,Limpopo,4245,"Presenter, broadcasting",Zulu,N/A
'6610174063021,Silondile,Dlakela,Female,1966-10-17,58,Permanent Resident,South Africa,78937615,N/A,N/A,N/A,N/A,N/A,ymtshali@africa.com,914-268-6787x175,"6669 Cecil Isitaladi, Randfontein, 2447",Rustenburg,Limpopo,1263,Retail buyer,Zulu,N/A
'9505288288050,Sibonelo,Mntimande,Male,1995-05-28,30,Permanent Resident,South Africa,76233529,N/A,N/A,N/A,N/A,N/A,thembekadlawuza@za.net,(540)488-9809,"62 Commissioner Umgwaqo, Krugersdorp, 4077",Bloemfontein,Gauteng,3242,"Runner, broadcasting/film/video",Zulu,N/A
'PR63093250,Hugues,Perrot,Male,1970-09-08,55,Citizen,United States,135129597,Work Visa,2024-11-02,2034-10-31,PER39304,N/A,elisabeth96@com,03 59 65 00 44,"56, avenue de Laroche, 50205 Vallet",Guillot-sur-Lévy,Western Cape,31778,directeur d'hôpital,French,3
'PR23265560,Valérie,Guichard,Female,1979-02-27,46,Temporary Visa,United States,378153290,Business Visa,2023-01-18,2033-01-15,PER61307,N/A,laetitia14@com,+33 (0)3 66 23 84 34,"35, chemin de Royer, 09208 Lenoir",Sainte Timothée-la-Forêt,Gauteng,48996,ingénieur concepteur conceptrice en mécanique,French,17
'6010157484017,Thabani,Mkhungo,Male,1960-10-15,64,Asylum Seeker,South Africa,40050683,N/A,N/A,N/A,N/A,N/A,mlungisi53@za.net,001-976-953-7316x61830,"9377 Clarence Umgwaqo, Bethlehem, 9833",Polokwane,Limpopo,3152,Translator,Zulu,N/A
'PR54131066,敏,刘,Female,1986-11-17,38,Citizen,China,31480444,Business Visa,2025-01-19,2035-01-17,PER15720,N/A,qinjing@com.cn,15183384586,河南省欣县沈河香港路Q座 777220,艳县,Mpumalanga,228777,保险业务经理/主管,Mandarin,19
'PR23517353,Nhlanhla,Nombhoco,Male,2001-06-27,24,Citizen,Zimbabwe,ZI772056,Relative's Visa,2024-02-18,2034-02-15,PER28199,N/A,wsikhunyana@zimbabwe.com,(752)301-6487x8295,"3111 Nelson Mandela Ithafa, Mbombela, 4830",Bloemfontein,KwaZulu-Natal,5833,Clinical molecular geneticist,Zulu,5
'4903145331082,Thando,Blose,Male,1949-03-14,76,Citizen,South Africa,71019162,N/A,N/A,N/A,N/A,N/A,fncube@africa.com,(577)758-9456x855,"4485 Long Isitaladi, Chatsworth, 9114",Vereeniging,Mpumalanga,4509,Cabin crew,Zulu,N/A
'6102096303007,Jabulani,Ndlanzi,Male,1961-02-09,64,Citizen,South Africa,98586200,N/A,N/A,N/A,N/A,N/A,mqungebesibusisiwe@co.za,001-912-591-7451x390,"154 Commissioner Umgwaqo, Upington, 8803",Bloemfontein,Western Cape,8452,Editorial assistant,Zulu,N/A
'PR71795280,Thembeka,Makhedama,Female,1987-07-26,38,Permanent Resident,Eswatini,24643281,Corporate Visa,2025-02-20,2035-02-18,PER52905,N/A,thuthukilemagononde@org,001-667-674-0004,"9002 Church Ithafa, Witbank, 2664",Uitenhage,Northern Cape,8326,"Programmer, applications",Zulu,16
'0410084740036,Nomusa,Mayisela,Female,2004-10-08,20,Temporary Visa,South Africa,69756841,N/A,N/A,N/A,N/A,N/A,qgcugcwa@za.net,(805)441-7452x93071,"75 Smith Indlela, iKapa, 1616",Witbank,Western Cape,7565,Biomedical scientist,Zulu,N/A
'6006280946045,Thabisile,Motha,Female,1960-06-28,65,Citizen,South Africa,61482925,N/A,N/A,N/A,N/A,N/A,phewathalente@za.net,(401)363-4567x0930,"27 Somerset Indlela, Newcastle, 4102",Polokwane,Northern Cape,7993,"Radiographer, therapeutic",Zulu,N/A
'TV51506,婷婷,马,Female,1987-10-08,37,Citizen,China,32014190,Study Visa,2023-09-12,2026-01-23,VIS25530,N/A,qiang35@china.com,15787423302,辽宁省柳市吉区淮安路G座 587311,深圳市,Western Cape,413848,注塑工程师/技师,Mandarin,18
'5201107682074,Thando,Wela,Male,1952-01-10,73,Permanent Resident,South Africa,31492683,N/A,N/A,N/A,N/A,N/A,ndimandelungile@africa.com,749.819.5761x6091,"908 Oxford Isitaladi, Klerksdorp, 5390",Musina,Free State,7616,Barrister's clerk,Zulu,N/A
'0310316569017,Zenzele,Thwala,Male,2003-10-31,21,Temporary Visa,South Africa,10952545,N/A,N/A,N/A,N/A,N/A,xmbuyazi@za.net,+1-383-354-7006,"8903 Edward Indlela, Sasolburg, 1065",Stellenbosch,Limpopo,5818,IT technical support officer,Zulu,N/A
'4807301729031,Nomasonto,Bhovungana,Female,1948-07-30,77,Citizen,South Africa,40147875,N/A,N/A,N/A,N/A,N/A,dlangamandlanothando@za.net,(600)826-9071,"1666 Queen Indlela, Sasolburg, 8048",Boksburg,Mpumalanga,2119,Land,Zulu,N/A
'5905120714024,Zakhele,Bophela,Female,1959-05-12,66,Citizen,South Africa,96144604,N/A,N/A,N/A,N/A,N/A,rgobhozi@za.net,001-840-803-2229x2194,"3761 Napier Umgwaqo, Sasolburg, 3004",Stellenbosch,Western Cape,3730,Phytotherapist,Zulu,N/A
'0505171048025,Nkazimulo,Nonduma,Female,2005-05-17,20,Citizen,South Africa,10524386,N/A,N/A,N/A,N/A,N/A,bnenzi@za.net,6548199359,"921 King Ithafa, Middelburg, 2538",Kathu,Mpumalanga,9927,"Biochemist, clinical",Zulu,N/A
'0412106505033,Minenhle,Sishiya,Male,2004-12-10,20,Citizen,South Africa,10405207,N/A,N/A,N/A,N/A,N/A,anongalaza@za.net,718-333-2737x1550,"792 Albertina Sisulu Isitaladi, eThekwini, 4641",Klerksdorp,KwaZulu-Natal,4003,Research scientist (maths),Zulu,N/A
'4611117540049,S'fiso,Mbonane,Male,1946-11-11,78,Citizen,South Africa,22558256,N/A,N/A,N/A,N/A,N/A,sihawukelemshengu@co.za,+1-614-890-8575x50909,"3508 George Isitaladi, uMgungundlovu, 4009",Polokwane,North West,5833,"Investment banker, operational",Zulu,N/A
'8303206859037,Siyabonga,Msuthu,Male,1983-03-20,42,Permanent Resident,South Africa,18271999,N/A,N/A,N/A,N/A,N/A,manzezulunozibusiso@africa.com,6525926847,"9065 Joseph Ithafa, Mahikeng, 4852",Tembisa,Northern Cape,6470,Health service manager,Zulu,N/A
'5311304311001,Zenzile,Chiliza,Female,1953-11-30,71,Citizen,South Africa,80955520,N/A,N/A,N/A,N/A,N/A,ynzima@za.net,928-285-0615x11812,"56 Short Ithafa, Middelburg, 2930",Thohoyandou,Free State,9689,Broadcast journalist,Zulu,N/A
'6709228557091,Mandla,Motha,Male,1967-09-22,57,Citizen,South Africa,89769661,N/A,N/A,N/A,N/A,N/A,ydlabane@co.za,+1-464-442-9219x06425,"21 Milner Indawo, Sasolburg, 7137",uMgungundlovu,Northern Cape,2348,Counselling psychologist,Zulu,N/A
'4305136521014,Vusumuzi,Mdletshe,Male,1943-05-13,82,Citizen,South Africa,14444860,N/A,N/A,N/A,N/A,N/A,mthokozisi75@africa.com,001-306-974-1428x96450,"18 Joseph Indlela, Witbank, 2185",Soweto,Limpopo,2071,Television camera operator,Zulu,N/A
'PR89104385,Sibusiso,Mhlanga,Male,1971-09-23,53,Citizen,Nigeria,N6327873,Retirement Visa,2023-09-16,2033-09-13,PER94393,N/A,sfiso57@com.ng,678.798.8717,"9882 President Indawo, Bloemfontein, 9548",Welkom,Mpumalanga,4975,Magazine journalist,Zulu,18
'8711048629001,Luyanda,Ayize,Male,1987-11-04,37,Citizen,South Africa,73644251,N/A,N/A,N/A,N/A,N/A,dndabandaba@co.za,228-907-0219x018,"59 Frere Indawo, Randfontein, 4145",Mahikeng,Limpopo,8667,"Engineer, site",Zulu,N/A
'PR14411801,Musa,Mdakane,Male,1977-03-16,48,Permanent Resident,Tanzania,42394444,Relative's Visa,2024-08-24,2034-08-22,PER94649,N/A,gabhezikhanyisile@org,(495)850-2733,"5129 James Ithafa, Randfontein, 6828",uMgungundlovu,Northern Cape,3149,Telecommunications researcher,Zulu,18
'5506203941083,Dumisani,Manzi,Female,1955-06-20,70,Citizen,South Africa,22576203,N/A,N/A,N/A,N/A,N/A,ffakazi@co.za,871.223.6361,"9148 Victoria Isitaladi, Bloemfontein, 1177",Newcastle,North West,9908,Audiological scientist,Zulu,N/A
'5606025724022,Thabani,Mbutho,Male,1956-06-02,69,Permanent Resident,South Africa,21923177,N/A,N/A,N/A,N/A,N/A,wnomndayi@za.net,(728)299-3945x1257,"5041 Rivonia Indawo, Mbombela, 4187",Kathu,Mpumalanga,5304,Waste management officer,Zulu,N/A
'8705019416010,Langalibalele,Mbhulangwe,Male,1987-05-01,38,Citizen,South Africa,15360391,N/A,N/A,N/A,N/A,N/A,mngwemkhuluzibuyile@africa.com,507-779-1866x796,"1119 Commissioner Ithafa, Kimberley, 8677",iKapa,Western Cape,3461,Pensions consultant,Zulu,N/A
'AS325252,Luís,Lopes,Male,1999-06-05,26,Permanent Resident,Mozambique,MO333644,Asylum Seeker Permit,2023-10-22,2025-10-21,ASP22477,Appeal Pending,andreiacarvalho@co.mz,920602479,"R. de Silva, 44, 4983-055 Ílhavo",Paços de Ferreira,Limpopo,3928-218,Operador de máquinas e de equipamentos para trabalhar madeira,Portuguese,1
'6808037828056,Mzamo,Nkomo,Male,1968-08-03,57,Citizen,South Africa,56135059,N/A,N/A,N/A,N/A,N/A,iphikela@za.net,601-783-4376x50441,"399 Edward Indawo, eGoli, 4522",Randfontein,Eastern Cape,6509,Manufacturing systems engineer,Zulu,N/A
'PR82391818,Jabulani,Sothole,Male,1990-05-26,35,Citizen,Tanzania,38551774,Business Visa,2025-08-05,2035-08-03,PER81580,N/A,sibongilesibaya@net,233-988-2145,"6578 Prince Ithafa, Soweto, 4335",Vanderbijlpark,KwaZulu-Natal,9669,Manufacturing systems engineer,Zulu,2
'5210079179042,Jabulani,Mayise,Male,1952-10-07,72,Citizen,South Africa,72245564,N/A,N/A,N/A,N/A,N/A,ongcemu@co.za,(401)828-3905,"9662 Albertina Sisulu Indawo, Chatsworth, 8524",Mahikeng,North West,5909,Warehouse manager,Zulu,N/A
'AS893406,Fernando,Anjos,Male,1992-11-04,32,Asylum Seeker,Mozambique,MO990590,Asylum Seeker Permit,2024-11-03,2026-11-03,ASP61576,Refugee Status Granted,vazmiriam@mozambique.com,962569158,"Largo Mélanie Moreira, S/N, 2108-917 Paços de Ferreira",Chaves,Gauteng,0163-957,Enfermeiro especialista em saúde mental e psiquiátrica,Portuguese,8
'PR75389435,Stéphanie,Grondin,Female,1987-11-11,37,Citizen,United States,220570733,Work Visa,2024-09-30,2034-09-28,PER78909,N/A,capucinedenis@com,0485278192,"703, boulevard Verdier, 69206 Guyondan",Sainte Andréeboeuf,Western Cape,47273,médiateur familial familiale,French,13
'6212253862062,Mnqobi,Nxele,Female,1962-12-25,62,Temporary Visa,South Africa,90852800,N/A,N/A,N/A,N/A,N/A,nomathalentempanza@africa.com,+1-432-387-3980x631,"1319 Joseph Indlela, Middelburg, 6741",Stellenbosch,North West,1578,Solicitor,Zulu,N/A
'6208303223075,Nozibusiso,Xala,Female,1962-08-30,63,Citizen,South Africa,43157997,N/A,N/A,N/A,N/A,N/A,sikhosanalondisizwe@co.za,+1-404-747-2726,"67 Nelson Mandela Indawo, Bloemfontein, 6733",Middelburg,Gauteng,9729,Special effects artist,Zulu,N/A
'7809210143042,Noxolo,Bantwini,Female,1978-09-21,46,Asylum Seeker,South Africa,81572423,N/A,N/A,N/A,N/A,N/A,jthuliswayo@africa.com,+1-841-464-5135x1523,"97 Stanley Umgwaqo, Tembisa, 5054",Sasolburg,Free State,8455,Seismic interpreter,Zulu,N/A
'5802287841056,Mcebisi,Jama,Male,1958-02-28,67,Temporary Visa,South Africa,34327809,N/A,N/A,N/A,N/A,N/A,vngobisi@co.za,7575511568,"127 West Ithafa, Uitenhage, 6565",Stellenbosch,Gauteng,8759,"Journalist, magazine",Zulu,N/A
'8211179342084,SimphiweyiNkosi,Sibanda,Male,1982-11-17,42,Citizen,South Africa,87447736,N/A,N/A,N/A,N/A,N/A,zmvelase@co.za,(661)935-4028,"2359 Stanley Indlela, uMgungundlovu, 7058",Klerksdorp,Limpopo,4461,"Designer, industrial/product",Zulu,N/A
'9209062750028,Nomathemba,Kubheka,Female,1992-09-06,33,Citizen,South Africa,61933482,N/A,N/A,N/A,N/A,N/A,nonjabulo11@co.za,880-459-6849x7690,"887 Voortrekker Indawo, iKapa, 2714",Middelburg,Limpopo,9043,Science writer,Zulu,N/A
'5804156215082,Thando,Nene,Male,1958-04-15,67,Temporary Visa,South Africa,84511065,N/A,N/A,N/A,N/A,N/A,mlungisi08@africa.com,649-298-8875,"207 Long Ithafa, Springs, 6413",Welkom,Northern Cape,3369,Learning disability nurse,Zulu,N/A
'7912174258075,Siphesihle,Bhejelibomvu,Female,1979-12-17,45,Citizen,South Africa,81005984,N/A,N/A,N/A,N/A,N/A,ndawondethandiwe@za.net,(393)773-6928x839,"79 Adelaide Indlela, Upington, 9585",eThekwini,Limpopo,4436,Equality and diversity officer,Zulu,N/A
'8302012333089,Nonhlanhla,Thabethe,Female,1983-02-01,42,Asylum Seeker,South Africa,85508062,N/A,N/A,N/A,N/A,N/A,sithembisogina@co.za,(664)310-4808x310,"84 Charles Indlela, Tembisa, 1721",Uitenhage,Free State,5329,"Education officer, community",Zulu,N/A
'7310021794084,Bhekokwakhe,Gcaba,Female,1973-10-02,51,Citizen,South Africa,97999433,N/A,N/A,N/A,N/A,N/A,nozizwe69@co.za,658.596.2751,"211 President Indawo, Paarl, 9847",iKapa,Eastern Cape,7830,Research scientist (physical sciences),Zulu,N/A
'5309149205016,Andile,Mbatha,Male,1953-09-14,71,Permanent Resident,South Africa,65156345,N/A,N/A,N/A,N/A,N/A,siyabonga72@co.za,767-672-4213x55645,"89 Walter Sisulu Indlela, Boksburg, 1679",Klerksdorp,Mpumalanga,6282,Ranger/warden,Zulu,N/A
'PR70569126,Brigitte,Dumas,Female,1991-05-09,34,Temporary Visa,France,722241420,Work Visa,2023-01-04,2033-01-01,PER77427,N/A,nathlemaitre@fr,01 55 23 71 77,"95, rue Charrier, 97636 Sainte Alice",Étienne,Free State,77513,secrétaire des affaires étrangères,French,3
'9102088817017,Thalente,Ndondakusuka,Male,1991-02-08,34,Citizen,South Africa,85163445,N/A,N/A,N/A,N/A,N/A,fgabadela@co.za,803.788.2479x324,"27 Thomas Ithafa, Thohoyandou, 5166",uMgungundlovu,Mpumalanga,1701,Broadcast journalist,Zulu,N/A
'4806142459089,Siphesihle,Mbhense,Female,1948-06-14,77,Citizen,South Africa,13099534,N/A,N/A,N/A,N/A,N/A,noxolomdladla@co.za,+1-523-985-2202x984,"26 Commissioner Umgwaqo, Paarl, 1526",Kathu,Mpumalanga,4535,Consulting civil engineer,Zulu,N/A
'4809298960084,Minenhle,Ngobisi,Male,1948-09-29,76,Citizen,South Africa,56172926,N/A,N/A,N/A,N/A,N/A,mbonambidumisile@africa.com,802-570-6527,"75 Walter Sisulu Indlela, iKapa, 1545",Newcastle,Gauteng,4706,Optometrist,Zulu,N/A
'7709306286017,Thalente,Yeyeye,Male,1977-09-30,47,Citizen,South Africa,93594021,N/A,N/A,N/A,N/A,N/A,sandile71@africa.com,483-821-0625x14280,"517 Voortrekker Indawo, eGoli, 9605",Witbank,Eastern Cape,2139,Tree surgeon,Zulu,N/A
'PR91935604,João,Alves,Male,1980-07-06,45,Citizen,Mozambique,MO435853,Critical Skills Visa,2024-10-04,2034-10-02,PER41930,N/A,zneves@co.mz,(351) 924268605,"Alameda Araújo, 45, 9218-798 Sines",Vendas Novas,Western Cape,3470-281,Dietista e nutricionista,Portuguese,3
'AS634232,Jabulani,Fakazi,Male,1978-03-27,47,Citizen,Zimbabwe,ZI965751,Asylum Seeker Permit,2025-03-15,2027-03-15,ASP40769,Interview Scheduled,fmcwaye@co.zw,001-386-219-7615x611,"3920 William Isitaladi, Musina, 4620",iBhayi,Free State,8723,Primary school teacher,Zulu,19
'8605230835024,Bhekisisa,Mbutho,Female,1986-05-23,39,Citizen,South Africa,58618809,N/A,N/A,N/A,N/A,N/A,mkhumbuzisibusisiwe@co.za,001-286-623-6061x66219,"16 Commissioner Indawo, uMgungundlovu, 1874",Kimberley,KwaZulu-Natal,9393,Building services engineer,Zulu,N/A
'8001261028071,Noxolo,Mhlabandlovu,Female,1980-01-26,45,Permanent Resident,South Africa,77430539,N/A,N/A,N/A,N/A,N/A,dlomothembisile@co.za,(781)682-4398x101,"855 York Isitaladi, Potchefstroom, 1154",Thohoyandou,Gauteng,2421,IT trainer,Zulu,N/A
'AS353755,Zakhele,Nondlela,Female,1972-06-27,53,Citizen,Somalia,69922589,Asylum Seeker Permit,2022-11-17,2024-11-16,ASP34107,Interview Scheduled,bandile75@net,397.908.7944,"4426 Adelaide Umgwaqo, George, 4276",Vereeniging,Western Cape,6286,Product manager,Zulu,3
'5501221232093,Dumisile,Mzila,Female,1955-01-22,70,Citizen,South Africa,65507272,N/A,N/A,N/A,N/A,N/A,mahlobosihawukele@co.za,555.755.0343x204,"873 Clarence Indlela, Bloemfontein, 6437",Musina,Mpumalanga,7788,"Scientist, clinical (histocompatibility and immunogenetics)",Zulu,N/A
'4512047047099,Thabani,Gcaleka,Male,1945-12-04,79,Citizen,South Africa,55601659,N/A,N/A,N/A,N/A,N/A,musagadlela@za.net,+1-969-887-1400,"89 Charles Indawo, eGoli, 2268",Stellenbosch,Limpopo,4085,Dispensing optician,Zulu,N/A
'5402278122063,Minenhle,Phingoshe,Male,1954-02-27,71,Citizen,South Africa,87738813,N/A,N/A,N/A,N/A,N/A,sandile19@za.net,001-840-804-2489x6008,"5724 Jan Smuts Indawo, Krugersdorp, 3763",Mbombela,KwaZulu-Natal,3328,Advertising account planner,Zulu,N/A
'4803117033089,Vusumuzi,Mabanga,Male,1948-03-11,77,Citizen,South Africa,99886326,N/A,N/A,N/A,N/A,N/A,sibongile14@za.net,001-386-437-9342,"3258 Thomas Indawo, uMgungundlovu, 3144",Mbombela,Mpumalanga,2129,IT sales professional,Zulu,N/A
'6606059401079,Minenhle,Makhaza,Male,1966-06-05,59,Citizen,South Africa,38157515,N/A,N/A,N/A,N/A,N/A,bhekizizwe03@co.za,613.962.8063,"14 Grey Indawo, iKapa, 9507",Bloemfontein,Western Cape,6062,"Investment banker, corporate",Zulu,N/A
'4003109920037,SimphiweyiNkosi,Mhlangu,Male,1940-03-10,85,Citizen,South Africa,69224707,N/A,N/A,N/A,N/A,N/A,zakhele20@africa.com,+1-321-642-0464x827,"9845 Walter Sisulu Umgwaqo, Thohoyandou, 4707",Vereeniging,KwaZulu-Natal,8215,International aid/development worker,Zulu,N/A
'9807123064069,Zakhele,Ntaka,Female,1998-07-12,27,Citizen,South Africa,44173652,N/A,N/A,N/A,N/A,N/A,psibhene@co.za,277-947-4891x780,"898 Prince Indlela, Tembisa, 5567",Witbank,North West,2170,"Engineer, site",Zulu,N/A
'AS124974,Andile,Gedeza,Male,1992-08-06,33,Citizen,Ethiopia,66181842,Asylum Seeker Permit,2025-02-17,2027-02-17,ASP53814,Interview Scheduled,nyawokhuluthandiwe@net,(933)722-3167x503,"9685 Oxford Isitaladi, George, 3278",Welkom,North West,1392,Cabin crew,Zulu,15
'TV17034,Antoine,Paul,Male,1998-03-23,27,Citizen,France,567608822,Business Visa,2023-06-14,2025-01-05,VIS75858,N/A,raymond50@france.com,0245724130,"61, avenue Lacombe, 97461 Saint Raymond-sur-Mer",Faivre,Eastern Cape,34571,directeur de la photographie,French,14
'TV37774,नीरव,छेत्री,Male,1981-08-24,44,Citizen,India,32500626,Work Visa,2024-01-06,2026-04-04,VIS98536,N/A,taaraa27@india.com,+91 5392533519,"79/24 कपूर, देहरा-386344",चक्रधरपुर,Mpumalanga,101870,Museum education officer,Hindi,0
'7503252826070,Sihawukele,Vangisa,Female,1975-03-25,50,Citizen,South Africa,54637629,N/A,N/A,N/A,N/A,N/A,zakhele96@za.net,001-801-699-9529x37315,"498 Long Umgwaqo, Upington, 3554",Boksburg,KwaZulu-Natal,6169,Sports therapist,Zulu,N/A
'PR29793909,S'fiso,Bhensela,Male,2003-07-18,22,Citizen,Somalia,92612445,Critical Skills Visa,2024-11-13,2034-11-11,PER90070,N/A,sfisongobisi@com,001-294-705-3183x93003,"5640 Napier Umgwaqo, Bethlehem, 9988",Rustenburg,Northern Cape,7242,Transport planner,Zulu,0
'PR97251443,Nonjabulo,Bhembe,Female,1982-09-07,43,Permanent Resident,Ghana,G1755271,Retirement Visa,2025-03-12,2035-03-10,PER31966,N/A,ndandalisibusiso@com.gh,866-475-4190x04265,"7791 James Ithafa, Boksburg, 2084",George,Mpumalanga,8631,"Engineer, aeronautical",Zulu,5
'9911193636069,Nothando,Made,Female,1999-11-19,25,Permanent Resident,South Africa,12723606,N/A,N/A,N/A,N/A,N/A,silangwesiyabonga@africa.com,+1-638-847-5349,"96 Commissioner Isitaladi, Mbombela, 2245",Kimberley,North West,2132,Fitness centre manager,Zulu,N/A
'TV38403,सुमना,सेनगुप्ता,Female,1999-12-14,25,Citizen,India,16349921,Work Visa,2022-10-18,2024-07-29,VIS69580,N/A,sainiiamrtaa@co.in,+91 3369260429,"69/0533 श्रीवास्तव, फतेहपुर 051675",फतहपुर,Gauteng,192227,Nutritional therapist,Hindi,9
'AS539286,Bhekisisa,Dumakude,Female,1983-09-04,42,Citizen,Kenya,K6847229,Asylum Seeker Permit,2025-04-09,2027-04-09,ASP43779,Application Submitted,pshabalala@kenya.com,001-526-358-5985x877,"68 Cecil Umgwaqo, Bethlehem, 1420",iBhayi,Free State,4984,Land/geomatics surveyor,Zulu,12
'8211102381072,Sithembiso,Longode,Female,1982-11-10,42,Citizen,South Africa,19083068,N/A,N/A,N/A,N/A,N/A,lwandilekhezokhulu@za.net,(959)882-1377,"40 York Indlela, Randfontein, 4679",Tembisa,North West,2510,Science writer,Zulu,N/A
'6812293917023,Londisizwe,Nenzi,Female,1968-12-29,56,Citizen,South Africa,59815405,N/A,N/A,N/A,N/A,N/A,mnqobimabhoko@za.net,9499381440,"66 King Ithafa, Vanderbijlpark, 8469",Middelburg,Free State,1294,IT trainer,Zulu,N/A
'8004068482053,Sphiwe,Ngubane,Male,1980-04-06,45,Citizen,South Africa,31298061,N/A,N/A,N/A,N/A,N/A,owethuxolo@za.net,001-336-907-2672x52125,"62 Smith Umgwaqo, Newcastle, 5384",Upington,Western Cape,8024,Dentist,Zulu,N/A
'5107097686045,Vusumuzi,Shabane,Male,1951-07-09,74,Citizen,South Africa,55001464,N/A,N/A,N/A,N/A,N/A,sibusisiwe16@co.za,(692)388-9414,"2262 Nelson Mandela Umgwaqo, Mbombela, 8321",Chatsworth,Eastern Cape,9831,Haematologist,Zulu,N/A
'5406143056014,Nozibusiso,Mbembe,Female,1954-06-14,71,Citizen,South Africa,47727721,N/A,N/A,N/A,N/A,N/A,nyawokhulunhlanhla@za.net,+1-517-482-0506x155,"233 West Ithafa, Witbank, 5242",Kimberley,Northern Cape,4454,"Psychologist, counselling",Zulu,N/A
'7911127325065,Mandlakhe,Mbuli,Male,1979-11-12,45,Citizen,South Africa,73221880,N/A,N/A,N/A,N/A,N/A,gugu07@co.za,935-720-6161,"712 Smith Isitaladi, eGoli, 6498",Chatsworth,Eastern Cape,7232,Waste management officer,Zulu,N/A
'6108319797093,SimphiweyiNkosi,Sokhulu,Male,1961-08-31,64,Citizen,South Africa,92166280,N/A,N/A,N/A,N/A,N/A,jabulaninkumane@co.za,(903)590-1928x3294,"51 York Ithafa, Mbombela, 3033",Newcastle,Limpopo,8777,Operations geologist,Zulu,N/A
'AS274294,Gilles,Besson,Male,1977-07-29,48,Temporary Visa,United Kingdom,922485555,Asylum Seeker Permit,2024-08-08,2026-08-08,ASP69593,Appeal Pending,adelaideroyer@co.uk,0321159062,"72, rue de Schneider, 47554 DavidVille",Sainte MarcBourg,Limpopo,39102,développeur d'applications mobiles,French,16
'6912059867028,Zenzele,Mabika,Male,1969-12-05,55,Permanent Resident,South Africa,77705482,N/A,N/A,N/A,N/A,N/A,vabazamnqobi@za.net,(444)437-0228x29893,"306 Oxford Ithafa, Potchefstroom, 6643",Newcastle,Limpopo,2164,Armed forces operational officer,Zulu,N/A
'TV24931,Marguerite,Riou,Female,1978-06-21,47,Permanent Resident,Democratic Republic of Congo,95320943,Relative's Visa,2024-02-13,2026-01-25,VIS21269,N/A,marcelle03@org,+33 2 58 73 19 05,"chemin Marguerite Hubert, 41818 Delaunaydan",Hamel-sur-Mer,Free State,19840,parfumeur,French,0
'7007198980084,Mzamo,Ntuli,Male,1970-07-19,55,Temporary Visa,South Africa,26430131,N/A,N/A,N/A,N/A,N/A,lmthethwa@co.za,9853910304,"8721 Smith Umgwaqo, George, 5717",Chatsworth,Eastern Cape,4712,Clinical molecular geneticist,Zulu,N/A
'7403232121023,Olwethu,Mahlinza,Female,1974-03-23,51,Citizen,South Africa,59447617,N/A,N/A,N/A,N/A,N/A,ndandalinomalanga@co.za,4033633273,"7153 Napier Indawo, Chatsworth, 1105",Uitenhage,Western Cape,4199,Accommodation manager,Zulu,N/A
'6507118070039,Thabani,Lakaza,Male,1965-07-11,60,Citizen,South Africa,63901922,N/A,N/A,N/A,N/A,N/A,maziyabhekokwakhe@za.net,299.618.8006x7076,"724 Rivonia Indawo, uMgungundlovu, 7872",Newcastle,KwaZulu-Natal,9891,Chief Executive Officer,Zulu,N/A
'PR84595229,Sandile,Mhlangu,Male,1995-10-25,29,Asylum Seeker,Ghana,G6096816,Work Visa,2024-04-02,2034-03-31,PER80139,N/A,xnkonyeni@ghana.com,610.912.5792x4991,"4838 Albertina Sisulu Umgwaqo, Benoni, 2235",Chatsworth,Gauteng,1131,Charity fundraiser,Zulu,19
'7110110730066,Dumisile,Mseleku,Female,1971-10-11,53,Citizen,South Africa,32778382,N/A,N/A,N/A,N/A,N/A,sodubazenzile@za.net,(687)733-9609x92785,"95 Paul Kruger Isitaladi, Welkom, 7588",Sasolburg,KwaZulu-Natal,4608,Health and safety inspector,Zulu,N/A
'AS121934,Mzamo,Mpangazitha,Male,1984-05-16,41,Permanent Resident,Somalia,90427025,Asylum Seeker Permit,2024-02-17,2026-02-16,ASP19413,Application Submitted,nmadlala@com,001-776-566-0853x13259,"482 Clarence Indlela, Tembisa, 6415",Thohoyandou,Gauteng,3043,Manufacturing systems engineer,Zulu,9
'8111056973003,Minenhle,Phathwayo,Male,1981-11-05,43,Citizen,South Africa,41957568,N/A,N/A,N/A,N/A,N/A,mavelandumiso@za.net,(234)867-8961,"76 William Indlela, Stellenbosch, 8784",Upington,Free State,1825,"Scientist, marine",Zulu,N/A
'8208053907093,Dumisani,Hlabangane,Female,1982-08-05,43,Citizen,South Africa,13022348,N/A,N/A,N/A,N/A,N/A,bhekizizwe66@za.net,+1-533-733-0509x5246,"578 James Isitaladi, uMgungundlovu, 4623",Sasolburg,Gauteng,8574,Accommodation manager,Zulu,N/A
'6108031502036,Silondile,Hlubi,Female,1961-08-03,64,Temporary Visa,South Africa,11746391,N/A,N/A,N/A,N/A,N/A,zibuyile57@africa.com,561.687.7786x979,"459 York Umgwaqo, Chatsworth, 5888",Tembisa,KwaZulu-Natal,2152,Regulatory affairs officer,Zulu,N/A
'AS786980,Alena,Bärer,Female,1994-09-11,31,Citizen,Germany,228088711,Asylum Seeker Permit,2024-08-01,2026-08-01,ASP90864,Rejected,silvaladeck@de,0735671754,"Matthäiring 9/2, 03827 Neustrelitz",Schlüchtern,KwaZulu-Natal,65920,Beamter,German,2
'PR41645617,Sphiwe,Mdotshana,Male,1994-03-02,31,Temporary Visa,Kenya,K3813752,Work Visa,2023-07-13,2033-07-10,PER30010,N/A,lwandile76@co.ke,001-733-687-8047x3084,"51 Jan Smuts Ithafa, Soweto, 1569",Vereeniging,Western Cape,8767,Operational investment banker,Zulu,20
'7704132586036,Busisiwe,Khawula,Female,1977-04-13,48,Citizen,South Africa,96939550,N/A,N/A,N/A,N/A,N/A,mthokozisi05@za.net,933-760-5053x29911,"13 Oxford Ithafa, Potchefstroom, 6783",eGoli,North West,5983,Immunologist,Zulu,N/A
'8303219013045,Thabani,Mashasha,Male,1983-03-21,42,Asylum Seeker,South Africa,83464869,N/A,N/A,N/A,N/A,N/A,zibuyile20@africa.com,606.531.5949,"93 Queen Umgwaqo, Bethlehem, 2766",Chatsworth,Northern Cape,6320,"Scientist, research (life sciences)",Zulu,N/A
'PR37820167,Nomcebo,Sijadu,Female,1972-03-15,53,Citizen,Tanzania,95995886,Study Visa,2023-10-03,2033-09-30,PER67731,N/A,vmbokazi@com,718-411-2635x908,"10 Walter Sisulu Ithafa, eGoli, 9786",Randfontein,Free State,6040,"Therapist, speech and language",Zulu,2
'7708280948099,Thembile,Mahlinza,Female,1977-08-28,48,Temporary Visa,South Africa,59864399,N/A,N/A,N/A,N/A,N/A,ntshalintshalithabani@africa.com,(995)575-7335x1312,"8710 West Ithafa, Springs, 3825",Polokwane,Mpumalanga,1108,Charity fundraiser,Zulu,N/A
'7210152320023,Nonhlanhla,Nhlengethwa,Female,1972-10-15,52,Citizen,South Africa,54394487,N/A,N/A,N/A,N/A,N/A,mgama@co.za,776-366-7233x6539,"92 Thomas Umgwaqo, Welkom, 8596",Krugersdorp,Western Cape,1075,"Teacher, adult education",Zulu,N/A
'8903184707056,Nomasonto,Khuyameni,Female,1989-03-18,36,Permanent Resident,South Africa,10733430,N/A,N/A,N/A,N/A,N/A,lmbhodwe@co.za,9829879557,"377 Smith Indlela, Chatsworth, 6885",Rustenburg,Gauteng,3367,"Therapist, speech and language",Zulu,N/A
'TV90865,Nicole,Blanc,Female,1999-06-01,26,Temporary Visa,Democratic Republic of Congo,48471405,Corporate Visa,2025-04-08,2027-05-18,VIS86283,N/A,rolanddupuy@org,+33 (0)4 79 93 80 95,"71, rue de Denis, 64208 Da Costa",Saint Luce,Eastern Cape,39918,chargé de référencement web,French,17
'7412060375054,Zenzile,Mbekwa,Female,1974-12-06,50,Citizen,South Africa,78586115,N/A,N/A,N/A,N/A,N/A,mtimandemandlakhe@za.net,980-305-5852,"2535 Short Umgwaqo, Thohoyandou, 7969",Benoni,Mpumalanga,3292,"Civil engineer, contracting",Zulu,N/A
'PR21596206,Owethu,Mkhabela,Female,1981-07-15,44,Temporary Visa,Tanzania,67600209,Business Visa,2025-04-21,2035-04-19,PER49145,N/A,bxaba@org,001-381-717-1948x66333,"7932 Jan Smuts Ithafa, Potchefstroom, 8030",Welkom,Northern Cape,6760,Housing manager/officer,Zulu,19
'9702193044075,Busisiwe,Mfusi,Female,1997-02-19,28,Citizen,South Africa,84601151,N/A,N/A,N/A,N/A,N/A,dlungwanasithembiso@africa.com,391.822.1641x868,"8979 Queen Ithafa, Potchefstroom, 7041",Potchefstroom,Free State,5400,Chartered management accountant,Zulu,N/A
'6310254132074,Thandeka,Shabalala,Female,1963-10-25,61,Citizen,South Africa,10374935,N/A,N/A,N/A,N/A,N/A,sntshiza@co.za,001-571-392-7106x82691,"4783 High Umgwaqo, Upington, 8612",eGoli,Limpopo,9962,Paramedic,Zulu,N/A
'TV24702,Michel,Foucher,Male,1970-11-26,54,Citizen,France,339176499,Work Visa,2023-06-10,2025-03-12,VIS58954,N/A,dlaine@france.com,05 87 00 96 59,"40, boulevard Laine, 82884 Pasquier",Henry,KwaZulu-Natal,60218,attaché de presse,French,18
'4711105136054,SimphiweyiNkosi,Caluza,Male,1947-11-10,77,Asylum Seeker,South Africa,65269287,N/A,N/A,N/A,N/A,N/A,dumisile13@co.za,524-399-7453,"3496 York Umgwaqo, Potchefstroom, 3850",Rustenburg,Limpopo,9803,"Lecturer, further education",Zulu,N/A
'8311201995064,Nonhlanhla,Ntsele,Female,1983-11-20,41,Permanent Resident,South Africa,58076788,N/A,N/A,N/A,N/A,N/A,sandiledwala@africa.com,+1-938-772-1314x05829,"471 Paul Kruger Ithafa, Welkom, 4795",iKapa,Northern Cape,7063,Television production assistant,Zulu,N/A
'8906202538023,Thuthukile,Mdlenevu,Female,1989-06-20,36,Citizen,South Africa,88236862,N/A,N/A,N/A,N/A,N/A,nobuhledonda@co.za,+1-325-304-3606,"631 Gandhi Isitaladi, Mbombela, 7294",Klerksdorp,Northern Cape,9057,"Civil engineer, consulting",Zulu,N/A
'8211225858048,Mcebisi,Mthiya,Male,1982-11-22,42,Citizen,South Africa,43140349,N/A,N/A,N/A,N/A,N/A,lungilegwanyana@africa.com,317.966.6661,"350 Paul Kruger Indlela, Mahikeng, 8665",Tembisa,Gauteng,3418,"Conservation officer, historic buildings",Zulu,N/A
'8705010161008,Dumisani,Hlela,Female,1987-05-01,38,Citizen,South Africa,18311252,N/A,N/A,N/A,N/A,N/A,mhlungukhanyisile@za.net,916.460.5780,"65 Churchill Indawo, Paarl, 4908",Witbank,Western Cape,8823,Training and development officer,Zulu,N/A
'TV49266,建,邹,Male,2003-09-17,21,Citizen,China,99700890,Work Visa,2024-07-17,2026-12-15,VIS66470,N/A,omo@china.com,18144939231,山西省鑫市魏都金路R座 697519,婷市,Northern Cape,216180,资料员,Mandarin,9
'8805073503091,Zibuyile,Dwala,Female,1988-05-07,37,Citizen,South Africa,75299259,N/A,N/A,N/A,N/A,N/A,nomcebo18@za.net,001-663-837-6292x26635,"516 Long Umgwaqo, Soweto, 8494",Bethlehem,Western Cape,3660,"Nurse, adult",Zulu,N/A
'0004207001012,Mandla,Siyeshe,Male,2000-04-20,25,Citizen,South Africa,67007928,N/A,N/A,N/A,N/A,N/A,nomathemba12@co.za,253-703-6176x4268,"75 Adelaide Indlela, Bethlehem, 6348",eGoli,KwaZulu-Natal,3088,Ship broker,Zulu,N/A
'PR73615067,Andile,Ayize,Male,2003-08-30,22,Citizen,Tanzania,29734932,Corporate Visa,2025-03-31,2035-03-29,PER74844,N/A,mthiyajabulani@net,+1-730-419-9066x67535,"248 William Ithafa, Kathu, 6411",Bethlehem,Mpumalanga,2332,Waste management officer,Zulu,18
'5606063172037,Thuthukile,Sondini,Female,1956-06-06,69,Temporary Visa,South Africa,27834586,N/A,N/A,N/A,N/A,N/A,ndumiso73@africa.com,214-843-2905,"8316 Long Umgwaqo, Thohoyandou, 4677",iBhayi,Eastern Cape,4621,"Sales professional, IT",Zulu,N/A
'PR78298720,Émile,Mercier,Male,1975-06-20,50,Asylum Seeker,France,759099609,Work Visa,2024-09-09,2034-09-07,PER36015,N/A,marine79@fr,05 53 29 35 76,"chemin de Lenoir, 11495 Barrenec",Sainte Simonenec,Free State,36891,barman,French,4
'6912192550037,Nokulunga,Gabadela,Female,1969-12-19,55,Citizen,South Africa,79523653,N/A,N/A,N/A,N/A,N/A,siphesihlegabela@africa.com,(214)763-4041,"90 Victoria Indlela, Potchefstroom, 9550",Benoni,Northern Cape,7771,Occupational psychologist,Zulu,N/A
'9004031562099,Sihawukele,Goba,Female,1990-04-03,35,Citizen,South Africa,27470184,N/A,N/A,N/A,N/A,N/A,wmadinane@co.za,+1-484-229-5481x0907,"833 Adelaide Ithafa, Witbank, 7170",Newcastle,Limpopo,3020,"Horticulturist, commercial",Zulu,N/A
'6308277916043,Bandile,Sothole,Male,1963-08-27,62,Citizen,South Africa,46350213,N/A,N/A,N/A,N/A,N/A,yntenga@africa.com,389.581.4099x7832,"80 Cecil Ithafa, Springs, 2172",Benoni,Gauteng,1145,Publishing copy,Zulu,N/A
'6501183989098,Zakhele,Vunisa,Female,1965-01-18,60,Asylum Seeker,South Africa,65600260,N/A,N/A,N/A,N/A,N/A,mmvubu@co.za,837-593-0629,"527 Commissioner Ithafa, Mbombela, 1500",Vanderbijlpark,Limpopo,2815,Primary school teacher,Zulu,N/A
'PR61785993,Luyanda,Made,Male,1977-05-02,48,Permanent Resident,Malawi,27158490,Relative's Visa,2022-09-27,2032-09-24,PER47419,N/A,mandlakhe52@org,297.971.2322x811,"617 Paul Kruger Umgwaqo, Mbombela, 4207",Soweto,Eastern Cape,7189,Company secretary,Zulu,7
'6812081015044,Amahle,Ncwaba,Female,1968-12-08,56,Temporary Visa,South Africa,13190235,N/A,N/A,N/A,N/A,N/A,sphiwemathwasa@africa.com,7343096437,"5829 Clarence Ithafa, Mahikeng, 3073",Stellenbosch,Mpumalanga,3771,Management consultant,Zulu,N/A
'6511299982020,Vusumuzi,Ngwazi,Male,1965-11-29,59,Permanent Resident,South Africa,77087936,N/A,N/A,N/A,N/A,N/A,nomagugu59@africa.com,356.254.6234,"5414 Gandhi Indlela, Bethlehem, 6822",Welkom,Western Cape,7670,"Sales professional, IT",Zulu,N/A
'TV95422,Sphiwe,Mlangeni,Male,1986-01-22,39,Asylum Seeker,Nigeria,N1501872,Critical Skills Visa,2023-02-12,2024-12-11,VIS49305,N/A,gebhezijabulani@com.ng,2447024566,"917 Edward Isitaladi, Vereeniging, 4626",Bloemfontein,Northern Cape,1427,"Engineer, technical sales",Zulu,0
'9912102183058,Londisizwe,Shamase,Female,1999-12-10,25,Citizen,South Africa,65817113,N/A,N/A,N/A,N/A,N/A,thembekilexaba@co.za,+1-737-857-7987x90417,"46 Gandhi Ithafa, George, 1055",Middelburg,Western Cape,3271,Advertising account planner,Zulu,N/A
'9109182109094,Nomusa,Somfula,Female,1991-09-18,33,Citizen,South Africa,43806133,N/A,N/A,N/A,N/A,N/A,mvuyanamlungisi@africa.com,6813941347,"348 Victoria Indlela, Sasolburg, 3335",Kimberley,Limpopo,4684,"Scientist, forensic",Zulu,N/A
'0406267652099,Bhekani,Bophela,Male,2004-06-26,21,Citizen,South Africa,96822057,N/A,N/A,N/A,N/A,N/A,fntanzi@africa.com,(549)218-0611,"98 Main Indlela, eThekwini, 2102",Krugersdorp,Western Cape,2853,"Surveyor, mining",Zulu,N/A
'PR15752119,Sandile,Shibase,Male,1991-05-08,34,Citizen,Nigeria,N1202440,Business Visa,2024-02-16,2034-02-13,PER27938,N/A,zguma@com.ng,486-519-9250x892,"727 Commissioner Ithafa, Upington, 6228",eGoli,Western Cape,4185,Secretary/administrator,Zulu,2
'PR67422990,Thomas,Bouvier,Male,1978-06-11,47,Citizen,France,665597615,Work Visa,2024-03-20,2034-03-18,PER89511,N/A,honore63@fr,0535803792,"4, boulevard de Bertrand, 38899 Sainte Élodiedan",GauthierBourg,Northern Cape,29180,vendeur en micro-informatique et multimédia,French,10
'AS195600,Thalente,Yengwayo,Female,1988-12-21,36,Citizen,Malawi,19275029,Asylum Seeker Permit,2024-12-31,2026-12-31,ASP65482,Application Submitted,malingasphiwe@com,783.657.5467x4141,"52 King Indawo, Chatsworth, 4544",Paarl,KwaZulu-Natal,7202,Aeronautical engineer,Zulu,7
'AS270010,Anastasie,De Oliveira,Female,1994-11-23,30,Citizen,United Kingdom,861766784,Asylum Seeker Permit,2022-12-05,2024-12-04,ASP98348,Appeal Pending,couturiervalerie@uk.com,+33 2 57 34 17 80,"454, boulevard Richard, 90178 Saint Anaïs",Rousset-sur-Guillaume,Limpopo,89739,responsable du soutien logistique intégré,French,18
'8311179922003,Musa,Sigagu,Male,1983-11-17,41,Asylum Seeker,South Africa,58361210,N/A,N/A,N/A,N/A,N/A,hlabisanhlanhla@africa.com,+1-435-814-0739x959,"506 Walter Sisulu Indawo, Potchefstroom, 2027",Klerksdorp,North West,6521,"Nurse, learning disability",Zulu,N/A
'5511029849027,S'fiso,Jele,Male,1955-11-02,69,Asylum Seeker,South Africa,68797268,N/A,N/A,N/A,N/A,N/A,sibonelonzamela@co.za,(740)982-4032x29154,"439 Jan Smuts Indawo, Newcastle, 5628",Mbombela,KwaZulu-Natal,7798,Meteorologist,Zulu,N/A
'5511284859037,Thandeka,Mthiya,Female,1955-11-28,69,Temporary Visa,South Africa,47524237,N/A,N/A,N/A,N/A,N/A,mandlakhesotobe@africa.com,355-838-7103,"1198 Oxford Indlela, Newcastle, 1065",Mbombela,Northern Cape,6176,Publishing rights manager,Zulu,N/A
'6407102797003,Noxolo,Ntaka,Female,1964-07-10,61,Citizen,South Africa,21996955,N/A,N/A,N/A,N/A,N/A,fmakhaye@co.za,705-849-2861x76302,"7261 Prince Indlela, Paarl, 5965",iBhayi,Western Cape,6243,Building services engineer,Zulu,N/A
'4509199789018,Sibusiso,Nenzi,Male,1945-09-19,79,Citizen,South Africa,97104998,N/A,N/A,N/A,N/A,N/A,thembekasithuli@co.za,236-552-1915x735,"506 Walter Sisulu Indawo, Thohoyandou, 4731",Mahikeng,North West,2806,Osteopath,Zulu,N/A
'AS781232,Thabani,Mdlanyoka,Male,1992-04-13,33,Permanent Resident,Zimbabwe,ZI993556,Asylum Seeker Permit,2025-03-12,2027-03-12,ASP12679,Under Review,nkazimulo56@co.zw,214-712-2372x6491,"14 Somerset Isitaladi, Newcastle, 3340",Bloemfontein,Eastern Cape,2157,Consulting civil engineer,Zulu,0
'AS839964,Nothando,Njapha,Female,1974-03-01,51,Citizen,Tanzania,81766136,Asylum Seeker Permit,2022-11-15,2024-11-14,ASP39023,Under Review,vgwacela@net,+1-440-553-3930x4036,"672 Short Indlela, Potchefstroom, 8327",iBhayi,KwaZulu-Natal,3942,Patent attorney,Zulu,11
'7808011365006,Nothando,Ndlovu,Female,1978-08-01,47,Citizen,South Africa,11001967,N/A,N/A,N/A,N/A,N/A,mbamaliowethu@co.za,(336)292-5210x517,"8743 Prince Indawo, Kimberley, 2586",Welkom,Free State,1321,Museum education officer,Zulu,N/A
'TV17977,Lungile,Nhleko,Male,1978-11-30,46,Citizen,Kenya,K6009511,Retirement Visa,2023-10-11,2024-03-03,VIS70504,N/A,nkazimulo06@kenya.com,001-564-951-0885,"500 Oxford Indawo, Rustenburg, 7528",Boksburg,Northern Cape,3910,Tourism officer,Zulu,13
'5706086551046,Mthokozisi,Gxabhashe,Male,1957-06-08,68,Citizen,South Africa,29690783,N/A,N/A,N/A,N/A,N/A,sibonelomasango@za.net,001-763-298-3119x757,"6771 Prince Isitaladi, Springs, 9462",Boksburg,Free State,8593,Energy manager,Zulu,N/A
'6901155497028,Mcebisi,Mhayise,Male,1969-01-15,56,Citizen,South Africa,22017003,N/A,N/A,N/A,N/A,N/A,fkhabalidaka@co.za,658-798-3148,"69 Oxford Indawo, Polokwane, 3384",uMgungundlovu,Mpumalanga,1111,"Nurse, mental health",Zulu,N/A
'0507192323045,Sibongile,Mnyandu,Female,2005-07-19,20,Temporary Visa,South Africa,52580248,N/A,N/A,N/A,N/A,N/A,eshangase@za.net,8587995994,"78 Queen Indlela, George, 4736",Polokwane,Northern Cape,4854,Technical brewer,Zulu,N/A
'6204031400086,Owethu,Shazi,Female,1962-04-03,63,Citizen,South Africa,22559848,N/A,N/A,N/A,N/A,N/A,cdlakela@co.za,531-503-3865x67412,"26 Gandhi Ithafa, eGoli, 8924",Klerksdorp,North West,6957,Science writer,Zulu,N/A
'7809189732035,SimphiweyiNkosi,Sompisi,Male,1978-09-18,46,Permanent Resident,South Africa,93383781,N/A,N/A,N/A,N/A,N/A,thalentezikhungwini@za.net,001-456-547-1807x707,"18 Clarence Ithafa, Paarl, 1344",Upington,North West,3306,Barrister's clerk,Zulu,N/A
'5907303677022,Sihawukele,Mngadi,Female,1959-07-30,66,Citizen,South Africa,92098909,N/A,N/A,N/A,N/A,N/A,sibusiso16@co.za,304-576-8475x75029,"602 Queen Ithafa, Sasolburg, 7345",iKapa,KwaZulu-Natal,8132,"Psychologist, occupational",Zulu,N/A
'0105083845017,Owethu,Donda,Female,2001-05-08,24,Citizen,South Africa,32632083,N/A,N/A,N/A,N/A,N/A,nomasontomasondo@co.za,(688)587-2767x913,"4908 Adelaide Isitaladi, Upington, 2806",Vereeniging,North West,5622,Pharmacologist,Zulu,N/A
'PR59848425,Thabisa,Magutshwa,Female,1987-12-29,37,Citizen,Zambia,40818900,Retirement Visa,2023-04-25,2033-04-22,PER60299,N/A,rngungunyana@net,829.749.0005x97112,"600 West Indawo, Springs, 5343",Tembisa,Gauteng,6000,Health visitor,Zulu,8
'5212061407026,Bhekisisa,Gina,Female,1952-12-06,72,Citizen,South Africa,63231476,N/A,N/A,N/A,N/A,N/A,mdladlathembile@za.net,345.934.0240x292,"2058 Rivonia Ithafa, Mbombela, 5005",Newcastle,Free State,1557,Quality manager,Zulu,N/A
'9611248004098,Vusumuzi,Hlela,Male,1996-11-24,28,Citizen,South Africa,22260701,N/A,N/A,N/A,N/A,N/A,nomalanga86@za.net,(479)360-7282,"360 Joseph Ithafa, Randfontein, 7979",Benoni,North West,4335,Forest/woodland manager,Zulu,N/A
'4403042173056,Gugu,Mafobo,Female,1944-03-04,81,Temporary Visa,South Africa,29240619,N/A,N/A,N/A,N/A,N/A,dubazanebhekokwakhe@za.net,001-802-968-8252x75551,"27 Nelson Mandela Indawo, Randfontein, 2849",Witbank,Gauteng,3309,"Merchandiser, retail",Zulu,N/A
'4307051577046,Sihawukele,Mthinti,Female,1943-07-05,82,Permanent Resident,South Africa,18956431,N/A,N/A,N/A,N/A,N/A,cdlambula@za.net,001-308-640-7037x789,"4898 Cecil Indlela, Klerksdorp, 1426",Klerksdorp,Northern Cape,6489,Medical illustrator,Zulu,N/A
'9501319282051,Sandile,Nkosi,Male,1995-01-31,30,Citizen,South Africa,63017578,N/A,N/A,N/A,N/A,N/A,nkazimulojele@co.za,224.458.4531,"3789 Adelaide Umgwaqo, Potchefstroom, 5562",Sasolburg,KwaZulu-Natal,9377,Curator,Zulu,N/A
'9304271265064,Thalente,Dludla,Female,1993-04-27,32,Permanent Resident,South Africa,51790756,N/A,N/A,N/A,N/A,N/A,nkazimulo64@co.za,397.587.0525,"35 West Isitaladi, Benoni, 3736",eThekwini,KwaZulu-Natal,4914,"Therapist, art",Zulu,N/A
'7211299467014,Mzamo,Guma,Male,1972-11-29,52,Citizen,South Africa,71748625,N/A,N/A,N/A,N/A,N/A,dumisilephewa@africa.com,379.517.8181,"941 Milner Ithafa, Bloemfontein, 2037",George,Gauteng,3005,Museum/gallery exhibitions officer,Zulu,N/A
'4812248973068,Mandla,Mncwanga,Male,1948-12-24,76,Citizen,South Africa,39964495,N/A,N/A,N/A,N/A,N/A,zinhlegoba@africa.com,965.797.6731x28347,"21 Grey Ithafa, Paarl, 5728",Vanderbijlpark,North West,4959,Software engineer,Zulu,N/A
'0509129668026,Langalibalele,Ntanzi,Male,2005-09-12,20,Citizen,South Africa,89010655,N/A,N/A,N/A,N/A,N/A,mayisethabisa@co.za,001-420-624-7322x0969,"692 Napier Indlela, Uitenhage, 7140",Paarl,North West,4103,Marine scientist,Zulu,N/A
'6702086815039,Mandlakhe,Mnqamu,Male,1967-02-08,58,Permanent Resident,South Africa,28065953,N/A,N/A,N/A,N/A,N/A,nobantu89@za.net,442-214-8959x97052,"462 Short Indawo, Benoni, 7715",Vereeniging,KwaZulu-Natal,5937,Exhibition designer,Zulu,N/A
'9606306654028,Jabulani,Gabela,Male,1996-06-30,29,Citizen,South Africa,90875972,N/A,N/A,N/A,N/A,N/A,thandeka35@africa.com,(332)611-5059,"206 York Umgwaqo, Stellenbosch, 7330",Welkom,Gauteng,3514,Clothing/textile technologist,Zulu,N/A
'5501252506093,Nomalanga,Bantwini,Female,1955-01-25,70,Citizen,South Africa,54497664,N/A,N/A,N/A,N/A,N/A,nozibusiso63@co.za,301.676.8965x982,"59 President Umgwaqo, Krugersdorp, 4045",Stellenbosch,Northern Cape,9009,Broadcast engineer,Zulu,N/A
'4312142864021,Owethu,Gama,Female,1943-12-14,81,Citizen,South Africa,15787510,N/A,N/A,N/A,N/A,N/A,minenhlewasendlunkulu@co.za,001-881-509-8285x3182,"877 Victoria Indawo, Bethlehem, 7761",Centurion,Eastern Cape,7139,"Radiographer, therapeutic",Zulu,N/A
'TV12177,Zenzele,Mkhithi,Male,1995-07-12,30,Citizen,Zambia,87830978,Retirement Visa,2025-05-13,2027-07-18,VIS31177,N/A,mananathembekile@com,(393)225-2183x6297,"7914 High Isitaladi, eThekwini, 7694",uMgungundlovu,North West,1527,Gaffer,Zulu,8
'TV14777,Yasmin,Amaral,Female,1983-12-04,41,Citizen,Mozambique,MO242945,Relative's Visa,2024-10-15,2025-03-05,VIS49557,N/A,nmatias@mozambique.com,(351) 910980022,"Largo Maria da Luz Ponces de Carvalho, 56, 7100-901 Vila Nova de Foz Côa",Lagoa,Eastern Cape,4256-948,Instalador de ar condicionado e de sistemas de refrigeração,Portuguese,20
'6401218065058,Andile,Nomndayi,Male,1964-01-21,61,Citizen,South Africa,94556195,N/A,N/A,N/A,N/A,N/A,thuliswayozakhele@co.za,+1-464-944-3667,"92 Nelson Mandela Indawo, Boksburg, 5360",eGoli,KwaZulu-Natal,9432,Clinical embryologist,Zulu,N/A
'0210281275020,Nonhlanhla,Mvuyana,Female,2002-10-28,22,Citizen,South Africa,38064831,N/A,N/A,N/A,N/A,N/A,dumisani33@africa.com,944-762-3935x33924,"579 Thomas Indlela, Thohoyandou, 2685",Krugersdorp,Free State,3257,Museum/gallery curator,Zulu,N/A
'TV28518,Théophile,Paris,Male,1990-12-25,34,Citizen,United Kingdom,380774945,Study Visa,2025-07-09,2027-07-09,VIS74036,N/A,henri38@uk.com,+33 6 79 15 25 25,"21, rue de Laroche, 60654 Vincent",Valettedan,Western Cape,06876,documentaliste,French,8
'5911037636083,Sandile,Mabika,Male,1959-11-03,65,Citizen,South Africa,89920187,N/A,N/A,N/A,N/A,N/A,nokulungancwane@co.za,264-381-3391,"97 Somerset Isitaladi, Benoni, 6714",Potchefstroom,Northern Cape,5492,"Engineer, technical sales",Zulu,N/A
'PR82098732,Sibongile,Nyembezi,Female,1990-10-04,34,Citizen,Ethiopia,24848576,Retirement Visa,2024-08-14,2034-08-12,PER41463,N/A,mnqobi34@net,+1-210-310-6257x2618,"6890 Somerset Umgwaqo, Mahikeng, 4371",iBhayi,Mpumalanga,4041,"Lecturer, higher education",Zulu,7
'AS146837,Silondile,Khaphela,Female,1993-08-04,32,Temporary Visa,Nigeria,N2245389,Asylum Seeker Permit,2022-11-05,2024-11-04,ASP25560,Application Submitted,vusumuzixolo@nigeria.com,891.911.4517x799,"14 Albertina Sisulu Indawo, Witbank, 4626",Rustenburg,Limpopo,8910,Press photographer,Zulu,13
'6406196659058,Bandile,Njinji,Male,1964-06-19,61,Citizen,South Africa,35181858,N/A,N/A,N/A,N/A,N/A,wmanana@co.za,001-396-580-9684x07281,"104 King Isitaladi, eGoli, 2079",Musina,Northern Cape,8424,Pension scheme manager,Zulu,N/A
'AS184972,Roger,Lagarde,Male,1994-10-05,30,Citizen,France,936820634,Asylum Seeker Permit,2024-06-05,2026-06-05,ASP27672,Appeal Pending,renebourdon@fr,02 22 45 30 58,"3, avenue Garnier, 78659 Lenoir",Sainte Alexandria-les-Bains,North West,72807,conducteur opérateur opératrice de scierie,French,0
'PR87270280,सरस्वती,शर्मा,Female,1973-07-01,52,Citizen,India,92783753,Business Visa,2024-03-28,2034-03-26,PER15586,N/A,priyaa39@co.in,07985 311913,"0/3 अहलूवालिया, अहमदाबाद 031090",मोकोकचुंग,Western Cape,320991,Health and safety adviser,Hindi,0
'TV70877,दर्शना,सेनगुप्ता,Female,2000-05-07,25,Citizen,India,16383185,Corporate Visa,2023-03-04,2025-11-09,VIS11382,N/A,gkpuur@india.com,01465606935,"0 प्रताप सुब्रमण्यम, करना 204189",दालखोला,North West,580240,Systems analyst,Hindi,20
'7902055249047,Sibusiso,Bhengu,Male,1979-02-05,46,Citizen,South Africa,44886258,N/A,N/A,N/A,N/A,N/A,gamedesiyabonga@africa.com,688.658.8185,"8729 Joseph Indlela, Randfontein, 6749",Thohoyandou,Western Cape,3108,Geoscientist,Zulu,N/A
'9109079821048,Lwandile,Lutholoni,Male,1991-09-07,34,Citizen,South Africa,71578312,N/A,N/A,N/A,N/A,N/A,londisizwethenjwayo@za.net,970.381.4518x717,"627 Charles Umgwaqo, Middelburg, 1327",Potchefstroom,Free State,8405,Retail manager,Zulu,N/A
'PR77130545,Thabisa,Mzolo,Female,1971-06-13,54,Citizen,Botswana,BO142660,Work Visa,2023-08-06,2033-08-03,PER86916,N/A,nomusa45@net,299-218-7059,"8039 Elizabeth Isitaladi, Potchefstroom, 6576",Stellenbosch,North West,1700,"Designer, graphic",Zulu,4
'9812181408059,Nomcebo,Phungula,Female,1998-12-18,26,Citizen,South Africa,50749069,N/A,N/A,N/A,N/A,N/A,bhekanincala@co.za,001-702-586-0354x64200,"24 Gandhi Indlela, Vereeniging, 2196",iKapa,KwaZulu-Natal,9768,Magazine journalist,Zulu,N/A
'TV39050,Pierre,Guérin,Male,2000-08-05,25,Citizen,United Kingdom,685018479,Study Visa,2025-05-01,2025-09-16,VIS28035,N/A,fda-costa@co.uk,+33 3 61 69 07 69,"802, rue François Weiss, 40449 Brunet-sur-Laporte",Besson,Free State,90963,secrétaire médical,French,12
'TV90902,Thalente,Mnquhe,Female,1976-08-07,49,Citizen,Lesotho,82580019,Critical Skills Visa,2022-09-29,2024-07-10,VIS88066,N/A,jabulani79@org,(725)629-9495x597,"713 Main Isitaladi, Thohoyandou, 5124",Newcastle,Gauteng,4468,Outdoor activities/education manager,Zulu,7
'TV80012,Margaret,Legros,Female,1991-03-06,34,Temporary Visa,United States,172028273,Corporate Visa,2022-09-18,2023-09-21,VIS72222,N/A,mtanguy@com,03 22 61 92 90,"11, chemin Guyon, 57809 Pascal",Guillon,KwaZulu-Natal,17814,gérant de restauration collective,French,6
'8302086466006,Mandlakhe,Amahle,Male,1983-02-08,42,Citizen,South Africa,99178997,N/A,N/A,N/A,N/A,N/A,owethu53@co.za,519-664-6713x74404,"644 Prince Indlela, iKapa, 3349",Boksburg,Limpopo,7625,Video editor,Zulu,N/A
'8907153710041,Bhekizizwe,Mzoneli,Female,1989-07-15,36,Citizen,South Africa,12092107,N/A,N/A,N/A,N/A,N/A,lubelonobantu@za.net,441.470.9212x68881,"875 Churchill Indlela, Newcastle, 5463",Newcastle,KwaZulu-Natal,4341,Photographer,Zulu,N/A
'8105172033061,Bhekisisa,Nyanda,Female,1981-05-17,44,Temporary Visa,South Africa,46977823,N/A,N/A,N/A,N/A,N/A,nokulungamanzini@za.net,+1-597-801-1766,"72 High Umgwaqo, Bloemfontein, 9346",Mahikeng,Free State,3327,"Editor, magazine features",Zulu,N/A
'7204290334087,Nothando,Hlela,Female,1972-04-29,53,Citizen,South Africa,25913077,N/A,N/A,N/A,N/A,N/A,igcwensa@co.za,374.445.3185,"507 Elizabeth Umgwaqo, Middelburg, 2846",Soweto,Limpopo,7350,"Restaurant manager, fast food",Zulu,N/A
'8911023225080,Thandeka,Makhedama,Female,1989-11-02,35,Citizen,South Africa,93823493,N/A,N/A,N/A,N/A,N/A,lmagagula@africa.com,001-390-941-8957x92356,"31 Main Isitaladi, Newcastle, 8597",Vereeniging,North West,6048,IT sales professional,Zulu,N/A
'5506016979010,SimphiweyiNkosi,Mafobo,Male,1955-06-01,70,Citizen,South Africa,96788647,N/A,N/A,N/A,N/A,N/A,thuthukile61@co.za,232-368-0931x723,"1784 Commissioner Indlela, Paarl, 3435",Sasolburg,Free State,1783,Games developer,Zulu,N/A
'6303296619098,Vusumuzi,Nxamalala,Male,1963-03-29,62,Citizen,South Africa,77579754,N/A,N/A,N/A,N/A,N/A,ymtumaseli@africa.com,001-423-979-6449x809,"70 Smith Indlela, Welkom, 5287",Newcastle,Mpumalanga,2791,Magazine features editor,Zulu,N/A
'6403086378070,Lwandile,Nkosi,Male,1964-03-08,61,Citizen,South Africa,81186421,N/A,N/A,N/A,N/A,N/A,pkhaphela@za.net,(444)766-6782x396,"417 Milner Umgwaqo, Newcastle, 7060",Uitenhage,KwaZulu-Natal,3725,Research scientist (medical),Zulu,N/A
'8004051992085,Nobuhle,Vumisa,Female,1980-04-05,45,Citizen,South Africa,83268282,N/A,N/A,N/A,N/A,N/A,bhekanidinangwe@za.net,6805103243,"786 Voortrekker Isitaladi, uMgungundlovu, 1709",Newcastle,Northern Cape,5184,Bookseller,Zulu,N/A
'9401161852013,Nonjabulo,Delwayo,Female,1994-01-16,31,Citizen,South Africa,99134212,N/A,N/A,N/A,N/A,N/A,dmboyisa@za.net,5728255700,"82 Oxford Umgwaqo, Vanderbijlpark, 3083",Uitenhage,Gauteng,9228,Jewellery designer,Zulu,N/A
'7102266498060,Luyanda,Mbanjwa,Male,1971-02-26,54,Citizen,South Africa,72236734,N/A,N/A,N/A,N/A,N/A,thalentedlodlo@za.net,259-358-1594,"912 Thomas Ithafa, Stellenbosch, 7883",uMgungundlovu,Limpopo,8879,Hospital pharmacist,Zulu,N/A
'TV19054,Mthokozisi,Madondo,Male,1999-02-26,26,Temporary Visa,Lesotho,78800812,Retirement Visa,2025-01-09,2026-07-06,VIS37350,N/A,mshiyanesibonelo@org,592-932-6010x10229,"3494 Churchill Isitaladi, Rustenburg, 5848",Tembisa,Mpumalanga,9604,Location manager,Zulu,3
'6011194150079,Nomagugu,Mlangatshe,Female,1960-11-19,64,Permanent Resident,South Africa,57782506,N/A,N/A,N/A,N/A,N/A,xsithole@co.za,+1-290-446-2530x996,"425 Oxford Isitaladi, Potchefstroom, 9559",Middelburg,Northern Cape,7543,Magazine features editor,Zulu,N/A
'9702151204084,Bhekisisa,Siyaya,Female,1997-02-15,28,Citizen,South Africa,45890718,N/A,N/A,N/A,N/A,N/A,sibongilexaba@co.za,424.625.9400,"17 Prince Isitaladi, uMgungundlovu, 9514",Uitenhage,Limpopo,6526,Higher education careers adviser,Zulu,N/A
'6804030290065,Zenzile,Msani,Female,1968-04-03,57,Temporary Visa,South Africa,43238578,N/A,N/A,N/A,N/A,N/A,makhulukhulubhekani@co.za,249.792.7249x6612,"4807 George Umgwaqo, Mbombela, 1342",Vereeniging,Gauteng,3672,Art gallery manager,Zulu,N/A
'TV15782,Aurore,Baron,Female,2005-08-26,20,Citizen,France,575499753,Relative's Visa,2023-01-20,2025-08-21,VIS99780,N/A,adeleremy@fr,0443641349,"chemin Marine Lacroix, 77551 Louis-sur-Verdier",Fontaine,Limpopo,97274,médecin spécialiste,French,11
'4606243262092,Bhekizizwe,Nzima,Female,1946-06-24,79,Citizen,South Africa,56263614,N/A,N/A,N/A,N/A,N/A,nomthandazonxamalala@africa.com,+1-292-568-3926x762,"1772 James Isitaladi, Centurion, 6534",Middelburg,Free State,3907,Hydrographic surveyor,Zulu,N/A
'7105218139057,Thalente,Duma,Male,1971-05-21,54,Citizen,South Africa,16868354,N/A,N/A,N/A,N/A,N/A,shabanethuthukile@africa.com,973-915-5104x2045,"87 Napier Isitaladi, Soweto, 7034",Centurion,North West,4210,Insurance broker,Zulu,N/A
'7712259733098,Sphiwe,Gwija,Male,1977-12-25,47,Temporary Visa,South Africa,92477078,N/A,N/A,N/A,N/A,N/A,mabuyanobantu@za.net,+1-800-365-7832x591,"73 Edward Indawo, Klerksdorp, 6922",Thohoyandou,KwaZulu-Natal,5132,Armed forces training and education officer,Zulu,N/A
'4305111784008,Khanyisile,Shandu,Female,1943-05-11,82,Temporary Visa,South Africa,19695687,N/A,N/A,N/A,N/A,N/A,bloseandile@za.net,355-354-4425,"8127 Prince Indlela, Potchefstroom, 3906",Mahikeng,Free State,3881,Logistics and distribution manager,Zulu,N/A
'TV10173,Sihawukele,Msuthu,Female,1981-07-18,44,Citizen,Malawi,39209899,Study Visa,2024-04-08,2025-07-03,VIS95341,N/A,musa03@com,+1-420-355-5237x75746,"3926 Thomas Isitaladi, Soweto, 7376",Newcastle,Limpopo,5380,Forensic scientist,Zulu,11
'8912237623010,Thando,Jamile,Male,1989-12-23,35,Permanent Resident,South Africa,65382627,N/A,N/A,N/A,N/A,N/A,silondilemcusi@africa.com,+1-946-318-5264x237,"533 James Indlela, Paarl, 7986",Mahikeng,Western Cape,8680,"Surveyor, mining",Zulu,N/A
'PR99124418,Nomagugu,Mnangwe,Female,2003-04-11,22,Citizen,Zimbabwe,ZI482105,Business Visa,2023-02-17,2033-02-14,PER41675,N/A,mandlamacingwane@zimbabwe.com,+1-708-396-7477x427,"9055 High Isitaladi, Bloemfontein, 3167",Musina,Eastern Cape,2214,"Administrator, Civil Service",Zulu,19
'9710140123021,Thabisa,Nonkululeko,Female,1997-10-14,27,Permanent Resident,South Africa,45499043,N/A,N/A,N/A,N/A,N/A,eshelembe@za.net,568.602.1496x345,"59 Edward Isitaladi, Krugersdorp, 8504",Krugersdorp,North West,9456,Trade union research officer,Zulu,N/A
'8403050276008,Busisiwe,Gasa,Female,1984-03-05,41,Citizen,South Africa,96810011,N/A,N/A,N/A,N/A,N/A,nzimaseowethu@africa.com,757-258-0961x95646,"892 Clarence Umgwaqo, Witbank, 7934",Tembisa,Mpumalanga,4255,Fine artist,Zulu,N/A
'7005093743006,Londiwe,Phingoshe,Female,1970-05-09,55,Citizen,South Africa,22972204,N/A,N/A,N/A,N/A,N/A,qthembekwayo@africa.com,(608)815-6515x229,"15 Church Umgwaqo, Witbank, 1089",Soweto,Gauteng,6448,Purchasing manager,Zulu,N/A
'5209276399018,Njabulo,Masibekela,Male,1952-09-27,72,Permanent Resident,South Africa,23909474,N/A,N/A,N/A,N/A,N/A,thandiwe84@za.net,(377)412-7241,"52 High Indlela, Centurion, 9616",Polokwane,KwaZulu-Natal,8832,Medical technical officer,Zulu,N/A
'TV45557,Alain,Valentin,Male,1976-10-01,48,Citizen,Democratic Republic of Congo,74089445,Study Visa,2024-11-26,2026-12-21,VIS52203,N/A,pottiercaroline@net,0485336973,"90, avenue Giraud, 97483 Evrard",Sainte Xavier,Western Cape,39186,assistant en études de prix,French,19
'TV84612,Sphiwe,Mahlangu,Male,1991-01-02,34,Temporary Visa,Eswatini,10629550,Relative's Visa,2025-02-18,2027-11-01,VIS29564,N/A,minenhleboyabenyathi@org,(922)566-3253x00644,"44 Grey Umgwaqo, Vanderbijlpark, 5679",eGoli,Western Cape,1692,Tax adviser,Zulu,11
'6501188356029,Lwandile,Nzama,Male,1965-01-18,60,Citizen,South Africa,85739253,N/A,N/A,N/A,N/A,N/A,smhlongo@za.net,+1-835-462-5657x371,"7954 Rivonia Indawo, Paarl, 4839",Klerksdorp,Eastern Cape,7854,Toxicologist,Zulu,N/A
'9706277168039,Bhekani,Mbhele,Male,1997-06-27,28,Citizen,South Africa,98570525,N/A,N/A,N/A,N/A,N/A,langalibalelemalinga@za.net,284.564.8578x3973,"8642 York Umgwaqo, eThekwini, 3791",Uitenhage,Gauteng,2520,Horticultural therapist,Zulu,N/A
'7108248178017,Sandile,Ntshangase,Male,1971-08-24,54,Permanent Resident,South Africa,67756571,N/A,N/A,N/A,N/A,N/A,lmcanyana@co.za,800-630-1016x4261,"74 Elizabeth Umgwaqo, Vanderbijlpark, 3362",Tembisa,North West,9036,Diagnostic radiographer,Zulu,N/A
'9306085586079,Lungile,Binda,Male,1993-06-08,32,Citizen,South Africa,55291419,N/A,N/A,N/A,N/A,N/A,magujwaluyanda@za.net,216-705-2777,"9613 Paul Kruger Isitaladi, Benoni, 6083",Mahikeng,Mpumalanga,2316,Media planner,Zulu,N/A
'5705247276040,S'fiso,Khathini,Male,1957-05-24,68,Citizen,South Africa,61405567,N/A,N/A,N/A,N/A,N/A,thembisilemsane@za.net,+1-705-992-0662,"25 King Indlela, iKapa, 6524",Thohoyandou,Mpumalanga,1447,Medical illustrator,Zulu,N/A
'7509198005003,Bandile,Manqele,Male,1975-09-19,49,Citizen,South Africa,18691533,N/A,N/A,N/A,N/A,N/A,pngonini@za.net,001-448-355-0637x816,"2469 Elizabeth Ithafa, iKapa, 7357",Kathu,North West,2756,Agricultural engineer,Zulu,N/A
'4312102200092,Gugulethu,Ndima,Female,1943-12-10,81,Citizen,South Africa,54140421,N/A,N/A,N/A,N/A,N/A,agule@africa.com,912-816-3226,"58 Victoria Indawo, Uitenhage, 2406",Vereeniging,Mpumalanga,2984,Colour technologist,Zulu,N/A
'7103216185045,Mzamo,Mbhodwe,Male,1971-03-21,54,Citizen,South Africa,88213312,N/A,N/A,N/A,N/A,N/A,mathebelagugulethu@co.za,248.403.8726x391,"4807 William Indlela, eThekwini, 6037",Springs,North West,1496,Colour technologist,Zulu,N/A
'4403238850025,Musa,Chiliza,Male,1944-03-23,81,Citizen,South Africa,51817571,N/A,N/A,N/A,N/A,N/A,luyandamdlumbi@africa.com,+1-491-790-4683,"597 High Indawo, Bethlehem, 7042",Mbombela,North West,7292,Advertising account planner,Zulu,N/A
'TV99161,Édouard,Leconte,Male,1982-09-09,43,Citizen,United States,676402506,Retirement Visa,2023-06-28,2025-03-25,VIS59167,N/A,guerinmathilde@us.com,0476057563,"boulevard de Legros, 09418 Jacques",Breton,Northern Cape,49908,ingénieur intégration satellite,French,7
'8508128454090,Mthokozisi,Shangase,Male,1985-08-12,40,Citizen,South Africa,71353075,N/A,N/A,N/A,N/A,N/A,cndabansele@za.net,969.953.9358x165,"3544 President Indawo, uMgungundlovu, 2776",Mahikeng,North West,5748,Art therapist,Zulu,N/A
'0304104843062,Sithembiso,Mathwasa,Female,2003-04-10,22,Citizen,South Africa,18205652,N/A,N/A,N/A,N/A,N/A,bhunganethalente@za.net,404-408-5297x921,"592 Milner Indlela, Potchefstroom, 9726",Kimberley,Northern Cape,8829,Clinical cytogeneticist,Zulu,N/A
'TV95095,Eduard,Beer,Male,1971-03-29,54,Citizen,Germany,813569355,Corporate Visa,2024-09-20,2027-03-04,VIS30653,N/A,josephine85@de,01212841067,"Staudestr. 67, 38623 Griesbach Rottal",Königs Wusterhausen,North West,74667,Pilot,German,5
'8712308073090,Bandile,Ndima,Male,1987-12-30,37,Citizen,South Africa,26409948,N/A,N/A,N/A,N/A,N/A,lduma@africa.com,343-304-2478x03637,"51 Voortrekker Indlela, Randfontein, 6070",Bloemfontein,Mpumalanga,9036,"Nurse, learning disability",Zulu,N/A
'8303215344087,Minenhle,Gumede,Male,1983-03-21,42,Citizen,South Africa,90038965,N/A,N/A,N/A,N/A,N/A,zenzilemthanti@za.net,351-331-8207x35467,"88 Grey Ithafa, Kimberley, 5388",Kathu,Western Cape,9603,Marketing executive,Zulu,N/A
'TV90172,Luyanda,Gotsholo,Male,1978-09-28,46,Citizen,Nigeria,N9087195,Critical Skills Visa,2025-08-02,2028-01-25,VIS83582,N/A,sihawukele12@nigeria.com,638-233-0660,"9317 Albertina Sisulu Isitaladi, Bloemfontein, 2834",Soweto,Eastern Cape,8323,Advertising art director,Zulu,1
'PR77977635,Joséphine,Menard,Female,1988-02-09,37,Asylum Seeker,United Kingdom,614098207,Critical Skills Visa,2024-09-08,2034-09-06,PER43785,N/A,eliseturpin@uk.com,0222110933,"155, rue Pottier, 15273 Gonzaleznec",Nicolas,Limpopo,69356,botaniste,French,3
'PR55618671,Nobuhle,Thabizolo,Female,1991-10-11,33,Citizen,Lesotho,41658860,Relative's Visa,2023-07-18,2033-07-15,PER28804,N/A,ntengaminenhle@org,001-625-700-0047x2604,"213 Voortrekker Umgwaqo, eGoli, 8170",Kathu,Limpopo,1796,Tourism officer,Zulu,0
'9610142543021,Zakhele,Ndlela,Female,1996-10-14,28,Permanent Resident,South Africa,32694936,N/A,N/A,N/A,N/A,N/A,ngcamanemzamo@za.net,001-380-775-8632x6657,"50 Main Isitaladi, iKapa, 1396",Stellenbosch,Northern Cape,3565,Restaurant manager,Zulu,N/A
'5710046745022,SimphiweyiNkosi,Mahlinza,Male,1957-10-04,67,Permanent Resident,South Africa,46598965,N/A,N/A,N/A,N/A,N/A,cgambuse@za.net,981-402-0799x6288,"23 York Indlela, George, 1577",uMgungundlovu,Gauteng,3592,Osteopath,Zulu,N/A
'0511163617008,Nomthandazo,Dlangamandla,Female,2005-11-16,19,Citizen,South Africa,43150407,N/A,N/A,N/A,N/A,N/A,rmlalazi@za.net,666.461.9424x52850,"31 Paul Kruger Indlela, Bethlehem, 4851",Krugersdorp,Free State,9024,"Surveyor, building",Zulu,N/A
'4606078354077,Zenzele,Masango,Male,1946-06-07,79,Citizen,South Africa,51259434,N/A,N/A,N/A,N/A,N/A,gmphahlwa@za.net,586.326.5758,"51 York Indawo, Kathu, 7787",Vereeniging,Eastern Cape,9109,Financial controller,Zulu,N/A
'TV91705,Charles,Bigot,Male,1999-04-23,26,Citizen,United Kingdom,442994815,Retirement Visa,2024-11-17,2027-10-03,VIS99021,N/A,ferrandstephane@co.uk,02 98 07 86 47,"46, chemin Philippe, 71196 Riou",Lefebvre,Free State,64760,commerçant en alimentation,French,6
'TV12234,Musa,Mdunge,Male,2005-07-24,20,Citizen,Somalia,94014503,Critical Skills Visa,2023-10-20,2025-06-20,VIS72442,N/A,thandekathembekwayo@net,804.492.5161x8237,"690 Frere Isitaladi, Centurion, 4548",Upington,Free State,8862,Counselling psychologist,Zulu,5
'0203086827079,S'fiso,Mnqamu,Male,2002-03-08,23,Citizen,South Africa,54254071,N/A,N/A,N/A,N/A,N/A,londiwe97@za.net,(393)648-5533,"314 Commissioner Ithafa, Bethlehem, 1647",Mbombela,Western Cape,5682,Location manager,Zulu,N/A
'PR21667817,Lwandile,Mthonti,Male,1983-07-24,42,Permanent Resident,Ethiopia,20347603,Relative's Visa,2024-07-21,2034-07-19,PER14485,N/A,xgcwabe@com,777-865-6576x021,"82 Gandhi Indawo, iBhayi, 8817",Centurion,Northern Cape,8437,Aeronautical engineer,Zulu,5
'5212051644087,Busisiwe,Nkamzwayo,Female,1952-12-05,72,Citizen,South Africa,84151572,N/A,N/A,N/A,N/A,N/A,nomcebongcamu@co.za,001-495-753-8064x30364,"87 Charles Ithafa, Stellenbosch, 4550",eGoli,Gauteng,5718,"Nurse, adult",Zulu,N/A
'PR38273493,Jabulani,Ngcamu,Male,1998-11-02,26,Citizen,Somalia,96451599,Corporate Visa,2024-12-27,2034-12-25,PER63546,N/A,musa00@org,(356)327-1687,"87 Charles Indawo, Paarl, 2920",Rustenburg,Mpumalanga,5390,"Engineer, production",Zulu,13
'8207089860078,Sibonelo,Majozi,Male,1982-07-08,43,Citizen,South Africa,30898474,N/A,N/A,N/A,N/A,N/A,sdumisa@co.za,(854)530-7302,"3805 Elizabeth Umgwaqo, Potchefstroom, 9402",Benoni,Free State,7793,Warden/ranger,Zulu,N/A
'5403219775033,Bhekani,Nkala,Male,1954-03-21,71,Temporary Visa,South Africa,69611445,N/A,N/A,N/A,N/A,N/A,bandile98@co.za,618-922-1192x573,"1232 President Umgwaqo, Tembisa, 2549",Bethlehem,North West,7222,Geophysical data processor,Zulu,N/A
'0310223877023,Nonhlanhla,Galu,Female,2003-10-22,21,Asylum Seeker,South Africa,15786080,N/A,N/A,N/A,N/A,N/A,khanyisile48@za.net,001-577-594-2848x745,"28 Frere Isitaladi, Paarl, 1709",Kathu,Mpumalanga,6025,Advertising copywriter,Zulu,N/A
'PR17519146,Simone,Michel,Female,2001-02-22,24,Citizen,United States,671509148,Retirement Visa,2025-06-05,2035-06-03,PER93359,N/A,erousset@com,+33 (0)6 58 51 91 00,"42, rue Zacharie Benard, 71432 Saint Colette",Lelièvre,Mpumalanga,63162,animateur de bassin versant,French,20
'PR63429755,Bhekizizwe,Guma,Female,1996-05-29,29,Citizen,Kenya,K9015864,Corporate Visa,2025-06-27,2035-06-25,PER68089,N/A,mthantinomvula@co.ke,350.678.4334,"738 Rivonia Indlela, Centurion, 4212",Kathu,KwaZulu-Natal,3960,Financial controller,Zulu,15
'0104183885020,Khanyisile,Mabizela,Female,2001-04-18,24,Citizen,South Africa,65587055,N/A,N/A,N/A,N/A,N/A,nokulungaonjengenyamazane@africa.com,(235)828-4577x2381,"10 Charles Umgwaqo, Sasolburg, 8899",Mbombela,Western Cape,4815,Multimedia specialist,Zulu,N/A
'6201142610061,Dumisile,Ntombela,Female,1962-01-14,63,Citizen,South Africa,76989210,N/A,N/A,N/A,N/A,N/A,jgence@africa.com,732-922-5725x2888,"8066 Albertina Sisulu Isitaladi, Krugersdorp, 4670",Potchefstroom,Gauteng,8336,Contracting civil engineer,Zulu,N/A
'4204248090072,Thando,Manzi,Male,1942-04-24,83,Citizen,South Africa,75256503,N/A,N/A,N/A,N/A,N/A,knkonyeni@co.za,375.581.5309x66705,"6378 Gandhi Indawo, Boksburg, 2579",uMgungundlovu,Limpopo,4331,Oncologist,Zulu,N/A
'7712278712098,Mandla,Mbuyise,Male,1977-12-27,47,Citizen,South Africa,31278214,N/A,N/A,N/A,N/A,N/A,nozibusiso66@za.net,956-528-9615x961,"600 Main Umgwaqo, Musina, 7790",Springs,Limpopo,2075,Software engineer,Zulu,N/A
'7911290251009,Nozibusiso,Gambuse,Female,1979-11-29,45,Citizen,South Africa,16683438,N/A,N/A,N/A,N/A,N/A,mandlakhe04@co.za,(213)499-2396,"7743 James Ithafa, Kathu, 7777",uMgungundlovu,Limpopo,9070,Animator,Zulu,N/A
'4405196088033,Nhlanhla,Masango,Male,1944-05-19,81,Temporary Visa,South Africa,77224761,N/A,N/A,N/A,N/A,N/A,qmahamba@co.za,+1-403-484-2084x18184,"8695 Paul Kruger Isitaladi, Upington, 4553",Vereeniging,Northern Cape,8930,Armed forces operational officer,Zulu,N/A
'TV25071,Siphesihle,Kweyama,Female,1989-10-02,35,Permanent Resident,Nigeria,N3065753,Study Visa,2025-05-25,2027-02-25,VIS38372,N/A,bandilenyongwana@com.ng,486.497.3315,"489 Short Indawo, Vereeniging, 2321",iBhayi,Eastern Cape,9890,Sports coach,Zulu,16
'PR37972107,Mzamo,Nkwaliyenkosi,Male,1975-11-30,49,Temporary Visa,Zambia,39940570,Critical Skills Visa,2024-01-31,2034-01-28,PER63616,N/A,mcusiowethu@org,001-799-838-1774x244,"77 Thomas Ithafa, Kathu, 4901",George,Northern Cape,3898,Chiropodist,Zulu,0
'TV44863,Aurore,Da Costa,Female,1977-07-19,48,Citizen,France,508409104,Relative's Visa,2022-09-16,2023-10-09,VIS69138,N/A,raynaudpauline@france.com,0557226513,"217, chemin Gosselin, 70911 RogerVille",Rodriguez,Gauteng,32253,agent d'exploitation de l'eau,French,14
'5411091219011,Nonjabulo,Lwandle,Female,1954-11-09,70,Citizen,South Africa,28245695,N/A,N/A,N/A,N/A,N/A,thembisilenongalo@africa.com,001-903-959-5200,"74 Milner Umgwaqo, eThekwini, 1900",uMgungundlovu,Mpumalanga,5027,Mental health nurse,Zulu,N/A
'7905214800088,Thabisile,Hlela,Female,1979-05-21,46,Temporary Visa,South Africa,37893577,N/A,N/A,N/A,N/A,N/A,thabisile55@africa.com,865.224.3813,"961 Walter Sisulu Isitaladi, Soweto, 3516",Mbombela,Eastern Cape,3872,Nature conservation officer,Zulu,N/A
'AS222965,Bhekisisa,Mavuso,Female,1992-09-01,33,Citizen,Kenya,K1007441,Asylum Seeker Permit,2025-06-16,2027-06-16,ASP55588,Interview Scheduled,nomathemba87@co.ke,212.668.7368x2519,"557 Paul Kruger Umgwaqo, Rustenburg, 4136",Benoni,Limpopo,3793,"Engineer, mining",Zulu,0
'6903131613019,Nomthandazo,Jili,Female,1969-03-13,56,Citizen,South Africa,38215566,N/A,N/A,N/A,N/A,N/A,belemthokozisi@za.net,3558064555,"6826 West Indlela, Boksburg, 2583",Krugersdorp,Free State,7935,Chartered accountant,Zulu,N/A
'PR68117665,Minenhle,Dimbane,Male,2004-02-28,21,Citizen,Kenya,K2265553,Business Visa,2024-01-24,2034-01-21,PER98647,N/A,thembile49@co.ke,+1-983-409-2422x79082,"98 Churchill Ithafa, Springs, 1132",George,Free State,2759,Psychiatric nurse,Zulu,4
'5001271412044,Nomalanga,Nyawokhulu,Female,1950-01-27,75,Permanent Resident,South Africa,28162163,N/A,N/A,N/A,N/A,N/A,cmahulube@co.za,001-474-824-3447x45881,"940 Smith Ithafa, Benoni, 6947",Krugersdorp,Free State,4029,"Scientist, water quality",Zulu,N/A
'8111078164017,Mcebisi,Mbamali,Male,1981-11-07,43,Permanent Resident,South Africa,39828814,N/A,N/A,N/A,N/A,N/A,rmwelase@africa.com,(737)226-0022,"400 Gandhi Umgwaqo, Mbombela, 8008",Mbombela,Limpopo,4978,Occupational psychologist,Zulu,N/A
'4701157188009,Sphiwe,Nyanda,Male,1947-01-15,78,Citizen,South Africa,30477852,N/A,N/A,N/A,N/A,N/A,pbhungane@za.net,685-447-4260x6260,"13 Voortrekker Indawo, eGoli, 6925",Bethlehem,KwaZulu-Natal,9284,Financial trader,Zulu,N/A
'PR57647132,S'fiso,Mngwemkhulu,Male,1983-06-09,42,Citizen,Somalia,53980017,Relative's Visa,2023-06-19,2033-06-16,PER75357,N/A,phikelanoxolo@com,342-505-8180,"2734 Walter Sisulu Indlela, eGoli, 3323",Sasolburg,Free State,3204,"Programme researcher, broadcasting/film/video",Zulu,5
'5207150412066,Nomasonto,Nontuli,Female,1952-07-15,73,Temporary Visa,South Africa,54098074,N/A,N/A,N/A,N/A,N/A,londisizwemthabela@co.za,744-713-4983x68513,"4323 Church Indawo, Boksburg, 3261",Boksburg,Free State,4365,Special effects artist,Zulu,N/A
'TV16879,Thalente,Ntuli,Male,1980-07-07,45,Citizen,Somalia,23769226,Work Visa,2024-06-24,2025-03-27,VIS45934,N/A,nokulungadubazane@net,276-808-3806x726,"152 Voortrekker Indlela, Upington, 8194",uMgungundlovu,Gauteng,8893,Training and development officer,Zulu,3
'9310121863038,Noxolo,Longode,Female,1993-10-12,31,Citizen,South Africa,30778867,N/A,N/A,N/A,N/A,N/A,noxolontamonde@co.za,001-943-495-6870x2192,"315 Adelaide Ithafa, Soweto, 9786",Paarl,KwaZulu-Natal,3352,Investment analyst,Zulu,N/A
'5103218667029,Sibonelo,Malembe,Male,1951-03-21,74,Citizen,South Africa,94738204,N/A,N/A,N/A,N/A,N/A,qgoje@africa.com,(257)526-8645,"481 Prince Indlela, Benoni, 2731",Witbank,Eastern Cape,3116,Press sub,Zulu,N/A
'8302058424002,Nhlanhla,Duyaza,Male,1983-02-05,42,Permanent Resident,South Africa,29329394,N/A,N/A,N/A,N/A,N/A,nyembeziowethu@africa.com,663-981-7265x9926,"248 Adelaide Umgwaqo, Benoni, 5363",Middelburg,Northern Cape,2964,Retail banker,Zulu,N/A
'8512061425026,Zenzile,Nhlengethwa,Female,1985-12-06,39,Temporary Visa,South Africa,55609968,N/A,N/A,N/A,N/A,N/A,thandekakhubisa@africa.com,429.892.4133x539,"722 Napier Indlela, Randfontein, 5456",Vanderbijlpark,Western Cape,3164,"Runner, broadcasting/film/video",Zulu,N/A
'4210034407006,Nomasonto,Fakazi,Female,1942-10-03,82,Citizen,South Africa,14717386,N/A,N/A,N/A,N/A,N/A,ndumiso81@za.net,(420)877-5888,"9065 Milner Indlela, Rustenburg, 5612",Stellenbosch,Free State,5427,"Radiographer, diagnostic",Zulu,N/A
'AS187311,Nomthandazo,Ximba,Female,1980-10-23,44,Asylum Seeker,Eswatini,86023986,Asylum Seeker Permit,2023-05-30,2025-05-29,ASP95777,Under Review,nobuhlemayisela@org,+1-921-259-7261x74079,"804 Short Indlela, Rustenburg, 4109",Mahikeng,Mpumalanga,7541,Communications engineer,Zulu,18
'5006301563099,Nozizwe,Shazi,Female,1950-06-30,75,Citizen,South Africa,87796876,N/A,N/A,N/A,N/A,N/A,omkhithi@za.net,(346)273-9427x686,"552 Stanley Umgwaqo, Rustenburg, 7468",Paarl,Mpumalanga,5455,Merchant navy officer,Zulu,N/A
'6412259844098,Thando,Nzimande,Male,1964-12-25,60,Citizen,South Africa,31342900,N/A,N/A,N/A,N/A,N/A,gugulethumpikela@co.za,837-543-6153x6948,"72 Oxford Indawo, iKapa, 1477",Middelburg,Eastern Cape,8188,Orthoptist,Zulu,N/A
'6104297659051,S'fiso,Ndimande,Male,1961-04-29,64,Citizen,South Africa,95908399,N/A,N/A,N/A,N/A,N/A,londiwe40@za.net,2103170792,"1551 Charles Umgwaqo, Klerksdorp, 5492",Chatsworth,Limpopo,5844,Advertising account executive,Zulu,N/A
'0307214129000,Nomalanga,Mdonswa,Female,2003-07-21,22,Citizen,South Africa,54929763,N/A,N/A,N/A,N/A,N/A,sibusiso77@africa.com,985-946-9984,"254 Albertina Sisulu Isitaladi, Chatsworth, 2864",Rustenburg,KwaZulu-Natal,6713,Tourism officer,Zulu,N/A
'TV24521,अनुजा,भट्टाचार्य,Female,1982-03-19,43,Citizen,India,18121289,Work Visa,2024-09-14,2025-07-14,VIS75228,N/A,subhaassrony@co.in,+91 564 9989894,"13 अरुणा हजारिका, अगरतला 167674",रानीताल,Limpopo,112227,Video editor,Hindi,16
'8205012287081,Nqobizitha,Jibela,Female,1982-05-01,43,Permanent Resident,South Africa,95993149,N/A,N/A,N/A,N/A,N/A,sithembiso39@africa.com,683.829.7020x989,"707 Smith Indlela, eGoli, 5032",Springs,North West,4311,"Lecturer, higher education",Zulu,N/A
'4402022579028,Nkazimulo,Mthalane,Female,1944-02-02,81,Citizen,South Africa,77081019,N/A,N/A,N/A,N/A,N/A,qngiba@africa.com,813-953-5504,"16 Milner Ithafa, Kimberley, 9190",Polokwane,Eastern Cape,4016,Warden/ranger,Zulu,N/A
'0102185686015,Sphiwe,Mntungwa,Male,2001-02-18,24,Citizen,South Africa,51375040,N/A,N/A,N/A,N/A,N/A,nonjabulomavuso@co.za,001-854-792-5198,"565 Victoria Ithafa, Upington, 4071",Stellenbosch,Limpopo,9441,Professor Emeritus,Zulu,N/A
'TV53262,Zenzele,Mtshali,Male,1984-02-05,41,Citizen,Nigeria,N2348807,Study Visa,2023-09-18,2026-07-13,VIS49702,N/A,lmlaba@nigeria.com,395-951-8956,"4252 Milner Umgwaqo, Springs, 1977",Paarl,KwaZulu-Natal,2002,"Administrator, Civil Service",Zulu,12
'6605305327072,Zenzele,Madlala,Male,1966-05-30,59,Citizen,South Africa,18552090,N/A,N/A,N/A,N/A,N/A,pmahulube@co.za,5447404525,"90 Commissioner Indawo, iBhayi, 5263",Randfontein,Western Cape,2882,"Surveyor, minerals",Zulu,N/A
'6505139257050,Lungile,Mdlanyoka,Male,1965-05-13,60,Citizen,South Africa,37927990,N/A,N/A,N/A,N/A,N/A,xmsane@za.net,(336)442-1439x53036,"14 Smith Ithafa, Benoni, 6838",Stellenbosch,Western Cape,3137,Sports coach,Zulu,N/A
'5205065657032,Andile,Gumbi,Male,1952-05-06,73,Citizen,South Africa,81910187,N/A,N/A,N/A,N/A,N/A,bhekizizweludonga@co.za,309-658-2946,"1871 Victoria Umgwaqo, Mahikeng, 5440",Kimberley,Eastern Cape,9582,Television/film/video producer,Zulu,N/A
'9611194916007,Mnqobi,Mgazi,Female,1996-11-19,28,Citizen,South Africa,96220005,N/A,N/A,N/A,N/A,N/A,thembekile70@africa.com,+1-313-449-9052x6203,"500 King Indlela, Kathu, 1516",Kimberley,North West,6381,Video editor,Zulu,N/A
'8902184133097,Bhekizizwe,Mahlalela,Female,1989-02-18,36,Citizen,South Africa,88346406,N/A,N/A,N/A,N/A,N/A,vusumuzikhumalo@za.net,749-299-1876,"6330 Edward Indawo, Rustenburg, 2554",Benoni,Eastern Cape,8687,Special effects artist,Zulu,N/A
'4803117702038,Lungile,Mcambe,Male,1948-03-11,77,Citizen,South Africa,74355233,N/A,N/A,N/A,N/A,N/A,sokhwebulanozibusiso@africa.com,891-877-2785x704,"87 King Isitaladi, Boksburg, 3636",eGoli,North West,8400,Communications engineer,Zulu,N/A
'4109120031073,Sihawukele,Sabelo,Female,1941-09-12,84,Citizen,South Africa,45559015,N/A,N/A,N/A,N/A,N/A,vngcamu@za.net,+1-202-799-6670x08438,"60 Churchill Umgwaqo, Polokwane, 3199",Centurion,Gauteng,3212,Structural engineer,Zulu,N/A
'PR95319404,Bandile,Gwagwa,Male,2004-10-09,20,Citizen,Lesotho,61397557,Retirement Visa,2024-08-14,2034-08-12,PER11310,N/A,nonjabulobantwini@org,742-869-6081,"39 Edward Umgwaqo, eThekwini, 5032",Vanderbijlpark,Free State,2423,"Copywriter, advertising",Zulu,14
'5312126214017,Thando,Ngomane,Male,1953-12-12,71,Citizen,South Africa,70469664,N/A,N/A,N/A,N/A,N/A,mbuyisenokulunga@africa.com,001-760-354-2463x41904,"475 Churchill Isitaladi, Mbombela, 8571",Boksburg,Western Cape,7820,Oceanographer,Zulu,N/A
'4004148365089,Langalibalele,Nyokayebululu,Male,1940-04-14,85,Temporary Visa,South Africa,86444340,N/A,N/A,N/A,N/A,N/A,thandekajali@africa.com,647-532-8753,"62 Stanley Indlela, uMgungundlovu, 3918",Rustenburg,Limpopo,7275,Writer,Zulu,N/A
'9309109977099,Sphiwe,Mahlalela,Male,1993-09-10,32,Citizen,South Africa,42413247,N/A,N/A,N/A,N/A,N/A,dmdlumbi@za.net,6052826369,"1170 Queen Indlela, Randfontein, 4426",Randfontein,Gauteng,1224,"Designer, furniture",Zulu,N/A
'7602102407035,Londiwe,Langa,Female,1976-02-10,49,Citizen,South Africa,74196832,N/A,N/A,N/A,N/A,N/A,sithembiso59@za.net,615.911.5574x86871,"4250 Walter Sisulu Ithafa, Thohoyandou, 2640",Krugersdorp,Eastern Cape,6853,Administrator,Zulu,N/A
'TV23588,Thomas,Lopes,Male,2004-11-17,20,Citizen,United Kingdom,343265533,Retirement Visa,2024-06-08,2026-09-09,VIS39731,N/A,cdavid@co.uk,04 94 81 11 79,"861, rue Delannoy, 78377 Barbe",François-sur-Blot,Mpumalanga,10971,chef de projet éolien,French,3
'8911219051060,Mcebisi,Menziwa,Male,1989-11-21,35,Citizen,South Africa,78314406,N/A,N/A,N/A,N/A,N/A,mbuyisenozibusiso@co.za,7849036920,"3930 William Indlela, eGoli, 2454",Krugersdorp,KwaZulu-Natal,7735,"Accountant, chartered certified",Zulu,N/A
'7010039886018,Thabani,Ntshalintshali,Male,1970-10-03,54,Temporary Visa,South Africa,32275167,N/A,N/A,N/A,N/A,N/A,bhekisisamazwi@za.net,+1-909-726-0798,"2553 Somerset Indlela, Chatsworth, 7566",Springs,Eastern Cape,1679,"Buyer, retail",Zulu,N/A
'8604241705042,Silondile,Khaphela,Female,1986-04-24,39,Citizen,South Africa,10878724,N/A,N/A,N/A,N/A,N/A,nomasonto98@co.za,7716009416,"44 Joseph Indlela, Chatsworth, 9822",Chatsworth,KwaZulu-Natal,6528,"Pharmacist, hospital",Zulu,N/A
'4910095737074,Siyabonga,Nyandeni,Male,1949-10-09,75,Permanent Resident,South Africa,16206344,N/A,N/A,N/A,N/A,N/A,thandiwemalambule@za.net,+1-728-853-0110x6614,"27 Prince Umgwaqo, iKapa, 4519",Benoni,Free State,8223,Press sub,Zulu,N/A
'TV43975,Vusumuzi,Silangwe,Male,1977-08-11,48,Citizen,Zambia,39246856,Study Visa,2024-08-15,2026-05-21,VIS99137,N/A,silondilemathetha@net,001-719-662-8610x51870,"45 Joseph Ithafa, Polokwane, 8943",Springs,Eastern Cape,3705,Acupuncturist,Zulu,18
'TV56068,Laetitia,Bailly,Female,1996-01-23,29,Citizen,United States,247150575,Relative's Visa,2023-08-12,2025-08-19,VIS42749,N/A,mdelorme@com,0285697206,"chemin Gonzalez, 22225 Sainte ClémenceBourg",Sainte AlexBourg,Gauteng,97176,ingénieur en chef territorial,French,14
'6206243505043,Thandeka,Ngomane,Female,1962-06-24,63,Permanent Resident,South Africa,33703530,N/A,N/A,N/A,N/A,N/A,makhanyazenzile@za.net,572-652-2832x4242,"8941 Churchill Isitaladi, iKapa, 2893",Vanderbijlpark,Free State,4392,Energy manager,Zulu,N/A
'PR42069932,Jabulani,Malambule,Male,1989-09-19,35,Permanent Resident,Nigeria,N4195139,Retirement Visa,2024-08-07,2034-08-05,PER65139,N/A,cebisamzamo@nigeria.com,001-652-248-8630x005,"8184 Clarence Indlela, Randfontein, 4704",Soweto,Free State,8289,Research scientist (medical),Zulu,17
'PR32494877,Nqobizitha,Ayize,Female,1970-06-12,55,Permanent Resident,Zambia,93193304,Critical Skills Visa,2025-08-05,2035-08-03,PER20468,N/A,nonjabulo61@com,572-467-8168x808,"76 Oxford Indlela, Soweto, 4872",Boksburg,KwaZulu-Natal,7719,Health promotion specialist,Zulu,14
'8809118111052,Mandla,Ndinisa,Male,1988-09-11,37,Citizen,South Africa,47075296,N/A,N/A,N/A,N/A,N/A,vusumuzishabalala@africa.com,001-216-700-2677,"5518 Smith Indlela, Centurion, 9779",Tembisa,Eastern Cape,1810,Optometrist,Zulu,N/A
'TV85340,Bandile,Bhensela,Male,1982-07-01,43,Permanent Resident,Lesotho,44205716,Study Visa,2024-12-25,2025-12-07,VIS96965,N/A,mlungisigwala@com,(394)708-0440x00652,"700 Oxford Isitaladi, Krugersdorp, 1093",iBhayi,Mpumalanga,4588,"Sound technician, broadcasting/film/video",Zulu,4
'TV91354,Thalente,Mcambe,Female,1979-10-19,45,Citizen,Kenya,K8032934,Critical Skills Visa,2024-11-04,2027-09-04,VIS52229,N/A,bmyeni@kenya.com,410-360-5925x400,"8011 Frere Isitaladi, eGoli, 8172",Tembisa,Eastern Cape,6744,Physiological scientist,Zulu,17
'PR15912138,Sphiwe,Mcwaye,Male,1984-02-11,41,Citizen,Somalia,94626730,Retirement Visa,2023-11-22,2033-11-19,PER27970,N/A,nkosilungile@com,9298542324,"592 Main Indawo, Uitenhage, 9807",Tembisa,Eastern Cape,1058,"Buyer, industrial",Zulu,3
'6006060981025,Nonhlanhla,Hangala,Female,1960-06-06,65,Citizen,South Africa,82391347,N/A,N/A,N/A,N/A,N/A,umajola@za.net,684.215.0247,"78 William Ithafa, Rustenburg, 8449",Welkom,Mpumalanga,3580,Estate agent,Zulu,N/A
'PR47536133,Thabisa,Galu,Female,1991-06-24,34,Citizen,Zimbabwe,ZI894947,Relative's Visa,2024-09-15,2034-09-13,PER23407,N/A,siyabongatukane@zimbabwe.com,3092238450,"88 William Umgwaqo, Thohoyandou, 9531",Chatsworth,Free State,6334,Airline pilot,Zulu,10
'PR41951969,Nomathalente,Mtolo,Female,1992-05-02,33,Permanent Resident,Ethiopia,34486404,Retirement Visa,2025-03-18,2035-03-16,PER60665,N/A,thandazile17@com,876-968-7636,"4246 Grey Isitaladi, Thohoyandou, 8074",Randfontein,Western Cape,2241,Structural engineer,Zulu,18
'0001100723019,Gugu,Jali,Female,2000-01-10,25,Citizen,South Africa,20903663,N/A,N/A,N/A,N/A,N/A,musa78@co.za,+1-467-640-6694x586,"28 High Indlela, Mahikeng, 5579",Soweto,KwaZulu-Natal,6734,Architectural technologist,Zulu,N/A
'PR81059622,玉华,黄,Female,1972-03-05,53,Citizen,China,31715041,Corporate Visa,2023-05-31,2033-05-28,PER59507,N/A,yang91@com.cn,18177414243,湖北省澳门县徐汇辛集路G座 207882,哈尔滨市,Free State,475239,医疗器械注册,Mandarin,3
'7305073195068,Amahle,Ndlondlo,Female,1973-05-07,52,Asylum Seeker,South Africa,98524524,N/A,N/A,N/A,N/A,N/A,khuluthembisile@africa.com,001-954-934-9904,"719 Paul Kruger Isitaladi, Mbombela, 2754",Vereeniging,North West,6219,Chief Strategy Officer,Zulu,N/A
'TV25199,Thabisa,Vundla,Female,1998-07-08,27,Temporary Visa,Zambia,28211316,Work Visa,2023-09-23,2025-08-02,VIS69287,N/A,jokiwemlungisi@net,001-447-763-8543x24866,"2735 Somerset Isitaladi, Polokwane, 5968",Polokwane,Western Cape,1542,Freight forwarder,Zulu,9
'6004281054091,Nothando,Khambule,Female,1960-04-28,65,Citizen,South Africa,44729418,N/A,N/A,N/A,N/A,N/A,thabisilemahamba@co.za,585.922.7976x7132,"60 Nelson Mandela Indlela, Bloemfontein, 9530",Randfontein,North West,1348,"Teacher, early years/pre",Zulu,N/A
'4203251530002,Thembekile,Dinwa,Female,1942-03-25,83,Citizen,South Africa,15223628,N/A,N/A,N/A,N/A,N/A,mcwayesiyabonga@za.net,397-467-2682x8434,"7026 York Indlela, Bethlehem, 3324",Randfontein,Northern Cape,3463,Database administrator,Zulu,N/A
'5108026084052,Mlungisi,Mbhense,Male,1951-08-02,74,Citizen,South Africa,25701043,N/A,N/A,N/A,N/A,N/A,londiwe19@africa.com,560-549-3090x6998,"48 Frere Isitaladi, Witbank, 5619",eGoli,Western Cape,8826,Clinical biochemist,Zulu,N/A
'PR85780572,Sibonelo,Hlophe,Male,1975-06-04,50,Permanent Resident,Ghana,G7976481,Work Visa,2025-06-29,2035-06-27,PER22806,N/A,sonqandilenobuhle@ghana.com,373-301-7518,"27 Nelson Mandela Isitaladi, eGoli, 1478",Boksburg,Eastern Cape,1281,Contractor,Zulu,9
'8208034955003,Nomathalente,Mtuswa,Female,1982-08-03,43,Temporary Visa,South Africa,17660405,N/A,N/A,N/A,N/A,N/A,nokulunga31@co.za,5777920816,"104 James Indlela, Potchefstroom, 1674",Bethlehem,Northern Cape,2656,Equality and diversity officer,Zulu,N/A
'9711259399086,Sibusiso,Bayeni,Male,1997-11-25,27,Citizen,South Africa,36629432,N/A,N/A,N/A,N/A,N/A,sibusisoxolo@co.za,+1-354-697-5023x8398,"297 Oxford Isitaladi, Stellenbosch, 9010",Uitenhage,Mpumalanga,4796,Broadcast presenter,Zulu,N/A
'PR38726606,राजेन्द्र,मुख़र्जी,Male,1993-09-20,31,Citizen,India,24675024,Retirement Visa,2025-03-01,2035-02-27,PER11028,N/A,krishmaa14@india.com,+91 7091185931,"7300 मुक्ता चोधरी, अगरतला-764158",देवगढ़,Mpumalanga,584013,"Therapist, speech and language",Hindi,1
'5002017216071,Mandla,Galu,Male,1950-02-01,75,Citizen,South Africa,19736316,N/A,N/A,N/A,N/A,N/A,longodenozizwe@africa.com,+1-403-978-5315x174,"9350 Prince Umgwaqo, uMgungundlovu, 8646",Bethlehem,KwaZulu-Natal,5548,"Teacher, adult education",Zulu,N/A
'TV57965,Gabrielle,Masson,Female,1994-10-27,30,Citizen,France,709417197,Critical Skills Visa,2025-03-22,2027-08-12,VIS21434,N/A,denisealves@fr,+33 4 90 77 21 98,"5, boulevard Joseph, 97166 Pierre",Barthelemy,Western Cape,20835,sociologue,French,2
'9510157408086,Sibusiso,Mgwaba,Male,1995-10-15,29,Citizen,South Africa,20394817,N/A,N/A,N/A,N/A,N/A,bhekokwakhengubane@za.net,333.297.1285x16885,"3232 King Indlela, Potchefstroom, 2817",Polokwane,Limpopo,2273,Special effects artist,Zulu,N/A
'TV32777,Thando,Sikwayo,Male,1970-05-11,55,Citizen,Tanzania,97219006,Corporate Visa,2025-02-04,2025-08-19,VIS47975,N/A,imcwaye@net,819.460.2978x50190,"52 Nelson Mandela Ithafa, eGoli, 8899",Boksburg,Mpumalanga,2130,Barista,Zulu,19
'4109116394096,Mzamo,Mabaso,Male,1941-09-11,84,Asylum Seeker,South Africa,39179556,N/A,N/A,N/A,N/A,N/A,kunenenomusa@za.net,001-392-688-6720x2056,"14 Milner Umgwaqo, Vereeniging, 2579",iBhayi,Mpumalanga,6344,Geophysical data processor,Zulu,N/A
'8808031387012,Nonhlanhla,Mthiya,Female,1988-08-03,37,Citizen,South Africa,47997201,N/A,N/A,N/A,N/A,N/A,simphiwehlongwa@co.za,854-850-2133,"93 Oxford Indawo, Soweto, 4716",Rustenburg,Mpumalanga,7920,"Exhibitions officer, museum/gallery",Zulu,N/A
'9012277875068,Nhlanhla,Weza,Male,1990-12-27,34,Citizen,South Africa,36366492,N/A,N/A,N/A,N/A,N/A,sphiwe00@co.za,(758)598-4692x81887,"9905 Churchill Umgwaqo, Bethlehem, 8027",Vanderbijlpark,Northern Cape,1770,International aid/development worker,Zulu,N/A
'0111247959014,Mandlakhe,Mqungebe,Male,2001-11-24,23,Citizen,South Africa,70787672,N/A,N/A,N/A,N/A,N/A,sibongile44@za.net,307-262-4645x9216,"44 Short Isitaladi, Mbombela, 9659",Mbombela,Mpumalanga,7823,"Engineer, site",Zulu,N/A
'PR37321294,Nozibusiso,Gubhela,Female,1985-05-16,40,Citizen,Ghana,G7155303,Critical Skills Visa,2024-02-07,2034-02-04,PER57766,N/A,mandla53@ghana.com,001-387-297-4368x2822,"443 Commissioner Indawo, Bethlehem, 3377",Mbombela,Eastern Cape,6886,Network engineer,Zulu,7
'4705050603064,Simphiwe,Mzulwini,Female,1947-05-05,78,Citizen,South Africa,15387557,N/A,N/A,N/A,N/A,N/A,bhembenomcebo@co.za,(383)807-3080,"29 Queen Indlela, Polokwane, 2325",Witbank,Mpumalanga,6840,Planning and development surveyor,Zulu,N/A
'7307259723095,SimphiweyiNkosi,Mshazi,Male,1973-07-25,52,Citizen,South Africa,39386225,N/A,N/A,N/A,N/A,N/A,pkhonjwayo@co.za,8955490577,"56 Rivonia Indlela, Bloemfontein, 1314",Potchefstroom,Eastern Cape,9676,"Research officer, government",Zulu,N/A
'9705068593079,Mthokozisi,Dlomo,Male,1997-05-06,28,Citizen,South Africa,95368636,N/A,N/A,N/A,N/A,N/A,thalentehlengwa@za.net,001-391-703-6684x078,"382 Cecil Isitaladi, uMgungundlovu, 1468",iBhayi,Gauteng,4170,Landscape architect,Zulu,N/A
'8103112215077,Thembile,Magubane,Female,1981-03-11,44,Citizen,South Africa,44998837,N/A,N/A,N/A,N/A,N/A,pnhlanhla@za.net,921-234-3498,"7057 Clarence Umgwaqo, Musina, 1779",Uitenhage,Mpumalanga,7167,"Psychologist, sport and exercise",Zulu,N/A
'6703105398095,Njabulo,Ndlala,Male,1967-03-10,58,Citizen,South Africa,53052963,N/A,N/A,N/A,N/A,N/A,gmbanjwa@za.net,(389)290-4484,"8602 Milner Ithafa, eGoli, 6270",Vereeniging,KwaZulu-Natal,8722,Physiological scientist,Zulu,N/A
'5507218200006,Langalibalele,Khwane,Male,1955-07-21,70,Citizen,South Africa,87409678,N/A,N/A,N/A,N/A,N/A,sibusiso62@za.net,001-865-901-6240x416,"4347 Oxford Indlela, Kathu, 6817",Springs,Free State,5398,Commissioning editor,Zulu,N/A
'4301173838030,Nomathemba,Nontanda,Female,1943-01-17,82,Citizen,South Africa,90282269,N/A,N/A,N/A,N/A,N/A,mvububhekizizwe@africa.com,+1-485-437-8807x6490,"24 Frere Umgwaqo, Thohoyandou, 8323",Tembisa,Northern Cape,7490,Radio producer,Zulu,N/A
'9408139666094,Njabulo,Sondisa,Male,1994-08-13,31,Citizen,South Africa,89223500,N/A,N/A,N/A,N/A,N/A,bmpangazitha@africa.com,498.734.0047x0575,"7723 Victoria Umgwaqo, Klerksdorp, 1748",Uitenhage,Eastern Cape,3586,Communications engineer,Zulu,N/A
'PR32937936,Luyanda,Gubhuza,Male,1993-10-14,31,Citizen,Somalia,55699217,Relative's Visa,2025-06-28,2035-06-26,PER13419,N/A,mahlalelasibusiso@net,969-423-5442x304,"70 Gandhi Indawo, Randfontein, 3967",iBhayi,Mpumalanga,4616,"Teacher, music",Zulu,16
'4912135697035,Luyanda,Nyawo,Male,1949-12-13,75,Citizen,South Africa,38931131,N/A,N/A,N/A,N/A,N/A,bandilemdaka@co.za,844.215.4625,"3703 Milner Indawo, Chatsworth, 9740",Stellenbosch,Free State,2992,Veterinary surgeon,Zulu,N/A
'TV51478,Nathalie,Leblanc,Female,2002-12-19,22,Permanent Resident,United Kingdom,679952051,Study Visa,2025-05-29,2025-10-29,VIS73199,N/A,jguilbert@co.uk,+33 (0)2 62 58 66 78,"397, chemin Marcel Raymond, 48724 Saint Chantalnec",Dijoux,Gauteng,91890,constructeur de routes,French,14
'8812045100078,Sibusiso,Lange,Male,1988-12-04,36,Citizen,South Africa,40322918,N/A,N/A,N/A,N/A,N/A,gxabhashenjabulo@co.za,(879)924-0241,"223 Milner Isitaladi, Welkom, 6160",Newcastle,Northern Cape,9006,Land,Zulu,N/A
'6212068653079,Bhekani,Msomi,Male,1962-12-06,62,Citizen,South Africa,79430410,N/A,N/A,N/A,N/A,N/A,thalentemphemba@za.net,391-394-2417,"17 Cecil Ithafa, eGoli, 2378",Welkom,Limpopo,3469,Forensic psychologist,Zulu,N/A
'7903119109018,Mthokozisi,Nkwali,Male,1979-03-11,46,Citizen,South Africa,48861664,N/A,N/A,N/A,N/A,N/A,thoyananjabulo@za.net,962.281.7146x100,"4156 High Indawo, Newcastle, 5940",Newcastle,Free State,4431,Town planner,Zulu,N/A
'0405241921087,Olwethu,Dlamini,Female,2004-05-24,21,Citizen,South Africa,33718467,N/A,N/A,N/A,N/A,N/A,bhekani30@za.net,7687945836,"293 Somerset Ithafa, eThekwini, 2254",Mahikeng,Western Cape,5497,Interior and spatial designer,Zulu,N/A
'6407024078005,Nomathalente,Nzamela,Female,1964-07-02,61,Citizen,South Africa,92166849,N/A,N/A,N/A,N/A,N/A,siphesihlemayeza@africa.com,(963)997-6336,"344 High Ithafa, Kimberley, 1660",Stellenbosch,North West,2793,Technical author,Zulu,N/A
'4908024423051,Londiwe,Gcaleka,Female,1949-08-02,76,Citizen,South Africa,18234577,N/A,N/A,N/A,N/A,N/A,dukadanomusa@co.za,815-427-6502,"2039 Paul Kruger Ithafa, iBhayi, 8761",Uitenhage,Eastern Cape,9241,Television production assistant,Zulu,N/A
'8310074754052,Zenzile,Nzimase,Female,1983-10-07,41,Temporary Visa,South Africa,99624509,N/A,N/A,N/A,N/A,N/A,wmenziwa@co.za,(552)392-0508,"164 President Ithafa, Chatsworth, 5406",Krugersdorp,Northern Cape,9592,Agricultural engineer,Zulu,N/A
'PR61014043,Thalente,Khabalidaka,Male,1977-02-18,48,Citizen,Lesotho,95756937,Work Visa,2023-02-10,2033-02-07,PER89891,N/A,olwethumkhumbuzi@net,001-264-274-9611,"5804 President Isitaladi, Mbombela, 5570",Springs,Limpopo,8118,"Optician, dispensing",Zulu,15
'8208206080020,Mzamo,Bhejelibomvu,Male,1982-08-20,43,Temporary Visa,South Africa,67087064,N/A,N/A,N/A,N/A,N/A,nomathalente31@africa.com,001-246-723-7616x9070,"199 Grey Isitaladi, Upington, 8633",Centurion,Mpumalanga,8412,"Engineer, agricultural",Zulu,N/A
