ID Number,First Name,Last Name,Gender,Date of Birth,Age,Immigration Status,Country of Origin,Passport Number,Visa Type,Visa Issue Date,Visa Expiry Date,Permit Number,Asylum Status,Biometric Score,Email,Phone Number,Address,City,Province,Postal Code,Occupation,Language,Years in SA
'PR14569785,Sithembiso,Chiliza,Female,1993-11-04,31,Citizen,Botswana,BO287786,Retirement Visa,2023-09-29,2033-09-26,PER53387,N/A,0.92,nomusamthombeni@org,594-662-7590x9340,"26 Church Isitaladi, Vanderbijlpark, 8488",Newcastle,Western Cape,1452,Catering manager,Zulu,0
'8001100059062,Thuthukile,Swazi,Female,1980-01-10,45,Temporary Visa,South Africa,22696788,N/A,N/A,N/A,N/A,N/A,0.84,londiwelubelo@za.net,+1-831-311-3628x855,"6802 George Indlela, iBhayi, 3516",Centurion,KwaZulu-Natal,8811,Pharmacologist,Zulu,N/A
'PR96551747,Augustin,Guillaume,Male,1975-12-14,49,Asylum Seeker,Democratic Republic of Congo,13531640,Business Visa,2024-08-01,2034-07-30,PER59856,N/A,0.9,massonalain@org,0466202141,"23, rue Aimé Delmas, 13797 Leconte",Legrand-sur-Goncalves,Mpumalanga,19902,chef des ventes,French,2
'9901091153024,Bhekisisa,Mphankomo,Female,1999-01-09,26,Permanent Resident,South Africa,88735225,N/A,N/A,N/A,N/A,N/A,0.96,mngomathandiwe@za.net,896.425.6901x97607,"429 Thomas Indlela, Welkom, 1279",Boksburg,Western Cape,6430,Maintenance engineer,Zulu,N/A
'7703261743028,Nokulunga,Mabaso,Female,1977-03-26,48,Permanent Resident,South Africa,30941191,N/A,N/A,N/A,N/A,N/A,0.91,londiwemabuya@za.net,395.574.6637x166,"936 James Indlela, Soweto, 8629",Centurion,Northern Cape,3853,Metallurgist,Zulu,N/A
'6103045169024,Sibusiso,Mbatshazwa,Male,1961-03-04,64,Citizen,South Africa,87803621,N/A,N/A,N/A,N/A,N/A,0.82,nomasontomhlongo@co.za,447-968-6397x3377,"59 Adelaide Indlela, Klerksdorp, 3877",Mbombela,Limpopo,4698,"Designer, fashion/clothing",Zulu,N/A
'8405290732036,Nomathalente,Mpila,Female,1984-05-29,41,Temporary Visa,South Africa,21298421,N/A,N/A,N/A,N/A,N/A,0.93,nobantumangena@africa.com,482-234-9404x966,"9560 Elizabeth Ithafa, Polokwane, 8555",Rustenburg,Mpumalanga,4704,"Engineer, civil (consulting)",Zulu,N/A
'8109167440044,Bhekani,Sibiya,Male,1981-09-16,44,Permanent Resident,South Africa,17072250,N/A,N/A,N/A,N/A,N/A,1.0,thandeka54@za.net,(311)493-1677x8745,"246 Edward Indawo, Bethlehem, 9320",eGoli,Free State,8335,Plant breeder/geneticist,Zulu,N/A
'6609063073008,Dumisile,Nzimande,Female,1966-09-06,59,Temporary Visa,South Africa,22078238,N/A,N/A,N/A,N/A,N/A,0.87,thembile33@africa.com,+1-674-499-9598x453,"449 Prince Isitaladi, iBhayi, 7648",Rustenburg,Gauteng,3258,"Investment banker, operational",Zulu,N/A
'PR66270941,Sophie,Boucher,Female,2004-01-03,21,Citizen,United Kingdom,157512535,Business Visa,2024-10-22,2034-10-20,PER22424,N/A,0.61,simonemerle@co.uk,+33 (0)5 17 29 01 16,"64, rue de Evrard, 15190 Vasseurdan",Bouchet,Eastern Cape,63693,responsable de réseau d'assainissement,French,12
'8601058036081,Mzamo,Qomazitha,Male,1986-01-05,39,Citizen,South Africa,13080365,N/A,N/A,N/A,N/A,N/A,0.88,longodenomagugu@africa.com,(295)251-7885x39088,"1196 Cecil Isitaladi, Paarl, 9858",Mbombela,KwaZulu-Natal,6250,Musician,Zulu,N/A
'7509113884086,Sihawukele,Wasendlunkulu,Female,1975-09-11,50,Citizen,South Africa,69762209,N/A,N/A,N/A,N/A,N/A,0.93,msuthundumiso@co.za,+1-955-930-0887,"979 Paul Kruger Indawo, Mahikeng, 4693",Paarl,KwaZulu-Natal,4040,"Surveyor, minerals",Zulu,N/A
'8211059719045,Zenzele,Tiba,Male,1982-11-05,42,Citizen,South Africa,45195795,N/A,N/A,N/A,N/A,N/A,0.92,thembeka48@co.za,+1-571-559-7778x627,"7082 High Indawo, Polokwane, 1550",Randfontein,Western Cape,9430,Multimedia specialist,Zulu,N/A
'8303054675009,Thalente,Chagwe,Female,1983-03-05,42,Asylum Seeker,South Africa,69089355,N/A,N/A,N/A,N/A,N/A,0.82,mnyawose@africa.com,964-610-8222x0361,"275 Clarence Umgwaqo, Middelburg, 1527",Upington,Limpopo,9991,Teaching laboratory technician,Zulu,N/A
'AS316564,Nozibusiso,Mabhoko,Female,1992-06-14,33,Asylum Seeker,Lesotho,61325570,Asylum Seeker Permit,2023-06-07,2025-06-06,ASP77973,Application Submitted,0.38,nomalangagengeshe@com,687-263-3416,"612 Long Indlela, Springs, 4004",Soweto,North West,3441,"Programme researcher, broadcasting/film/video",Zulu,17
'6703234887094,Sihawukele,Lukhele,Female,1967-03-23,58,Citizen,South Africa,14349441,N/A,N/A,N/A,N/A,N/A,0.89,khaphelanomagugu@africa.com,(977)907-1853x5016,"661 Prince Umgwaqo, Welkom, 7211",Kimberley,Limpopo,1058,"Development worker, international aid",Zulu,N/A
'TV98206,Grégoire,Torres,Male,2000-05-16,25,Citizen,United Kingdom,380558319,Work Visa,2022-12-27,2023-04-09,VIS77874,N/A,0.55,tristan20@co.uk,02 55 50 45 47,"avenue Vincent, 92957 Prévost",Picard-sur-Andre,North West,01178,monteur en installations thermiques et climatiques,French,10
'PR82213079,Philippe,Barre,Male,1989-01-31,36,Citizen,United Kingdom,998512199,Relative's Visa,2024-02-03,2034-01-31,PER31330,N/A,0.71,ibegue@uk.com,04 38 59 74 27,"4, avenue Jacquot, 90540 GrondinBourg",Guillou,Limpopo,84153,animateur de bassin versant,French,4
'9207216681037,Zenzele,Shengele,Male,1992-07-21,33,Citizen,South Africa,30614743,N/A,N/A,N/A,N/A,N/A,0.81,djamile@africa.com,965.211.1247x4711,"8724 Walter Sisulu Indawo, Boksburg, 6525",Kathu,Eastern Cape,4738,Market researcher,Zulu,N/A
'PR73950712,Nothando,Miya,Female,1972-11-17,52,Citizen,Somalia,14817836,Corporate Visa,2023-10-12,2033-10-09,PER76805,N/A,0.67,pmakhedama@net,001-796-345-3400,"53 William Umgwaqo, Middelburg, 1391",Middelburg,Mpumalanga,9572,Glass blower/designer,Zulu,0
'6806154183019,Bhekokwakhe,Nomvuma,Female,1968-06-15,57,Permanent Resident,South Africa,10842870,N/A,N/A,N/A,N/A,N/A,0.71,imkhize@co.za,001-472-233-2755x80159,"5541 Gandhi Umgwaqo, Kathu, 6265",George,Mpumalanga,5816,Theatre director,Zulu,N/A
'6702255710014,Jabulani,Mtumaseli,Male,1967-02-25,58,Citizen,South Africa,89273261,N/A,N/A,N/A,N/A,N/A,0.96,nngema@africa.com,796-615-8620x213,"3173 Joseph Indlela, Welkom, 6052",Springs,Gauteng,8127,Seismic interpreter,Zulu,N/A
'TV52292,Amahle,Mapholoba,Female,1991-11-11,33,Citizen,Eswatini,25883071,Critical Skills Visa,2025-08-05,2027-12-29,VIS34195,N/A,0.87,esibhene@org,772.902.5704x9800,"41 Gandhi Ithafa, iKapa, 8966",Uitenhage,KwaZulu-Natal,2930,"Loss adjuster, chartered",Zulu,10
'9010232635019,Zakhele,Mncwabe,Female,1990-10-23,34,Citizen,South Africa,50452182,N/A,N/A,N/A,N/A,N/A,0.84,thalente91@za.net,(433)821-6253x6401,"21 Nelson Mandela Isitaladi, Bloemfontein, 4605",Potchefstroom,Limpopo,8311,"Accountant, chartered",Zulu,N/A
'PR79884121,Eugène,Launay,Male,1993-03-14,32,Asylum Seeker,United States,601106613,Retirement Visa,2025-05-30,2035-05-28,PER68768,N/A,0.81,brigitte00@com,+33 2 28 12 43 87,"76, avenue Gay, 12629 Diaz-sur-Mer",Saint Thérèse-les-Bains,Free State,22139,médecin humanitaire,French,6
'5101307074062,Andile,Khabalidaka,Male,1951-01-30,74,Citizen,South Africa,81120613,N/A,N/A,N/A,N/A,N/A,0.92,thabisilemotha@co.za,300-398-2930x977,"2249 Napier Indawo, Uitenhage, 2983",Sasolburg,North West,7003,Curator,Zulu,N/A
'8701291387009,Nomathemba,Mhlungu,Female,1987-01-29,38,Citizen,South Africa,68486021,N/A,N/A,N/A,N/A,N/A,0.85,mkhathinisfiso@co.za,326-791-5288x49585,"321 Joseph Umgwaqo, Soweto, 4631",Vereeniging,Western Cape,3299,Operational investment banker,Zulu,N/A
'4105107454005,Andile,Mhlabandlovu,Male,1941-05-10,84,Permanent Resident,South Africa,12897287,N/A,N/A,N/A,N/A,N/A,0.86,nokulungafihlela@africa.com,402-690-8871x91798,"6023 Short Isitaladi, iKapa, 5968",Centurion,Free State,2810,General practice doctor,Zulu,N/A
'7506307084051,Thabani,Mathebula,Male,1975-06-30,50,Citizen,South Africa,67275777,N/A,N/A,N/A,N/A,N/A,0.76,nzimathabisile@africa.com,+1-655-636-8555x8564,"9316 Voortrekker Indlela, Rustenburg, 5769",Witbank,KwaZulu-Natal,2551,Chartered accountant,Zulu,N/A
'PR64635943,Rémy,Verdier,Male,2002-07-25,23,Citizen,France,663327024,Critical Skills Visa,2023-01-30,2033-01-27,PER98381,N/A,0.83,charlotte94@fr,03 87 13 96 32,"345, avenue Paul Dos Santos, 64192 Clément",GalletBourg,KwaZulu-Natal,35224,monteur en installations thermiques et climatiques,French,12
'PR70275996,Thibault,Lecomte,Male,1987-09-26,38,Citizen,France,161268600,Corporate Visa,2023-08-25,2033-08-22,PER14303,N/A,0.68,stephaniegilbert@france.com,06 33 97 85 75,"44, boulevard de Teixeira, 05340 AubertBourg",Robin-sur-Mer,KwaZulu-Natal,54409,technicien d'analyses biomédicales,French,13
'5501189543042,Zenzele,Godide,Male,1955-01-18,70,Citizen,South Africa,86743466,N/A,N/A,N/A,N/A,N/A,0.95,njabulo65@za.net,513-731-1773x759,"3606 Short Umgwaqo, Middelburg, 8219",Bloemfontein,Northern Cape,2246,Accounting technician,Zulu,N/A
'PR56026406,Bandile,Mjadu,Male,1992-10-21,32,Temporary Visa,Zambia,27121655,Study Visa,2023-03-09,2033-03-06,PER50208,N/A,0.91,zinhlekhaba@net,(313)627-7218,"3249 West Ithafa, Stellenbosch, 5643",Potchefstroom,Gauteng,4023,Facilities manager,Zulu,11
'8706083746076,Nothando,Phingoshe,Female,1987-06-08,38,Asylum Seeker,South Africa,69881955,N/A,N/A,N/A,N/A,N/A,0.7,maziyamandla@africa.com,597.418.1041x897,"6184 Albertina Sisulu Isitaladi, Sasolburg, 8489",Stellenbosch,Gauteng,8203,Fitness centre manager,Zulu,N/A
'4409158052049,SimphiweyiNkosi,Madondo,Male,1944-09-15,81,Permanent Resident,South Africa,18991216,N/A,N/A,N/A,N/A,N/A,0.78,mpangazithaolwethu@co.za,001-717-429-6560x1070,"96 Grey Umgwaqo, Witbank, 5785",Krugersdorp,Limpopo,9912,Financial risk analyst,Zulu,N/A
'9602220619020,Londisizwe,Tukane,Female,1996-02-22,29,Citizen,South Africa,88425975,N/A,N/A,N/A,N/A,N/A,0.95,nonhlanhlampumuza@africa.com,+1-425-600-5800x8323,"57 Main Ithafa, Stellenbosch, 5621",Boksburg,Eastern Cape,6589,"Copywriter, advertising",Zulu,N/A
'6605290560059,Thembeka,Sondisa,Female,1966-05-29,59,Citizen,South Africa,66812923,N/A,N/A,N/A,N/A,N/A,0.96,nomathembadubazane@africa.com,+1-249-837-7537x657,"902 Cecil Umgwaqo, Mbombela, 4020",Mahikeng,Free State,4230,Archivist,Zulu,N/A
'9811254043025,Thabisile,Kweyama,Female,1998-11-25,26,Citizen,South Africa,80063382,N/A,N/A,N/A,N/A,N/A,0.93,unyongwana@za.net,3934073812,"297 Prince Ithafa, Uitenhage, 6460",Stellenbosch,North West,2520,International aid/development worker,Zulu,N/A
'7910107409058,Mcebisi,Mtolo,Male,1979-10-10,45,Temporary Visa,South Africa,20956929,N/A,N/A,N/A,N/A,N/A,0.76,khabalidakathembekile@africa.com,646-560-9367,"7005 Elizabeth Indlela, Tembisa, 8044",Kathu,KwaZulu-Natal,5094,Publishing copy,Zulu,N/A
'6408052195004,Siphesihle,Sandanezwe,Female,1964-08-05,61,Permanent Resident,South Africa,76572420,N/A,N/A,N/A,N/A,N/A,0.83,mcoyidumisani@africa.com,6912028809,"381 West Indawo, Witbank, 9855",Witbank,Gauteng,4803,Tree surgeon,Zulu,N/A
'6103162700049,Busisiwe,Mzobe,Female,1961-03-16,64,Temporary Visa,South Africa,47043337,N/A,N/A,N/A,N/A,N/A,0.88,silondile38@africa.com,001-485-407-9873x09446,"18 Frere Umgwaqo, Paarl, 9788",Kimberley,KwaZulu-Natal,2783,Furniture conservator/restorer,Zulu,N/A
'9604108797083,Nhlanhla,Msibi,Male,1996-04-10,29,Citizen,South Africa,52867153,N/A,N/A,N/A,N/A,N/A,0.81,tgumede@za.net,885.410.7988,"6705 Rivonia Ithafa, Centurion, 5719",Soweto,Northern Cape,9456,Psychotherapist,Zulu,N/A
'4411114022015,Mnqobi,Mcusi,Female,1944-11-11,80,Temporary Visa,South Africa,27405845,N/A,N/A,N/A,N/A,N/A,0.97,lungilethango@africa.com,+1-939-571-2148,"444 Main Umgwaqo, Upington, 5973",Stellenbosch,Western Cape,5065,Human resources officer,Zulu,N/A
'6101076607028,Lwandile,Mdladla,Male,1961-01-07,64,Citizen,South Africa,69753831,N/A,N/A,N/A,N/A,N/A,0.95,thandazileshelembe@co.za,001-312-755-2411x279,"211 West Indlela, Centurion, 4536",George,Mpumalanga,6638,Health and safety inspector,Zulu,N/A
'5910204403039,Thembile,Gxabhashe,Female,1959-10-20,65,Temporary Visa,South Africa,76599708,N/A,N/A,N/A,N/A,N/A,0.77,thobenithembisile@africa.com,+1-821-252-6266x846,"704 President Ithafa, Upington, 9806",Rustenburg,Limpopo,7191,IT technical support officer,Zulu,N/A
'TV49580,Thalente,Mapholoba,Male,1975-01-14,50,Asylum Seeker,Kenya,K9496908,Business Visa,2024-02-18,2026-12-11,VIS33760,N/A,0.51,vusumuzigabela@co.ke,+1-246-394-9668x000,"58 York Ithafa, Vereeniging, 5824",Stellenbosch,Northern Cape,3883,Haematologist,Zulu,17
'PR97005731,Nomathalente,Mangena,Female,1976-11-16,48,Citizen,Zambia,50819907,Work Visa,2025-01-22,2035-01-20,PER69753,N/A,0.8,thembekile05@com,(654)776-7163,"35 Voortrekker Indlela, Springs, 2439",Klerksdorp,Northern Cape,6893,Solicitor,Zulu,3
'8901031556072,Dumisile,Mabanga,Female,1989-01-03,36,Citizen,South Africa,76417017,N/A,N/A,N/A,N/A,N/A,0.99,jabulani49@africa.com,001-822-467-1138x190,"850 Rivonia Umgwaqo, eThekwini, 4487",Randfontein,Limpopo,3562,Social worker,Zulu,N/A
'6306218779086,Bandile,Hangala,Male,1963-06-21,62,Citizen,South Africa,42348294,N/A,N/A,N/A,N/A,N/A,0.83,mgilijathalente@co.za,+1-569-835-5370x04908,"39 Edward Indawo, Witbank, 6204",iKapa,Gauteng,7088,Environmental health practitioner,Zulu,N/A
'4307120827023,Nkazimulo,Mehloluhlaza,Female,1943-07-12,82,Temporary Visa,South Africa,99661571,N/A,N/A,N/A,N/A,N/A,0.74,amahle85@africa.com,(303)737-0355x0201,"29 William Ithafa, Musina, 9647",Bethlehem,Free State,6138,"Engineer, agricultural",Zulu,N/A
'7102089773051,Minenhle,Mntambo,Male,1971-02-08,54,Citizen,South Africa,30560307,N/A,N/A,N/A,N/A,N/A,0.86,jibelasfiso@co.za,001-816-503-7674x69065,"9335 Gandhi Indawo, Kathu, 6970",Springs,KwaZulu-Natal,5200,Glass blower/designer,Zulu,N/A
'PR23766104,SimphiweyiNkosi,Sompisi,Male,1999-04-20,26,Citizen,Zimbabwe,ZI425220,Work Visa,2024-09-07,2034-09-05,PER11838,N/A,0.9,luyandamgabhi@zimbabwe.com,497.243.8384,"63 Commissioner Umgwaqo, Benoni, 3445",Mahikeng,Gauteng,9650,Aeronautical engineer,Zulu,3
'0001206889021,Sandile,Mzoneli,Male,2000-01-20,25,Permanent Resident,South Africa,89342106,N/A,N/A,N/A,N/A,N/A,0.85,simphiweyinkosimpumuza@za.net,001-881-836-5791x3129,"54 George Ithafa, Bloemfontein, 1747",Boksburg,Western Cape,5936,International aid/development worker,Zulu,N/A
'PR75981185,Lungile,Mahlinza,Male,1992-01-05,33,Permanent Resident,Lesotho,27661346,Relative's Visa,2024-04-10,2034-04-08,PER55540,N/A,0.65,pncwaba@com,969-471-8170x00648,"746 Milner Indlela, Witbank, 7247",iKapa,KwaZulu-Natal,6252,Catering manager,Zulu,10
'8307270771054,Bhekokwakhe,Mabuyakhulu,Female,1983-07-27,42,Asylum Seeker,South Africa,94533732,N/A,N/A,N/A,N/A,N/A,0.84,nhlanhlantsele@za.net,+1-727-651-3189,"767 Smith Umgwaqo, Bloemfontein, 6790",iKapa,Limpopo,3624,Product designer,Zulu,N/A
'TV38998,Ndumiso,Vundla,Female,1975-10-03,50,Citizen,Botswana,BO464060,Study Visa,2022-12-10,2023-08-28,VIS85840,N/A,0.69,pjuqula@org,(706)471-8040x58319,"772 Albertina Sisulu Ithafa, Witbank, 4162",Paarl,Free State,5912,"Journalist, broadcasting",Zulu,17
'5104052037099,Bhekizizwe,Boyabenyathi,Female,1951-04-05,74,Citizen,South Africa,32683903,N/A,N/A,N/A,N/A,N/A,0.85,mandlakhenala@co.za,+1-568-418-3400,"1879 Thomas Ithafa, Bethlehem, 2177",Centurion,Western Cape,5607,"Programmer, systems",Zulu,N/A
'7302093722095,Nomcebo,Dludla,Female,1973-02-09,52,Citizen,South Africa,94348526,N/A,N/A,N/A,N/A,N/A,0.81,mphankomolungile@africa.com,001-220-632-9650x984,"861 York Ithafa, Polokwane, 2238",Mahikeng,Northern Cape,7086,Higher education careers adviser,Zulu,N/A
'PR29889828,Xavier,Coelho,Male,1982-08-14,43,Citizen,Mozambique,MO668573,Corporate Visa,2022-12-05,2032-12-02,PER70994,N/A,0.75,rafaelazevedo@mozambique.com,(351) 253 379 154,"Largo de Martins, 5, 6888-088 Beja",Mealhada,Limpopo,7010-071,Empregado de biblioteca,Portuguese,6
'6309234694060,Zibuyile,Wela,Female,1963-09-23,62,Citizen,South Africa,52113967,N/A,N/A,N/A,N/A,N/A,0.87,thandazilendinisa@za.net,+1-712-427-4903x036,"72 Elizabeth Umgwaqo, Krugersdorp, 7087",Welkom,Mpumalanga,2491,Adult nurse,Zulu,N/A
'TV96588,建平,谭,Male,1994-08-05,31,Permanent Resident,China,80272721,Study Visa,2025-04-17,2027-01-01,VIS67400,N/A,0.81,naliu@com.cn,14579652851,西藏自治区秀云县清城杭州街X座 637350,海口市,Eastern Cape,355650,电池/电源开发,Mandarin,8
'PR21720612,Sibusiso,Mbhulangwe,Male,1998-12-01,26,Citizen,Ghana,G5102377,Corporate Visa,2024-02-06,2034-02-03,PER29058,N/A,0.81,nozibusiso18@ghana.com,(530)201-9116,"4754 West Isitaladi, Benoni, 2128",Potchefstroom,Eastern Cape,7156,Bookseller,Zulu,8
'8812060091044,Siphesihle,Mayise,Female,1988-12-06,36,Citizen,South Africa,61405980,N/A,N/A,N/A,N/A,N/A,0.82,msuthumzamo@africa.com,566-723-0076x53600,"89 Victoria Indlela, Kathu, 3473",Paarl,Western Cape,8733,Editorial assistant,Zulu,N/A
'6009268587086,Thabani,Nyambose,Male,1960-09-26,65,Citizen,South Africa,20880165,N/A,N/A,N/A,N/A,N/A,0.83,ldlamini@africa.com,339.445.2198x1774,"3411 Adelaide Indlela, Kimberley, 7474",Welkom,Western Cape,4811,"Biochemist, clinical",Zulu,N/A
'8907141474064,Ndumiso,Miya,Female,1989-07-14,36,Asylum Seeker,South Africa,21856428,N/A,N/A,N/A,N/A,N/A,0.99,zmaphisa@co.za,223.841.9373,"62 Paul Kruger Umgwaqo, Witbank, 3737",Witbank,Mpumalanga,3368,Architect,Zulu,N/A
'PR96224577,Zenzele,Mkhandlela,Male,2002-06-12,23,Citizen,Tanzania,22594830,Work Visa,2025-02-03,2035-02-01,PER91675,N/A,0.8,mpanzalangalibalele@org,(975)627-6949x623,"53 Elizabeth Ithafa, Middelburg, 6534",iKapa,North West,5021,"Scientist, research (maths)",Zulu,1
'TV36024,Nkazimulo,Khumbuza,Female,1998-10-31,26,Citizen,Malawi,54661049,Retirement Visa,2024-02-10,2027-01-17,VIS88726,N/A,0.68,thandazilemawewe@com,(991)664-4613x857,"10 High Ithafa, Middelburg, 4970",Tembisa,Limpopo,3458,Conference centre manager,Zulu,8
'7707117089035,Bandile,Dindela,Male,1977-07-11,48,Citizen,South Africa,50605756,N/A,N/A,N/A,N/A,N/A,0.86,khanyisile75@africa.com,903.445.1767x1699,"1653 Elizabeth Indawo, Newcastle, 5078",Mahikeng,Northern Cape,3598,Estate agent,Zulu,N/A
'8506226301017,Mlungisi,Mbekwa,Male,1985-06-22,40,Citizen,South Africa,52004556,N/A,N/A,N/A,N/A,N/A,0.88,nonhlanhlabhejelibomvu@co.za,561.271.9828,"2518 Frere Indlela, Springs, 5883",Mahikeng,Free State,8008,Translator,Zulu,N/A
'7305043173069,Noxolo,Thumbela,Female,1973-05-04,52,Temporary Visa,South Africa,70531940,N/A,N/A,N/A,N/A,N/A,0.82,nfanisa@co.za,743.276.4926,"22 Prince Indlela, Polokwane, 1398",Middelburg,KwaZulu-Natal,9743,Amenity horticulturist,Zulu,N/A
'8804157645074,Zenzele,Mkhokeleleki,Male,1988-04-15,37,Citizen,South Africa,44529261,N/A,N/A,N/A,N/A,N/A,0.93,zenzilemphazima@co.za,401.648.5607x49834,"20 Victoria Indawo, Kathu, 3993",Stellenbosch,KwaZulu-Natal,2858,Actuary,Zulu,N/A
'4711144901000,Siphesihle,Ndandali,Female,1947-11-14,77,Permanent Resident,South Africa,29859781,N/A,N/A,N/A,N/A,N/A,0.72,snhleko@za.net,+1-397-852-3448x8402,"209 Adelaide Indawo, Sasolburg, 6319",Rustenburg,Northern Cape,8757,"Designer, interior/spatial",Zulu,N/A
'TV39186,Nozizwe,Mamba,Female,1983-02-14,42,Temporary Visa,Lesotho,18243659,Relative's Visa,2023-01-18,2025-03-12,VIS49078,N/A,0.86,nhlanhla42@org,6576606148,"326 High Umgwaqo, Benoni, 6389",Benoni,Gauteng,5779,Translator,Zulu,14
'PR16494556,Sibongile,Ndawo,Female,1989-10-08,35,Citizen,Botswana,BO347984,Retirement Visa,2023-04-13,2033-04-10,PER37456,N/A,0.76,siphesihle51@com,404-542-4343x19457,"377 Victoria Umgwaqo, Bloemfontein, 2042",Kimberley,Northern Cape,4205,"Psychotherapist, child",Zulu,15
'4910223718084,Nomagugu,Thabethe,Female,1949-10-22,75,Citizen,South Africa,12722935,N/A,N/A,N/A,N/A,N/A,0.89,mlungisi41@za.net,(421)894-7672x792,"9715 Napier Indawo, Vanderbijlpark, 4270",Witbank,Western Cape,9958,"Scientist, clinical (histocompatibility and immunogenetics)",Zulu,N/A
'TV17160,Grégoire,Albert,Male,2001-12-12,23,Citizen,United States,403133985,Work Visa,2024-08-27,2027-05-15,VIS44200,N/A,0.71,duhamelanouk@us.com,0219061442,"4, boulevard Michèle Hamon, 18778 RocheVille",Saint Christelle-la-Forêt,KwaZulu-Natal,51653,webmestre,French,1
'7102193711005,Simphiwe,Magoza,Female,1971-02-19,54,Citizen,South Africa,81792583,N/A,N/A,N/A,N/A,N/A,0.84,sandile52@africa.com,+1-231-466-9806,"53 Nelson Mandela Indlela, Uitenhage, 8999",uMgungundlovu,Limpopo,3301,"Designer, interior/spatial",Zulu,N/A
'6702091782038,Nomagugu,Nodanga,Female,1967-02-09,58,Citizen,South Africa,55732036,N/A,N/A,N/A,N/A,N/A,0.78,rmcoyi@co.za,981.556.4986,"23 Thomas Isitaladi, Potchefstroom, 7025",Welkom,Gauteng,1890,Curator,Zulu,N/A
'AS818847,涛,刘,Male,1979-03-26,46,Permanent Resident,China,16078869,Asylum Seeker Permit,2023-03-25,2025-03-24,ASP87612,Appeal Pending,0.5,mintian@com.cn,18275244824,浙江省邯郸县花溪北京路f座 836359,斌县,Eastern Cape,500928,切纸机操作工,Mandarin,14
'7308214286001,Nkazimulo,Mhlangu,Female,1973-08-21,52,Permanent Resident,South Africa,76442122,N/A,N/A,N/A,N/A,N/A,0.79,mnqobincwaba@co.za,379-915-4850,"3017 Cecil Indawo, Kimberley, 8230",iKapa,Mpumalanga,3868,Chartered loss adjuster,Zulu,N/A
'4607304877051,Dumisile,Bhovungana,Female,1946-07-30,79,Citizen,South Africa,24274142,N/A,N/A,N/A,N/A,N/A,0.74,simphiwesibindi@za.net,(223)532-9145,"404 Stanley Ithafa, Krugersdorp, 8459",Polokwane,Northern Cape,5718,Visual merchandiser,Zulu,N/A
'PR38656918,Nomasonto,Nondlela,Female,1980-06-24,45,Citizen,Somalia,59959642,Critical Skills Visa,2022-10-14,2032-10-11,PER90892,N/A,0.9,owethu15@net,(498)375-9201x9338,"7273 Commissioner Umgwaqo, Uitenhage, 4212",eGoli,Western Cape,5118,Immigration officer,Zulu,17
'7405137296030,Lwandile,Mabika,Male,1974-05-13,51,Citizen,South Africa,92696187,N/A,N/A,N/A,N/A,N/A,0.99,zinhle13@africa.com,868.471.8275,"80 Churchill Ithafa, Potchefstroom, 3164",Rustenburg,Limpopo,8553,Interpreter,Zulu,N/A
'8109246496052,Langalibalele,Ximba,Male,1981-09-24,44,Temporary Visa,South Africa,60523920,N/A,N/A,N/A,N/A,N/A,0.85,umlambo@co.za,(237)898-3663,"13 Long Indlela, Chatsworth, 6898",Upington,Limpopo,3222,Film/video editor,Zulu,N/A
'6810061197075,Nothando,Mhlanya,Female,1968-10-06,57,Permanent Resident,South Africa,89390464,N/A,N/A,N/A,N/A,N/A,0.79,mjolinjabulo@africa.com,(637)634-8867x92905,"5303 Clarence Isitaladi, Paarl, 6410",Paarl,Limpopo,1623,Music therapist,Zulu,N/A
'9101098335003,Mandlakhe,Nkomose,Male,1991-01-09,34,Citizen,South Africa,25841859,N/A,N/A,N/A,N/A,N/A,0.82,zinhlembuyazi@africa.com,+1-443-764-0431,"39 Paul Kruger Ithafa, Musina, 4103",Springs,Limpopo,2653,"Surveyor, building control",Zulu,N/A
'6402119816048,Mandlakhe,Ndlanzi,Male,1964-02-11,61,Citizen,South Africa,18414885,N/A,N/A,N/A,N/A,N/A,0.95,thuthukile50@za.net,(849)380-7569,"9774 Somerset Isitaladi, Mbombela, 6606",Vanderbijlpark,Limpopo,9056,"Teacher, primary school",Zulu,N/A
'7701171679003,Nonhlanhla,Mazibuko,Female,1977-01-17,48,Citizen,South Africa,42537446,N/A,N/A,N/A,N/A,N/A,0.85,nomagugu58@co.za,001-324-226-2238,"1357 Walter Sisulu Isitaladi, Kimberley, 9680",Springs,Gauteng,3761,Medical sales representative,Zulu,N/A
'PR61730079,Henriette,Aubry,Female,1992-12-16,32,Temporary Visa,United Kingdom,559657547,Retirement Visa,2025-08-25,2035-08-23,PER18149,N/A,0.9,gabrielriviere@co.uk,+33 (0)2 79 26 75 21,"112, rue Jacquet, 68154 Lecoq",Fontaine-les-Bains,Western Cape,04464,sommelier,French,6
'4601016540054,Sandile,Mhlambo,Male,1946-01-01,79,Citizen,South Africa,14529990,N/A,N/A,N/A,N/A,N/A,0.76,smaphisa@co.za,(990)208-0616,"547 Paul Kruger Ithafa, Vereeniging, 2063",Thohoyandou,Western Cape,1727,Osteopath,Zulu,N/A
'5703061559023,Mnqobi,Sokhwebula,Female,1957-03-06,68,Citizen,South Africa,53371077,N/A,N/A,N/A,N/A,N/A,0.96,olwethuayize@za.net,682-833-7798,"955 Edward Umgwaqo, Mahikeng, 6698",Musina,KwaZulu-Natal,3500,Neurosurgeon,Zulu,N/A
'6206289702024,Lwandile,Mkhandlela,Male,1962-06-28,63,Permanent Resident,South Africa,57642432,N/A,N/A,N/A,N/A,N/A,0.81,vusumuzi18@co.za,+1-517-938-2809,"93 Rivonia Indawo, eGoli, 3858",Musina,Western Cape,1034,Ambulance person,Zulu,N/A
'0306220927038,Sihawukele,Nyambose,Female,2003-06-22,22,Citizen,South Africa,14944093,N/A,N/A,N/A,N/A,N/A,0.94,cebekhulunonjabulo@africa.com,970-869-8689x2441,"26 Gandhi Umgwaqo, Tembisa, 2976",Thohoyandou,Gauteng,3228,Ranger/warden,Zulu,N/A
'5607112726011,Thabisile,Ngubane,Female,1956-07-11,69,Permanent Resident,South Africa,32801596,N/A,N/A,N/A,N/A,N/A,0.78,jjobe@africa.com,(330)597-6616,"4376 Walter Sisulu Umgwaqo, Soweto, 7370",Chatsworth,KwaZulu-Natal,6034,Tour manager,Zulu,N/A
'PR38912505,Mcebisi,Mbembe,Male,2002-07-31,23,Temporary Visa,Somalia,12952097,Corporate Visa,2025-06-19,2035-06-17,PER77455,N/A,0.81,mphahlwazenzele@net,(583)973-2816x884,"6619 York Ithafa, Kimberley, 7915",Springs,Eastern Cape,6822,Ranger/warden,Zulu,11
'6007285054007,Thabani,Hlumakazi,Male,1960-07-28,65,Citizen,South Africa,98404257,N/A,N/A,N/A,N/A,N/A,0.75,nomalanga06@co.za,+1-653-919-5548x1860,"5852 Adelaide Isitaladi, Krugersdorp, 9944",iBhayi,Gauteng,8744,"Editor, commissioning",Zulu,N/A
'5006127014070,Sibonelo,Mlaba,Male,1950-06-12,75,Temporary Visa,South Africa,27582439,N/A,N/A,N/A,N/A,N/A,0.74,jabulani67@za.net,354.611.5078x05582,"625 Queen Indawo, Boksburg, 5731",Middelburg,Mpumalanga,8585,Financial planner,Zulu,N/A
'AS325968,माया,चौहान,Female,2002-03-21,23,Citizen,India,39266717,Asylum Seeker Permit,2024-03-18,2026-03-18,ASP70532,Rejected,0.37,svpnilthaapaa@india.com,02744 839249,"2/4 राय, चक्रधरपुर-786161",चिपलुन,KwaZulu-Natal,567446,Archaeologist,Hindi,7
'PR82970537,Henri,Hoarau,Male,2003-07-28,22,Citizen,Democratic Republic of Congo,30600646,Corporate Visa,2023-03-21,2033-03-18,PER83655,N/A,0.63,lopesdaniel@net,07 90 52 19 73,"98, avenue Geneviève Leroux, 61410 Labbé-sur-Chrétien",Sainte Jacques-la-Forêt,Western Cape,30818,technicien de l'intervention sociale et familiale,French,7
'PR70049241,Mélanie,Coelho,Female,1996-10-09,28,Citizen,Mozambique,MO362658,Business Visa,2024-10-17,2034-10-15,PER73709,N/A,0.62,beatriz61@co.mz,(351) 924297799,"Rua da Agra do Amial, 225, 3860-051 Aveiro",Tomar,Northern Cape,5853-612,Prestador de serviços na rua,Portuguese,1
'9409276460088,Mcebisi,Sandanezwe,Male,1994-09-27,31,Permanent Resident,South Africa,64439790,N/A,N/A,N/A,N/A,N/A,0.73,ndlelamzamo@co.za,(324)923-8951x54351,"4270 Napier Indawo, Newcastle, 2511",Bloemfontein,Mpumalanga,7415,Chief Strategy Officer,Zulu,N/A
'AS135570,Sphiwe,Khaphela,Male,1982-12-12,42,Citizen,Nigeria,N7657109,Asylum Seeker Permit,2024-09-28,2026-09-28,ASP63297,Interview Scheduled,0.79,gugulethu43@com.ng,001-660-983-3568,"261 Charles Indawo, Stellenbosch, 7094",Musina,Eastern Cape,3669,"Therapist, sports",Zulu,18
'AS515266,Nomasonto,Ndlanzi,Female,1973-12-27,51,Asylum Seeker,Somalia,24044410,Asylum Seeker Permit,2024-07-06,2026-07-06,ASP82134,Interview Scheduled,0.37,nkwakhanomusa@org,3243130233,"1182 William Isitaladi, Uitenhage, 4492",Potchefstroom,Mpumalanga,3035,Herpetologist,Zulu,16
'6304067424068,Minenhle,Mntimande,Male,1963-04-06,62,Citizen,South Africa,95792876,N/A,N/A,N/A,N/A,N/A,0.74,zakhele26@za.net,001-809-794-1048,"3017 West Isitaladi, iKapa, 4210",Thohoyandou,North West,4097,Homeopath,Zulu,N/A
'PR33482834,Thandiwe,Mvelase,Female,2005-05-30,20,Citizen,Kenya,K9964513,Relative's Visa,2023-12-15,2033-12-12,PER30796,N/A,0.8,shelembenqobizitha@co.ke,837.324.8317x5970,"55 Queen Indawo, Vereeniging, 6952",Musina,Western Cape,8933,Youth worker,Zulu,9
'9009101010096,Noxolo,Mathula,Female,1990-09-10,35,Asylum Seeker,South Africa,18797026,N/A,N/A,N/A,N/A,N/A,0.75,gugulethumkhathini@co.za,624-533-6473,"5359 Joseph Umgwaqo, Klerksdorp, 1763",Bethlehem,Free State,7812,Solicitor,Zulu,N/A
'8409305555018,Thalente,Mbhulangwe,Male,1984-09-30,41,Permanent Resident,South Africa,54845258,N/A,N/A,N/A,N/A,N/A,0.83,ndabandabasibusisiwe@africa.com,001-628-607-7534x718,"3035 Somerset Indawo, Potchefstroom, 6507",Newcastle,Western Cape,8677,Theme park manager,Zulu,N/A
'4407107496025,Sphiwe,Khumalo,Male,1944-07-10,81,Permanent Resident,South Africa,57282995,N/A,N/A,N/A,N/A,N/A,0.75,slakaza@za.net,435.711.2603,"31 Smith Isitaladi, Newcastle, 8092",Kathu,KwaZulu-Natal,5496,"Psychologist, prison and probation services",Zulu,N/A
'6605308211094,Nhlanhla,Wasendlunkulu,Male,1966-05-30,59,Citizen,South Africa,18915229,N/A,N/A,N/A,N/A,N/A,0.72,gagasheluyanda@africa.com,3226703240,"4755 President Indlela, Welkom, 5909",iBhayi,Limpopo,1123,Geoscientist,Zulu,N/A
'0508231449066,Nobuhle,Nsibande,Female,2005-08-23,20,Citizen,South Africa,20764535,N/A,N/A,N/A,N/A,N/A,0.72,siyabonga99@co.za,001-531-629-1859x3467,"40 Clarence Indawo, eGoli, 7274",Kimberley,Western Cape,9040,"Journalist, magazine",Zulu,N/A
'7610088111088,Vusumuzi,Made,Male,1976-10-08,48,Permanent Resident,South Africa,55807680,N/A,N/A,N/A,N/A,N/A,0.79,bhekokwakhemabaso@co.za,+1-953-393-9686x834,"692 Stanley Ithafa, Tembisa, 4752",Thohoyandou,Western Cape,7072,"Scientist, clinical (histocompatibility and immunogenetics)",Zulu,N/A
'7206103972076,Ndumiso,Khosini,Female,1972-06-10,53,Permanent Resident,South Africa,45465413,N/A,N/A,N/A,N/A,N/A,0.77,nothando17@za.net,9842996067,"884 Jan Smuts Isitaladi, Benoni, 6285",Tembisa,North West,8639,Fine artist,Zulu,N/A
'7712010477080,Sihawukele,Ngazitha,Female,1977-12-01,47,Citizen,South Africa,45460753,N/A,N/A,N/A,N/A,N/A,0.82,zgcumisa@za.net,717.886.1764x50143,"9161 Charles Indlela, Sasolburg, 9740",Rustenburg,Mpumalanga,4831,Insurance risk surveyor,Zulu,N/A
'4508086161012,Thando,Mpofana,Male,1945-08-08,80,Temporary Visa,South Africa,10543561,N/A,N/A,N/A,N/A,N/A,0.84,mchibi@co.za,001-595-344-5474x51365,"201 Paul Kruger Umgwaqo, Tembisa, 6079",Middelburg,Free State,4974,"Education officer, environmental",Zulu,N/A
'AS250559,Zenzele,Mchunu,Male,1985-04-29,40,Citizen,Eswatini,29766707,Asylum Seeker Permit,2023-06-18,2025-06-17,ASP82155,Rejected,0.53,madonselamandla@org,(731)588-0898x753,"49 Stanley Indawo, Klerksdorp, 7633",Sasolburg,Mpumalanga,7126,Environmental manager,Zulu,2
'7001209373070,Mcebisi,Mahlinza,Male,1970-01-20,55,Citizen,South Africa,63250935,N/A,N/A,N/A,N/A,N/A,0.88,sithembiso32@za.net,234.615.8339x8477,"746 James Isitaladi, iBhayi, 1673",Mbombela,Limpopo,4140,Musician,Zulu,N/A
'TV52059,Sibusiso,Gcaleka,Male,1990-06-14,35,Temporary Visa,Somalia,19221910,Relative's Visa,2022-12-28,2024-06-02,VIS67898,N/A,0.57,thabisasibeko@org,+1-466-310-0218x55245,"62 Victoria Indawo, Springs, 8295",Soweto,Western Cape,4823,"Conservator, furniture",Zulu,15
'PR54924103,Silondile,Mabuyakhulu,Female,1987-02-09,38,Citizen,Ghana,G9482285,Corporate Visa,2025-02-01,2035-01-30,PER83274,N/A,0.85,tibasiyabonga@ghana.com,600.736.3753,"779 Walter Sisulu Umgwaqo, Upington, 3884",Upington,Mpumalanga,9356,Exhibition designer,Zulu,7
'TV25346,Joseph,Jacquet,Male,1992-05-12,33,Citizen,United Kingdom,727262584,Relative's Visa,2023-06-01,2025-10-27,VIS82679,N/A,0.75,leblancgenevieve@co.uk,02 43 80 89 52,"235, rue de Jean, 41662 Albert-la-Forêt",Saint Augustin,Free State,97698,metteur en scène,French,14
'4409243175064,Thuthukile,Dlodlo,Female,1944-09-24,81,Permanent Resident,South Africa,13091886,N/A,N/A,N/A,N/A,N/A,0.84,mangcamanethando@co.za,208.328.0702x0612,"421 Queen Isitaladi, Uitenhage, 7564",Middelburg,Northern Cape,8525,Heritage manager,Zulu,N/A
'8405273745010,Nobuhle,Nduli,Female,1984-05-27,41,Citizen,South Africa,59668656,N/A,N/A,N/A,N/A,N/A,0.78,zibuyilejamasijadu@africa.com,001-498-937-0066x1511,"38 Victoria Isitaladi, eThekwini, 9886",uMgungundlovu,Mpumalanga,6998,Community pharmacist,Zulu,N/A
'6504181407070,Nozizwe,Khukhuza,Female,1965-04-18,60,Permanent Resident,South Africa,62380455,N/A,N/A,N/A,N/A,N/A,0.79,sibongile58@co.za,435.387.8637x2047,"4613 Churchill Umgwaqo, Sasolburg, 8374",Kimberley,Western Cape,3941,"Scientist, clinical (histocompatibility and immunogenetics)",Zulu,N/A
'AS530955,Sibusisiwe,Mthabela,Female,1972-04-26,53,Citizen,Kenya,K2971892,Asylum Seeker Permit,2023-08-14,2025-08-13,ASP34605,Interview Scheduled,0.72,gugulethuthumbeza@co.ke,+1-558-338-8351x21014,"791 James Indawo, Upington, 7542",Stellenbosch,Northern Cape,7163,Health visitor,Zulu,18
'5107263520056,Londisizwe,Dlodlo,Female,1951-07-26,74,Permanent Resident,South Africa,66100203,N/A,N/A,N/A,N/A,N/A,0.83,sontulinokulunga@co.za,368.616.1766,"205 Commissioner Isitaladi, iBhayi, 2264",Upington,Mpumalanga,6712,"Education officer, community",Zulu,N/A
'8608301125044,Sihawukele,Gobhozi,Female,1986-08-30,39,Permanent Resident,South Africa,91415029,N/A,N/A,N/A,N/A,N/A,0.92,zhangala@co.za,671-495-3096x23444,"464 James Umgwaqo, eGoli, 7575",eGoli,KwaZulu-Natal,8554,Bookseller,Zulu,N/A
'PR12279040,Mcebisi,Mbotho,Male,1997-08-12,28,Citizen,Malawi,84801114,Work Visa,2023-06-28,2033-06-25,PER44145,N/A,0.92,longodenomathemba@org,(762)578-8122x192,"98 Charles Indawo, Mahikeng, 9352",George,Eastern Cape,6157,"Investment banker, corporate",Zulu,8
'7009010733077,Olwethu,Vunisa,Female,1970-09-01,55,Citizen,South Africa,74716045,N/A,N/A,N/A,N/A,N/A,0.91,nomathemba43@za.net,(479)455-7463,"7126 Victoria Ithafa, Boksburg, 2466",Klerksdorp,Mpumalanga,4133,Air cabin crew,Zulu,N/A
'9411127473030,Andile,Sangweni,Male,1994-11-12,30,Citizen,South Africa,43694239,N/A,N/A,N/A,N/A,N/A,0.74,gugu19@africa.com,001-693-449-9944,"9490 Victoria Umgwaqo, Mahikeng, 3565",Uitenhage,Limpopo,2070,Social researcher,Zulu,N/A
'TV57927,Xavier,Guillot,Male,2003-12-13,21,Citizen,France,563203640,Work Visa,2023-07-12,2025-11-11,VIS92807,N/A,0.82,augusteprevost@france.com,03 20 20 75 84,"407, boulevard de Laine, 97352 Joly",Sainte Geneviève,Free State,61182,technicien en engins de travaux publics,French,10
'9203051086032,Nqobizitha,Shelembe,Female,1992-03-05,33,Citizen,South Africa,14891026,N/A,N/A,N/A,N/A,N/A,0.72,bmaluleka@africa.com,001-470-210-9303x446,"680 Grey Umgwaqo, Uitenhage, 4637",Paarl,Eastern Cape,7443,International aid/development worker,Zulu,N/A
'7102129806077,Sandile,Dlaba,Male,1971-02-12,54,Citizen,South Africa,81346219,N/A,N/A,N/A,N/A,N/A,0.73,mgaselamzamo@co.za,2884414476,"9401 Elizabeth Indawo, Witbank, 2383",Rustenburg,Gauteng,3851,Chief Operating Officer,Zulu,N/A
'6101230505072,Nozibusiso,Nodlomo,Female,1961-01-23,64,Asylum Seeker,South Africa,70242939,N/A,N/A,N/A,N/A,N/A,0.97,dumisile98@africa.com,(667)553-1657x57277,"2319 West Indlela, Thohoyandou, 2366",uMgungundlovu,Limpopo,4606,Clinical psychologist,Zulu,N/A
'8511156045095,Thalente,Dlungwana,Male,1985-11-15,39,Citizen,South Africa,46001748,N/A,N/A,N/A,N/A,N/A,0.83,uhlongwane@za.net,411-456-2328x6358,"463 Smith Ithafa, iKapa, 4726",Vanderbijlpark,Mpumalanga,5949,"Physicist, medical",Zulu,N/A
'9110292708020,Thalente,Gedeza,Female,1991-10-29,33,Permanent Resident,South Africa,21421973,N/A,N/A,N/A,N/A,N/A,0.74,sithembisomzilankatha@co.za,584-860-5348x072,"748 Churchill Ithafa, Kimberley, 7608",Centurion,Mpumalanga,5769,"Scientist, forensic",Zulu,N/A
'5410196893077,Sandile,Mdlanyoka,Male,1954-10-19,70,Temporary Visa,South Africa,44364038,N/A,N/A,N/A,N/A,N/A,0.92,dlungwanaamahle@africa.com,(748)985-3906x2344,"41 Milner Ithafa, Vereeniging, 8514",Soweto,Mpumalanga,8630,Production manager,Zulu,N/A
'AS510705,Mandlakhe,Nhlabathi,Male,1999-11-17,25,Citizen,Kenya,K3354178,Asylum Seeker Permit,2024-04-25,2026-04-25,ASP34072,Interview Scheduled,0.61,sibongile06@kenya.com,404.798.8837x986,"6388 Adelaide Ithafa, Klerksdorp, 3490",Musina,North West,4630,Volunteer coordinator,Zulu,18
'AS391321,Langalibalele,Nkonyeni,Male,1989-10-11,35,Permanent Resident,Ghana,G5425267,Asylum Seeker Permit,2025-09-02,2027-09-02,ASP72693,Appeal Pending,0.69,zenzilemgilija@ghana.com,(546)556-9219,"100 Walter Sisulu Isitaladi, Uitenhage, 8457",Stellenbosch,KwaZulu-Natal,7608,Barrister,Zulu,18
'PR18636045,Nhlanhla,Dukada,Male,1978-12-01,46,Citizen,Ghana,G5849625,Study Visa,2023-09-27,2033-09-24,PER49255,N/A,0.95,sibusiso64@ghana.com,(803)549-1515,"6083 West Isitaladi, George, 7814",Benoni,KwaZulu-Natal,3770,Site engineer,Zulu,18
'6709290603060,Busisiwe,Mthethwa,Female,1967-09-29,58,Permanent Resident,South Africa,55517330,N/A,N/A,N/A,N/A,N/A,0.88,tmlaba@za.net,(447)823-6591,"62 Rivonia Umgwaqo, Uitenhage, 9562",Bloemfontein,Northern Cape,9632,Music tutor,Zulu,N/A
'PR18642836,Jérôme,Baudry,Male,1995-10-31,29,Citizen,France,156965000,Business Visa,2024-03-30,2034-03-28,PER32650,N/A,0.78,isabelle24@france.com,0695491939,"481, rue de Vaillant, 97640 Navarro",PayetVille,Gauteng,54813,chef de projet communication digitale,French,8
'0101142512042,Thuthukile,Ntanzi,Female,2001-01-14,24,Citizen,South Africa,25335944,N/A,N/A,N/A,N/A,N/A,0.99,bhekani12@africa.com,915.535.6655x05833,"552 Churchill Isitaladi, Klerksdorp, 7654",Bethlehem,Northern Cape,5826,Information officer,Zulu,N/A
'8708225110039,Sibusiso,Ayize,Male,1987-08-22,38,Citizen,South Africa,27085142,N/A,N/A,N/A,N/A,N/A,0.99,hsitolotolo@africa.com,256-361-1495x9325,"256 Rivonia Indlela, Kimberley, 6617",Upington,North West,4791,Chief Financial Officer,Zulu,N/A
'8807256229057,Njabulo,Gamede,Male,1988-07-25,37,Temporary Visa,South Africa,57920728,N/A,N/A,N/A,N/A,N/A,0.93,nomathalentensibanyoni@co.za,644.360.2406x68005,"8530 George Isitaladi, Klerksdorp, 7991",Kimberley,Western Cape,8507,Careers adviser,Zulu,N/A
'4009114406074,Dumisile,Mashimane,Female,1940-09-11,85,Citizen,South Africa,31930027,N/A,N/A,N/A,N/A,N/A,0.99,nothandomakhanya@za.net,6375171110,"833 Rivonia Isitaladi, Bethlehem, 8703",Witbank,Gauteng,1985,Dealer,Zulu,N/A
'PR42447572,Lungile,Gcugcwa,Male,2005-02-04,20,Citizen,Lesotho,88972620,Business Visa,2022-11-12,2032-11-09,PER37423,N/A,0.77,thando34@com,+1-837-552-6926x0482,"505 Charles Indlela, Paarl, 5859",Newcastle,Gauteng,5227,Publishing rights manager,Zulu,6
'PR53161088,Sibusiso,Sikhunyana,Male,1983-05-02,42,Citizen,Kenya,K6364987,Retirement Visa,2023-06-18,2033-06-15,PER25461,N/A,0.76,mabuyakhuluthandazile@kenya.com,9044414378,"95 Church Isitaladi, eGoli, 3158",Soweto,Free State,9978,Call centre manager,Zulu,19
'PR40467847,Luyanda,Macingwane,Male,1981-01-21,44,Citizen,Somalia,75544902,Study Visa,2025-05-22,2035-05-20,PER40488,N/A,0.9,andilemgwaba@net,789-730-1351x27219,"337 Thomas Ithafa, Witbank, 2028",Vanderbijlpark,Eastern Cape,2072,"Programmer, multimedia",Zulu,9
'0309256146052,Mzamo,Mdonswa,Male,2003-09-25,22,Citizen,South Africa,60785452,N/A,N/A,N/A,N/A,N/A,0.81,thalente65@co.za,001-904-453-5515x4442,"72 Commissioner Ithafa, Krugersdorp, 4043",iBhayi,Gauteng,6534,Intelligence analyst,Zulu,N/A
'PR64497258,亮,祝,Male,1995-03-04,30,Citizen,China,65502338,Business Visa,2023-02-06,2033-02-03,PER56500,N/A,0.79,tanping@china.com,15033754580,西藏自治区呼和浩特县静安王街g座 582294,建县,North West,185432,熟食加工,Mandarin,1
'7307283878027,Sibongile,Ndandali,Female,1973-07-28,52,Temporary Visa,South Africa,99934938,N/A,N/A,N/A,N/A,N/A,0.98,pndlandla@africa.com,001-854-981-3111x93394,"471 Voortrekker Ithafa, Tembisa, 6567",Newcastle,Western Cape,1638,Museum education officer,Zulu,N/A
'TV79831,Minenhle,Nhlane,Male,1975-11-17,49,Citizen,Ethiopia,56104666,Corporate Visa,2024-03-06,2027-01-27,VIS75215,N/A,0.72,londisizweshelembe@com,(994)689-4931x384,"4977 Napier Indawo, iKapa, 6265",Centurion,KwaZulu-Natal,8779,Exercise physiologist,Zulu,18
'TV13834,Ndumiso,Dlabane,Female,1983-01-25,42,Citizen,Malawi,76399512,Retirement Visa,2025-07-20,2027-01-12,VIS61218,N/A,0.65,nomalanga86@net,(437)339-3409,"9729 Grey Umgwaqo, Vanderbijlpark, 8858",iKapa,Gauteng,3706,Chief Technology Officer,Zulu,15
'PR88141048,Paul,Da Silva,Male,2004-05-21,21,Citizen,France,223781802,Work Visa,2024-06-05,2034-06-03,PER59977,N/A,0.86,zoedos-santos@fr,02 78 53 42 48,"67, avenue de Mendès, 95534 Bigot-sur-Mer",Legrand,Limpopo,02692,sportif de haut niveau,French,6
'9103019197076,Langalibalele,Madide,Male,1991-03-01,34,Citizen,South Africa,15913931,N/A,N/A,N/A,N/A,N/A,0.92,zenzele82@africa.com,001-851-332-7369x5642,"72 James Ithafa, Soweto, 8227",Potchefstroom,Free State,6662,Higher education lecturer,Zulu,N/A
'TV96659,Matilde,Domingues,Female,1982-11-20,42,Citizen,Mozambique,MO807675,Work Visa,2024-11-07,2025-09-26,VIS93264,N/A,0.77,alicevicente@co.mz,260 714 873,"R. Baptista, 972, 7049-305 Ourém",Pinhel,Northern Cape,0472-243,"Lapidador e gravador, de vidro, cerâmica e outros materiais",Portuguese,15
'9908128029011,Bandile,Mathaba,Male,1999-08-12,26,Citizen,South Africa,30257756,N/A,N/A,N/A,N/A,N/A,0.89,rnzimande@co.za,454-452-4425x2018,"401 Clarence Ithafa, Potchefstroom, 5936",Potchefstroom,Mpumalanga,3917,Professor Emeritus,Zulu,N/A
'PR78118513,Franck,Millet,Male,1995-01-01,30,Temporary Visa,United Kingdom,767921682,Business Visa,2023-10-03,2033-09-30,PER47134,N/A,0.78,edouard36@co.uk,+33 3 20 50 52 02,"6, chemin Jacob, 87391 Bertin-les-Bains",Roger,KwaZulu-Natal,95693,architecte,French,16
'6712179621077,Andile,Khezokhulu,Male,1967-12-17,57,Citizen,South Africa,21806398,N/A,N/A,N/A,N/A,N/A,0.82,mmwandla@africa.com,(597)770-8198x72921,"2476 Oxford Isitaladi, Klerksdorp, 3023",eGoli,Mpumalanga,7581,Database administrator,Zulu,N/A
'7810151306059,Zibuyile,Hadebe,Female,1978-10-15,46,Citizen,South Africa,54493674,N/A,N/A,N/A,N/A,N/A,0.78,bhekani99@za.net,001-988-431-9453x111,"88 Edward Indawo, Springs, 9474",Sasolburg,North West,7002,"Engineer, maintenance",Zulu,N/A
'8407050109024,Sibusisiwe,Phakathi,Female,1984-07-05,41,Citizen,South Africa,16338364,N/A,N/A,N/A,N/A,N/A,0.78,thembile14@za.net,294-303-5457,"2068 Joseph Indawo, George, 3726",Kimberley,Western Cape,1440,Insurance account manager,Zulu,N/A
'7702243604075,Nomthandazo,Thembekwayo,Female,1977-02-24,48,Citizen,South Africa,54820895,N/A,N/A,N/A,N/A,N/A,0.77,gambumthokozisi@za.net,+1-599-985-4491x8755,"97 Paul Kruger Ithafa, Randfontein, 7198",Springs,Free State,4312,Passenger transport manager,Zulu,N/A
'8205183488042,Dumisile,Myeza,Female,1982-05-18,43,Citizen,South Africa,78556894,N/A,N/A,N/A,N/A,N/A,0.71,thumbelanomathalente@za.net,(725)962-1253,"863 Adelaide Umgwaqo, eThekwini, 5942",Stellenbosch,Northern Cape,9418,"Nurse, children's",Zulu,N/A
'6002277262049,Bandile,Nsibanyoni,Male,1960-02-27,65,Permanent Resident,South Africa,74079386,N/A,N/A,N/A,N/A,N/A,0.81,ndumiso78@co.za,436-800-9122,"872 West Isitaladi, Thohoyandou, 6733",Sasolburg,Northern Cape,6674,Retail buyer,Zulu,N/A
'PR44682889,Pauline,Perrier,Female,1991-12-01,33,Permanent Resident,Democratic Republic of Congo,12436704,Retirement Visa,2024-02-23,2034-02-20,PER36717,N/A,0.77,lucy84@com,+33 2 96 07 58 61,"45, boulevard de Chevallier, 22291 Rodrigues",Fouquetboeuf,Mpumalanga,66852,conducteur de machines agricoles,French,18
'5812011571022,Bhekisisa,Ngungunyana,Female,1958-12-01,66,Permanent Resident,South Africa,73990312,N/A,N/A,N/A,N/A,N/A,0.98,ymnqamu@africa.com,874-638-2047,"11 Albertina Sisulu Ithafa, iBhayi, 5650",Mbombela,Northern Cape,5329,Public affairs consultant,Zulu,N/A
'0410205382075,Thalente,Ntshingila,Male,2004-10-20,20,Citizen,South Africa,90289268,N/A,N/A,N/A,N/A,N/A,0.81,bhekisisamgabadeli@co.za,4117786220,"2592 Elizabeth Isitaladi, eGoli, 6246",Boksburg,KwaZulu-Natal,9847,Advertising account executive,Zulu,N/A
'4203132497070,Nomvula,Dlakela,Female,1942-03-13,83,Permanent Resident,South Africa,70187206,N/A,N/A,N/A,N/A,N/A,0.82,luvunokhanyisile@africa.com,347.678.7915x19609,"80 Albertina Sisulu Umgwaqo, eGoli, 9397",Mbombela,KwaZulu-Natal,5310,Industrial/product designer,Zulu,N/A
'4006271444020,Owethu,Mashasha,Female,1940-06-27,85,Citizen,South Africa,71884464,N/A,N/A,N/A,N/A,N/A,0.8,nobantu60@africa.com,+1-240-887-1570,"7173 Charles Umgwaqo, iBhayi, 1524",Krugersdorp,Eastern Cape,4287,"Psychologist, sport and exercise",Zulu,N/A
'AS512688,Thandazile,Nkumane,Female,1995-11-18,29,Citizen,Tanzania,30487768,Asylum Seeker Permit,2024-09-02,2026-09-02,ASP81251,Rejected,0.65,hshelembe@com,(343)852-8034x27886,"7634 Victoria Indawo, Bethlehem, 4990",Vanderbijlpark,Limpopo,3940,Technical brewer,Zulu,6
'AS224722,Lwandile,Jele,Male,1991-02-08,34,Citizen,Ethiopia,82053424,Asylum Seeker Permit,2025-07-29,2027-07-29,ASP49552,Interview Scheduled,0.55,lungile89@com,971-833-5620x380,"2549 West Ithafa, Klerksdorp, 3499",Klerksdorp,KwaZulu-Natal,4768,Furniture designer,Zulu,19
'9901031862000,Nomcebo,Mvelase,Female,1999-01-03,26,Citizen,South Africa,60914283,N/A,N/A,N/A,N/A,N/A,0.88,nhlekomnqobi@co.za,246.645.8933x5686,"34 Smith Indlela, Benoni, 7718",Boksburg,Eastern Cape,3911,"Teacher, primary school",Zulu,N/A
'5903217937043,Siyabonga,Mshibe,Male,1959-03-21,66,Asylum Seeker,South Africa,58429113,N/A,N/A,N/A,N/A,N/A,0.84,bandilejili@co.za,8185822919,"703 Long Ithafa, Springs, 5499",Witbank,Mpumalanga,9385,Museum education officer,Zulu,N/A
'8808252022005,Nomathemba,Jamasijadu,Female,1988-08-25,37,Permanent Resident,South Africa,52187792,N/A,N/A,N/A,N/A,N/A,0.97,nkwakhathuthukile@africa.com,001-437-845-6805x68258,"12 Voortrekker Isitaladi, iKapa, 5394",Krugersdorp,Gauteng,5757,"Engineer, energy",Zulu,N/A
'8607103247063,Thabisile,Dwala,Female,1986-07-10,39,Citizen,South Africa,61649910,N/A,N/A,N/A,N/A,N/A,0.91,luyandadludla@za.net,855.339.6685x414,"383 James Umgwaqo, Boksburg, 6688",Middelburg,Free State,9578,Armed forces logistics/support/administrative officer,Zulu,N/A
'PR16399992,Clémence,Berthelot,Female,1970-11-23,54,Citizen,Democratic Republic of Congo,81821743,Business Visa,2023-12-05,2033-12-02,PER35972,N/A,0.9,jleger@net,0174073485,"200, rue Sébastien Costa, 31365 Perret",Sainte Marcelboeuf,Free State,70508,ingénieur papetier papetière,French,11
'8312079920028,Nhlanhla,Dludlu,Male,1983-12-07,41,Citizen,South Africa,36064040,N/A,N/A,N/A,N/A,N/A,0.92,mandlamthimkhulu@za.net,480.701.5111,"646 Short Umgwaqo, eGoli, 9047",Randfontein,Eastern Cape,7370,"Therapist, music",Zulu,N/A
'8311030994042,Thuthukile,Mcanco,Female,1983-11-03,41,Asylum Seeker,South Africa,74657757,N/A,N/A,N/A,N/A,N/A,0.78,mpilasphiwe@africa.com,001-303-370-9957x88893,"695 Rivonia Umgwaqo, Klerksdorp, 2305",iKapa,Limpopo,1600,Chartered management accountant,Zulu,N/A
'7402060950058,Bhekizizwe,Mngwengwe,Female,1974-02-06,51,Citizen,South Africa,14502092,N/A,N/A,N/A,N/A,N/A,0.93,snxele@africa.com,684-276-7530,"70 Albertina Sisulu Ithafa, Welkom, 1234",Chatsworth,Free State,3902,"Presenter, broadcasting",Zulu,N/A
'8209059712098,Langalibalele,Dunge,Male,1982-09-05,43,Citizen,South Africa,62601428,N/A,N/A,N/A,N/A,N/A,0.78,nokulunga85@co.za,781-370-1871x29349,"4733 Milner Isitaladi, Newcastle, 2230",Soweto,Free State,6297,Glass blower/designer,Zulu,N/A
'TV42550,Lwandile,Gwija,Male,1972-05-30,53,Temporary Visa,Ethiopia,54304543,Relative's Visa,2025-01-26,2027-03-29,VIS73556,N/A,0.85,mgabhijabulani@net,001-720-585-1593x354,"1759 Albertina Sisulu Umgwaqo, Potchefstroom, 2925",Tembisa,Free State,6040,Physiological scientist,Zulu,12
'TV65335,Londisizwe,Ngcolosi,Female,1985-02-17,40,Citizen,Malawi,74298924,Business Visa,2023-02-10,2026-01-27,VIS39748,N/A,0.74,acenge@com,(861)219-8388,"53 Jan Smuts Indawo, eThekwini, 2112",Polokwane,Gauteng,5845,Learning disability nurse,Zulu,15
'5905250069025,Nonjabulo,Sandanezwe,Female,1959-05-25,66,Citizen,South Africa,62190257,N/A,N/A,N/A,N/A,N/A,0.72,lmgazi@za.net,(474)575-9344x347,"4664 Smith Indawo, Kimberley, 8432",uMgungundlovu,Limpopo,7134,Horticultural consultant,Zulu,N/A
'9308260202054,Londiwe,Mngomezulu,Female,1993-08-26,32,Citizen,South Africa,59837176,N/A,N/A,N/A,N/A,N/A,0.98,sfiso94@za.net,(380)433-3270,"3891 Walter Sisulu Umgwaqo, Benoni, 7866",Rustenburg,Limpopo,8660,Estate manager/land agent,Zulu,N/A
'6004120216089,Nozibusiso,Gcugcwa,Female,1960-04-12,65,Permanent Resident,South Africa,66928599,N/A,N/A,N/A,N/A,N/A,0.97,mathenjwasimphiwe@za.net,+1-790-616-6563x50315,"575 Nelson Mandela Ithafa, Randfontein, 2901",Stellenbosch,Limpopo,9958,"Doctor, general practice",Zulu,N/A
'AS367778,Monique,Carre,Female,1990-03-14,35,Permanent Resident,United Kingdom,294731537,Asylum Seeker Permit,2023-02-28,2025-02-27,ASP51905,Under Review,0.71,njacques@co.uk,+33 5 36 52 03 63,"1, chemin Gros, 74416 Duval",Jacquot,Limpopo,05879,officier marinier marinière,French,10
'9605054642014,Thalente,Makhaye,Female,1996-05-05,29,Permanent Resident,South Africa,87203586,N/A,N/A,N/A,N/A,N/A,0.96,nkazimulo43@co.za,326.689.8464x428,"9798 Cecil Indlela, Potchefstroom, 5981",eThekwini,Northern Cape,8116,Therapeutic radiographer,Zulu,N/A
'PR54546893,Michelle,Dubois,Female,2002-03-01,23,Temporary Visa,United Kingdom,773241388,Relative's Visa,2025-05-09,2035-05-07,PER42485,N/A,0.61,bouviermaryse@uk.com,03 22 00 02 99,"429, rue Seguin, 75641 GuilletVille",Sainte Élisabeth-les-Bains,North West,02950,gérant de restauration collective,French,13
'PR50120920,Bhekizizwe,Thusini,Female,1986-07-14,39,Citizen,Ethiopia,92637217,Critical Skills Visa,2024-01-29,2034-01-26,PER44422,N/A,0.86,mbejeminenhle@org,+1-474-986-9613x58527,"42 Joseph Indawo, Middelburg, 7936",Randfontein,Mpumalanga,3056,"Loss adjuster, chartered",Zulu,8
'TV32423,Njabulo,Shamase,Male,1986-08-28,39,Citizen,Kenya,K2752592,Work Visa,2024-02-13,2026-10-19,VIS26048,N/A,0.81,dumisanisithenjwa@kenya.com,895-223-4801x4853,"638 Albertina Sisulu Isitaladi, Sasolburg, 6910",Thohoyandou,Western Cape,6932,Therapeutic radiographer,Zulu,5
'5312228585076,Musa,Gwala,Male,1953-12-22,71,Permanent Resident,South Africa,44272360,N/A,N/A,N/A,N/A,N/A,0.89,nokulunga82@co.za,855-487-2215,"9523 High Isitaladi, Springs, 9118",Tembisa,Eastern Cape,4676,"Designer, industrial/product",Zulu,N/A
'6409084560052,Nomagugu,Mkhonza,Female,1964-09-08,61,Citizen,South Africa,55810015,N/A,N/A,N/A,N/A,N/A,0.98,thabani11@za.net,2252863583,"122 Long Indlela, George, 4717",Vereeniging,Gauteng,5606,Market researcher,Zulu,N/A
'0511039561088,Luyanda,Bantwini,Male,2005-11-03,19,Temporary Visa,South Africa,90109110,N/A,N/A,N/A,N/A,N/A,0.8,zakhelenombela@za.net,(292)513-4318,"914 Stanley Isitaladi, Stellenbosch, 4288",Stellenbosch,Northern Cape,9078,Logistics and distribution manager,Zulu,N/A
'7606280806062,Thalente,Mahlase,Female,1976-06-28,49,Citizen,South Africa,83738050,N/A,N/A,N/A,N/A,N/A,0.86,simphiweyinkosimalevu@africa.com,267-239-5353,"2006 James Indlela, Thohoyandou, 4926",Benoni,Eastern Cape,3314,Industrial/product designer,Zulu,N/A
'TV36853,Langalibalele,Mpumuza,Male,2001-05-07,24,Permanent Resident,Botswana,BO330268,Retirement Visa,2025-06-08,2025-10-18,VIS67189,N/A,0.88,mashabasandile@com,+1-210-843-4641x2462,"87 Prince Indlela, Chatsworth, 3422",Chatsworth,North West,3235,Games developer,Zulu,4
'7206065802013,Bandile,Ntuli,Male,1972-06-06,53,Temporary Visa,South Africa,60186852,N/A,N/A,N/A,N/A,N/A,0.77,luthuliamahle@za.net,555.241.9442x701,"882 Long Umgwaqo, Vereeniging, 4193",Rustenburg,Free State,1412,Agricultural consultant,Zulu,N/A
'0503058037009,Minenhle,Qwabe,Male,2005-03-05,20,Citizen,South Africa,73865907,N/A,N/A,N/A,N/A,N/A,0.76,cmanzi@za.net,486-895-5807x36626,"4341 Thomas Isitaladi, Newcastle, 7496",Thohoyandou,KwaZulu-Natal,9859,Operations geologist,Zulu,N/A
'PR69627305,Danielle,Reynaud,Female,1980-02-03,45,Citizen,Democratic Republic of Congo,62497744,Work Visa,2023-10-14,2033-10-11,PER81644,N/A,0.74,valentine98@org,+33 (0)2 32 89 12 31,"1, avenue Germain, 63471 Lemonnier",Techer,Gauteng,13807,responsable de la promotion des ventes,French,3
'6603104240077,Thembekile,Kheswa,Female,1966-03-10,59,Citizen,South Africa,35685814,N/A,N/A,N/A,N/A,N/A,0.73,odlakela@co.za,001-376-923-4234x81059,"1222 George Ithafa, Klerksdorp, 6305",Stellenbosch,Western Cape,1900,Research scientist (medical),Zulu,N/A
'7012145540000,SimphiweyiNkosi,Mthanti,Male,1970-12-14,54,Citizen,South Africa,46664168,N/A,N/A,N/A,N/A,N/A,0.96,tmgenge@za.net,+1-890-551-7501,"14 West Indlela, Centurion, 3434",Benoni,Western Cape,4750,Comptroller,Zulu,N/A
'4212103039009,Nonhlanhla,Mvelase,Female,1942-12-10,82,Permanent Resident,South Africa,35817221,N/A,N/A,N/A,N/A,N/A,0.95,mncwanganomcebo@co.za,+1-900-950-2115x56214,"7276 President Indawo, Middelburg, 7851",Rustenburg,Western Cape,5697,"Psychologist, educational",Zulu,N/A
'PR25499370,Thabani,Nontuli,Male,1997-10-07,27,Citizen,Tanzania,42643403,Critical Skills Visa,2024-02-29,2034-02-26,PER67583,N/A,0.7,nobantu49@org,839.554.5706,"90 George Ithafa, Bloemfontein, 4160",uMgungundlovu,Free State,5840,Heritage manager,Zulu,14
'9812043079071,Nomathalente,Sigagu,Female,1998-12-04,26,Permanent Resident,South Africa,94802815,N/A,N/A,N/A,N/A,N/A,0.83,busisiwemsweli@co.za,903-307-8185x6935,"2578 Stanley Ithafa, Bloemfontein, 1898",Kimberley,Gauteng,7811,Commercial/residential surveyor,Zulu,N/A
'6308237122043,Sibusiso,Khulu,Male,1963-08-23,62,Citizen,South Africa,63845340,N/A,N/A,N/A,N/A,N/A,0.98,bandilegengeshe@za.net,+1-879-679-3233x4320,"13 Albertina Sisulu Ithafa, Mahikeng, 5203",Vereeniging,North West,2382,"Librarian, academic",Zulu,N/A
'6009156523000,Andile,Dlabazane,Male,1960-09-15,65,Temporary Visa,South Africa,44575309,N/A,N/A,N/A,N/A,N/A,0.99,khosinithembisile@africa.com,535-731-0940x710,"798 Elizabeth Isitaladi, Rustenburg, 2902",Vanderbijlpark,Western Cape,1585,Software engineer,Zulu,N/A
'PR50251985,Gugu,Mveni,Female,2001-05-30,24,Citizen,Zimbabwe,ZI476534,Corporate Visa,2023-07-09,2033-07-06,PER63803,N/A,0.68,mcebisimphankomo@zimbabwe.com,+1-707-674-9426x042,"6796 Napier Indlela, Tembisa, 3963",Vereeniging,Northern Cape,8638,"Psychologist, prison and probation services",Zulu,11
'PR27926444,Zenzele,Khwane,Male,2003-05-17,22,Citizen,Kenya,K5603148,Business Visa,2023-04-04,2033-04-01,PER24136,N/A,0.84,mbilisilondile@co.ke,+1-448-461-3271x58813,"4939 Gandhi Isitaladi, Randfontein, 1693",eGoli,Mpumalanga,6710,"Designer, jewellery",Zulu,11
'PR42653909,Vasco,Valente,Male,1984-12-01,40,Citizen,Mozambique,MO502770,Study Visa,2025-04-06,2035-04-04,PER52689,N/A,0.76,kellysa@co.mz,935 854 875,"Av Alfredo Keil, 72, 1086-988 Chaves",Mealhada,Free State,8885-484,"Fumigador e outros controladores, de pragas e ervas daninhas",Portuguese,13
'AS372705,Nokulunga,Nonyana,Female,1977-12-31,47,Permanent Resident,Ethiopia,11842966,Asylum Seeker Permit,2025-02-02,2027-02-02,ASP61673,Rejected,0.52,hmathebela@net,001-600-610-5864x07079,"4069 Napier Umgwaqo, Newcastle, 6263",Randfontein,KwaZulu-Natal,1359,"Administrator, local government",Zulu,10
'8408283542081,Nobantu,Sengwayo,Female,1984-08-28,41,Citizen,South Africa,27240612,N/A,N/A,N/A,N/A,N/A,1.0,nobantukhathini@co.za,7104425284,"2159 Commissioner Indlela, Centurion, 4660",Paarl,Limpopo,9826,Arts administrator,Zulu,N/A
'TV23615,婷婷,金,Female,1983-05-18,42,Temporary Visa,China,62018320,Work Visa,2022-10-09,2024-12-15,VIS37179,N/A,0.6,zhangjun@china.com,13476548284,江苏省成县西夏南昌路w座 824150,丽华市,Northern Cape,753757,销售总监,Mandarin,16
'PR45011612,艳,李,Female,1971-01-07,54,Permanent Resident,China,89566502,Business Visa,2023-04-16,2033-04-13,PER10682,N/A,0.82,ujin@china.com,13845460178,陕西省兴城县涪城张街V座 907497,斌县,Gauteng,541879,客服主管,Mandarin,9
'4209229870030,Luyanda,Khwela,Male,1942-09-22,83,Citizen,South Africa,24884983,N/A,N/A,N/A,N/A,N/A,0.71,ndumisochagwe@co.za,+1-425-431-8732,"701 Church Ithafa, Benoni, 9290",Tembisa,KwaZulu-Natal,6568,Publishing rights manager,Zulu,N/A
'5407298973043,SimphiweyiNkosi,Vundla,Male,1954-07-29,71,Asylum Seeker,South Africa,40007821,N/A,N/A,N/A,N/A,N/A,0.99,nmaduma@co.za,345.248.4795,"25 Stanley Indlela, Kimberley, 9735",Mbombela,Mpumalanga,8698,Product/process development scientist,Zulu,N/A
'AS874335,Siyabonga,Khuzwayo,Male,1983-08-22,42,Permanent Resident,Botswana,BO737449,Asylum Seeker Permit,2023-08-02,2025-08-01,ASP66197,Appeal Pending,0.75,oshazi@net,546-843-8883x7705,"229 Clarence Indawo, Kimberley, 8977",Bethlehem,Free State,6076,"Pharmacist, community",Zulu,20
'5110178215030,Mzamo,Magujwa,Male,1951-10-17,73,Citizen,South Africa,44557998,N/A,N/A,N/A,N/A,N/A,0.71,dumisile92@za.net,(416)290-7512,"6586 Queen Isitaladi, Klerksdorp, 9360",Welkom,Gauteng,7074,"Surveyor, insurance",Zulu,N/A
'6704067792097,Thalente,Msomi,Male,1967-04-06,58,Temporary Visa,South Africa,12818270,N/A,N/A,N/A,N/A,N/A,0.86,cphoswa@co.za,492-267-9899,"14 Milner Ithafa, Randfontein, 5393",Sasolburg,Gauteng,3929,Dramatherapist,Zulu,N/A
'AS221395,彬,季,Male,1986-08-01,39,Permanent Resident,China,25315352,Asylum Seeker Permit,2025-01-29,2027-01-29,ASP22501,Application Submitted,0.33,weiwan@china.com,18604838528,北京市博县浔阳重庆路n座 570262,乌鲁木齐县,Northern Cape,490689,房地产中介/置业顾问,Mandarin,13
'0409117550035,Thalente,Masilela,Male,2004-09-11,21,Citizen,South Africa,82755545,N/A,N/A,N/A,N/A,N/A,0.8,khuluamahle@africa.com,001-364-493-9504x748,"5814 Church Ithafa, iBhayi, 9989",Musina,North West,4009,Wellsite geologist,Zulu,N/A
'9905127713088,Bhekani,Nozulu,Male,1999-05-12,26,Citizen,South Africa,63447754,N/A,N/A,N/A,N/A,N/A,0.98,thabisilekhanyeza@za.net,(338)605-9560,"8838 Oxford Indlela, Krugersdorp, 4686",Kimberley,Northern Cape,5455,"Radiographer, diagnostic",Zulu,N/A
'PR57216017,Nkazimulo,Phoswa,Female,1997-08-22,28,Citizen,Zambia,13306214,Relative's Visa,2022-11-16,2032-11-13,PER14715,N/A,0.87,thandoshozi@com,246.869.9928,"234 Nelson Mandela Isitaladi, eGoli, 4949",Kimberley,Limpopo,9809,"Programmer, multimedia",Zulu,0
'9807173931046,Olwethu,Ndabase,Female,1998-07-17,27,Citizen,South Africa,63748729,N/A,N/A,N/A,N/A,N/A,0.76,fhhoyiyane@co.za,+1-278-764-0045x4963,"947 George Indlela, Kimberley, 7393",Welkom,KwaZulu-Natal,9716,Architectural technologist,Zulu,N/A
'5804144996077,Simphiwe,Cebekhulu,Female,1958-04-14,67,Citizen,South Africa,58736967,N/A,N/A,N/A,N/A,N/A,0.95,pmalembe@za.net,746-757-1926,"7774 Churchill Umgwaqo, George, 5926",Kimberley,North West,7777,"Engineer, control and instrumentation",Zulu,N/A
'4002117700093,Jabulani,Juqula,Male,1940-02-11,85,Permanent Resident,South Africa,80206871,N/A,N/A,N/A,N/A,N/A,0.77,zibuyile93@co.za,278.822.9647,"5627 Clarence Isitaladi, Mbombela, 7322",Vanderbijlpark,Western Cape,4901,Medical physicist,Zulu,N/A
'5707179685024,Minenhle,Mdakane,Male,1957-07-17,68,Citizen,South Africa,81338045,N/A,N/A,N/A,N/A,N/A,0.79,sibongilenenzi@africa.com,+1-292-400-2758x77091,"91 Clarence Ithafa, Kimberley, 8608",Vereeniging,Free State,8001,"Doctor, hospital",Zulu,N/A
'9410020905020,Olwethu,Phoseka,Female,1994-10-02,31,Citizen,South Africa,25412282,N/A,N/A,N/A,N/A,N/A,0.94,mcambemusa@africa.com,+1-578-788-2603x0208,"242 Prince Indlela, George, 8740",Paarl,Northern Cape,1758,Geochemist,Zulu,N/A
'PR47099027,Léon,Lacombe,Male,1990-05-25,35,Citizen,France,437214532,Work Visa,2025-07-30,2035-07-28,PER42752,N/A,0.91,sebastiennicolas@fr,+33 7 73 17 34 12,"avenue de Leclerc, 63442 Baron",Delmas,Limpopo,97277,administrateur de spectacle,French,0
'9402222729098,Nomusa,Nongalaza,Female,1994-02-22,31,Citizen,South Africa,76674036,N/A,N/A,N/A,N/A,N/A,1.0,khwanelondisizwe@co.za,+1-276-356-3954x5771,"453 Main Isitaladi, Rustenburg, 5952",Centurion,Free State,1948,Tax inspector,Zulu,N/A
'6008115585021,Langalibalele,Mnyamande,Male,1960-08-11,65,Citizen,South Africa,88266683,N/A,N/A,N/A,N/A,N/A,0.73,lwandile27@za.net,001-834-988-4012x453,"576 Short Umgwaqo, Benoni, 1603",eThekwini,KwaZulu-Natal,2858,International aid/development worker,Zulu,N/A
'0202027622067,Thando,Mavela,Male,2002-02-02,23,Citizen,South Africa,38138751,N/A,N/A,N/A,N/A,N/A,0.79,mvuyanagugu@za.net,(688)435-6702x2298,"5436 Stanley Indlela, Uitenhage, 9645",Musina,Eastern Cape,9363,Maintenance engineer,Zulu,N/A
'4512174818045,Sibusisiwe,Ndlondlo,Female,1945-12-17,79,Citizen,South Africa,83205883,N/A,N/A,N/A,N/A,N/A,0.79,mthalanenozibusiso@co.za,537.331.6748x0116,"4520 Commissioner Indawo, Soweto, 7181",Vanderbijlpark,KwaZulu-Natal,1380,Physiological scientist,Zulu,N/A
'TV84754,Nqobizitha,Vilakazi,Female,1989-08-20,36,Permanent Resident,Zambia,50605593,Critical Skills Visa,2023-06-30,2025-01-13,VIS17423,N/A,0.71,zibuyile40@net,5903061474,"521 Frere Umgwaqo, Paarl, 5000",Middelburg,Limpopo,6177,"Teacher, early years/pre",Zulu,2
'9503178326038,Thalente,Mpunzana,Male,1995-03-17,30,Citizen,South Africa,11915162,N/A,N/A,N/A,N/A,N/A,0.75,mdletshethembeka@africa.com,526-615-1772x718,"828 Gandhi Ithafa, Krugersdorp, 4764",eThekwini,Gauteng,6223,Tourist information centre manager,Zulu,N/A
'PR39318891,强,姚,Male,1987-07-07,38,Permanent Resident,China,98189562,Work Visa,2023-01-21,2033-01-18,PER22549,N/A,0.89,juan22@com.cn,13993952822,江西省秀华市高港重庆路b座 765040,博市,Northern Cape,456450,餐饮服务员,Mandarin,4
'AS460043,Daniel,Rocher,Male,1975-07-10,50,Citizen,United States,534482060,Asylum Seeker Permit,2024-08-30,2026-08-30,ASP57676,Application Submitted,0.43,barthelemylaure@com,+33 2 49 20 59 63,"avenue Marie Teixeira, 30449 Lecoq",Carpentierdan,Limpopo,15897,maître d'hôtel,French,20
'7804076308035,Sibonelo,Mabuyakhulu,Male,1978-04-07,47,Citizen,South Africa,32934651,N/A,N/A,N/A,N/A,N/A,0.75,sibusisiwe16@africa.com,776.789.9441,"231 Grey Ithafa, Sasolburg, 3658",Bloemfontein,Limpopo,6734,Interior and spatial designer,Zulu,N/A
'8203287552003,Mthokozisi,Gubhuza,Male,1982-03-28,43,Citizen,South Africa,58623986,N/A,N/A,N/A,N/A,N/A,0.82,nomcebogwagwa@africa.com,511.217.6329x839,"841 Nelson Mandela Indawo, Newcastle, 2574",Rustenburg,Gauteng,4639,Lobbyist,Zulu,N/A
'TV30006,Lungile,Gcaleka,Male,2005-03-12,20,Permanent Resident,Malawi,30658232,Corporate Visa,2023-10-22,2025-05-21,VIS55693,N/A,0.7,nobantulakaza@com,894.759.6837x45366,"57 Stanley Isitaladi, Tembisa, 6642",Uitenhage,Gauteng,9725,Financial controller,Zulu,8
'9510273581053,Nomasonto,Mbamali,Female,1995-10-27,29,Citizen,South Africa,24874800,N/A,N/A,N/A,N/A,N/A,0.79,egoba@africa.com,001-474-665-6437x68864,"1759 King Umgwaqo, Newcastle, 8133",Upington,KwaZulu-Natal,6316,Retail buyer,Zulu,N/A
'4304288403023,Mandlakhe,Ayize,Male,1943-04-28,82,Permanent Resident,South Africa,82271413,N/A,N/A,N/A,N/A,N/A,0.86,nhlanhla65@za.net,654-887-3026x95962,"5493 Nelson Mandela Ithafa, iBhayi, 3053",Kathu,Western Cape,3475,Geoscientist,Zulu,N/A
'4604272474054,Bhekizizwe,Made,Female,1946-04-27,79,Temporary Visa,South Africa,64015809,N/A,N/A,N/A,N/A,N/A,0.89,bhembenomathalente@africa.com,001-466-283-7198,"26 James Ithafa, Rustenburg, 7087",Newcastle,Free State,1680,English as a second language teacher,Zulu,N/A
'PR82521990,Nomusa,Shabangu,Female,1971-11-30,53,Asylum Seeker,Zambia,89973731,Critical Skills Visa,2024-03-18,2034-03-16,PER92272,N/A,0.83,wmbuyise@com,(952)835-6574,"7763 Walter Sisulu Isitaladi, eThekwini, 9076",Randfontein,Mpumalanga,6998,Haematologist,Zulu,9
'PR18866063,लीना,चवन,Female,2003-07-03,22,Permanent Resident,India,67821679,Study Visa,2024-11-30,2034-11-28,PER60423,N/A,0.61,bhrdvaajakbr@co.in,01569725917,"56/450 सुरेश सैनी, मोकामा 539561",दादरा और नगर हवेली,Northern Cape,607563,"Engineer, manufacturing",Hindi,6
'9910153109060,Nonhlanhla,Dindela,Female,1999-10-15,25,Temporary Visa,South Africa,71806866,N/A,N/A,N/A,N/A,N/A,0.75,ndimandemcebisi@africa.com,470-965-0279,"846 Stanley Umgwaqo, Potchefstroom, 7914",Uitenhage,Limpopo,1986,"Administrator, arts",Zulu,N/A
'5508132513035,Simphiwe,Makhedama,Female,1955-08-13,70,Citizen,South Africa,85595621,N/A,N/A,N/A,N/A,N/A,0.92,nozibusisomzulwini@za.net,810.605.2812,"8726 Jan Smuts Indawo, Tembisa, 1385",Musina,Gauteng,9457,Building services engineer,Zulu,N/A
'6208090480074,Sihawukele,Gasa,Female,1962-08-09,63,Citizen,South Africa,97751159,N/A,N/A,N/A,N/A,N/A,0.89,musamngomezulu@africa.com,(652)248-9933x68695,"7167 Elizabeth Indawo, Newcastle, 9889",Soweto,KwaZulu-Natal,1097,Chief Strategy Officer,Zulu,N/A
'6511056441074,Sphiwe,Mazibuko,Male,1965-11-05,59,Citizen,South Africa,90251859,N/A,N/A,N/A,N/A,N/A,0.87,lungile68@africa.com,370-909-9606,"17 West Isitaladi, Bethlehem, 7359",Bloemfontein,Limpopo,4229,Tourism officer,Zulu,N/A
'5205122044076,Thembisile,Bhejelibomvu,Female,1952-05-12,73,Citizen,South Africa,17491854,N/A,N/A,N/A,N/A,N/A,1.0,nmbembe@co.za,8729173004,"7013 Adelaide Isitaladi, Mahikeng, 2266",Chatsworth,Eastern Cape,8698,Chartered public finance accountant,Zulu,N/A
'4003132113028,Thembekile,Gcwensa,Female,1940-03-13,85,Citizen,South Africa,91996734,N/A,N/A,N/A,N/A,N/A,0.97,rshabane@za.net,+1-849-603-6008x21524,"4184 King Ithafa, Rustenburg, 9051",Centurion,Eastern Cape,5703,Commercial/residential surveyor,Zulu,N/A
'5608198680008,Mlungisi,Mpila,Male,1956-08-19,69,Asylum Seeker,South Africa,53290698,N/A,N/A,N/A,N/A,N/A,0.75,vkhanyile@za.net,846-992-8360x465,"632 Jan Smuts Indawo, Witbank, 7001",Potchefstroom,Northern Cape,1768,Clinical embryologist,Zulu,N/A
'9206179943070,Bhekani,Bukhosini,Male,1992-06-17,33,Citizen,South Africa,51248588,N/A,N/A,N/A,N/A,N/A,0.89,rmaseko@za.net,650-517-9048x76880,"216 Walter Sisulu Indawo, eGoli, 9060",Mbombela,North West,5770,Chiropodist,Zulu,N/A
'PR88930381,Thabisa,Gina,Female,1993-11-12,31,Citizen,Ethiopia,43430392,Critical Skills Visa,2024-03-17,2034-03-15,PER31719,N/A,0.7,lwandilemiya@org,001-973-846-0569x3339,"2068 High Ithafa, Vanderbijlpark, 5192",George,Limpopo,6012,Barista,Zulu,19
'8409163477019,Nonjabulo,Dlabazane,Female,1984-09-16,41,Temporary Visa,South Africa,50803559,N/A,N/A,N/A,N/A,N/A,0.92,nhlanhlamasuku@co.za,514-642-3899,"71 York Indawo, Upington, 4803",Chatsworth,Mpumalanga,2483,Dramatherapist,Zulu,N/A
'PR97783218,志强,孙,Male,1998-07-30,27,Citizen,China,93179063,Retirement Visa,2022-11-09,2032-11-06,PER37560,N/A,0.89,houxia@com.cn,18547456353,江西省佛山市合川辽阳路o座 291780,香港市,North West,916840,水利/水电工程师,Mandarin,0
'6008015711022,Bhekani,Mnangwe,Male,1960-08-01,65,Temporary Visa,South Africa,94170928,N/A,N/A,N/A,N/A,N/A,0.79,qmbongwe@africa.com,386.417.9667,"8030 Somerset Ithafa, Middelburg, 3898",Mbombela,Free State,4103,Travel agency manager,Zulu,N/A
'5703290536019,Nobuhle,Madlanduna,Female,1957-03-29,68,Citizen,South Africa,91404669,N/A,N/A,N/A,N/A,N/A,0.76,vusumuzi25@co.za,471.500.3760x511,"908 Prince Indlela, Benoni, 6339",eGoli,Gauteng,7083,"Biochemist, clinical",Zulu,N/A
'8311099125055,Mthokozisi,Nontanda,Male,1983-11-09,41,Permanent Resident,South Africa,44931624,N/A,N/A,N/A,N/A,N/A,0.88,rnzuza@africa.com,+1-450-663-6922x56788,"9054 Victoria Ithafa, Springs, 8909",Bloemfontein,Mpumalanga,8520,Historic buildings inspector/conservation officer,Zulu,N/A
'TV79195,Dominique,Laurent,Female,1976-01-21,49,Citizen,United States,794832166,Work Visa,2023-02-20,2023-09-05,VIS70013,N/A,0.87,raymondboulanger@us.com,+33 1 49 84 36 10,"7, boulevard Constance Perez, 65824 Navarro-sur-Picard",Fournierdan,KwaZulu-Natal,42504,conducteur de machine onduleuse,French,20
'PR33897166,Paul,Teixeira,Male,1973-12-16,51,Temporary Visa,France,560402129,Corporate Visa,2025-03-21,2035-03-19,PER14416,N/A,0.82,couturierguy@fr,0411867347,"41, rue Fleury, 50323 Teixeira",Saint Augustin-sur-Mer,KwaZulu-Natal,89519,ambulancier,French,15
'6504051908019,Nozibusiso,Mcanyana,Female,1965-04-05,60,Citizen,South Africa,35368517,N/A,N/A,N/A,N/A,N/A,0.92,mawandaamahle@za.net,(320)797-6399,"6301 Gandhi Indlela, Kathu, 1664",Bethlehem,KwaZulu-Natal,4797,Copy,Zulu,N/A
'4705154463008,Zakhele,Nyawokhulu,Female,1947-05-15,78,Temporary Visa,South Africa,55858449,N/A,N/A,N/A,N/A,N/A,0.89,thembekilemntungwa@africa.com,001-462-899-0066,"20 Smith Indlela, Kathu, 6967",Middelburg,Limpopo,8605,"Journalist, broadcasting",Zulu,N/A
'8408027559042,SimphiweyiNkosi,Khomo,Male,1984-08-02,41,Temporary Visa,South Africa,26358108,N/A,N/A,N/A,N/A,N/A,0.8,nomalanga64@co.za,(844)581-7691x35446,"346 Stanley Ithafa, Centurion, 2802",Klerksdorp,Northern Cape,3301,Politician's assistant,Zulu,N/A
'9610237518011,Sphiwe,Xhakaza,Male,1996-10-23,28,Citizen,South Africa,23211509,N/A,N/A,N/A,N/A,N/A,0.86,nobuhlendlela@co.za,718-317-6330,"5193 Cecil Indlela, Mbombela, 8333",Mbombela,North West,9044,"Psychologist, occupational",Zulu,N/A
'9709011179000,Siphesihle,Mgobhozi,Female,1997-09-01,28,Temporary Visa,South Africa,39901487,N/A,N/A,N/A,N/A,N/A,0.98,rmnangwe@za.net,+1-730-775-7825x91858,"97 Albertina Sisulu Indawo, Rustenburg, 7681",George,North West,2245,Associate Professor,Zulu,N/A
'5401070705086,Nqobizitha,Nomndayi,Female,1954-01-07,71,Temporary Visa,South Africa,83022946,N/A,N/A,N/A,N/A,N/A,0.86,nkwanyanazakhele@africa.com,856.253.2893,"9395 Edward Indawo, Krugersdorp, 4608",Bethlehem,Western Cape,3982,Consulting civil engineer,Zulu,N/A
'PR35755728,Thérèse,Guyot,Female,1985-06-13,40,Citizen,United States,773256437,Work Visa,2024-08-02,2034-07-31,PER17047,N/A,0.68,celinafernandez@us.com,+33 4 85 17 78 36,"chemin de Legrand, 41895 Blanc-sur-Mer",Sainte Élise,Mpumalanga,54977,conducteur de machines agricoles,French,3
'PR32390411,Marie,Perrin,Female,1999-10-29,25,Asylum Seeker,United States,234098226,Business Visa,2025-07-28,2035-07-26,PER85321,N/A,0.9,leon11@us.com,04 69 09 21 41,"47, boulevard Daniel, 09635 Gillet",Gautierboeuf,Northern Cape,18343,libraire,French,18
'AS433712,Amahle,Ngwekazi,Female,1993-11-23,31,Permanent Resident,Ethiopia,29790439,Asylum Seeker Permit,2022-12-05,2024-12-04,ASP32185,Rejected,0.46,simphiweboyabenyathi@net,+1-931-513-3118,"190 Milner Indawo, uMgungundlovu, 6601",Soweto,Gauteng,2277,Gaffer,Zulu,13
'4802089961005,Sibusiso,Mntimande,Male,1948-02-08,77,Citizen,South Africa,88043869,N/A,N/A,N/A,N/A,N/A,0.91,sphiwe80@africa.com,767.948.4135,"5722 Frere Isitaladi, Klerksdorp, 9687",Musina,North West,5839,Local government officer,Zulu,N/A
'TV40330,Aimé,Peron,Male,1982-11-26,42,Temporary Visa,France,405231118,Relative's Visa,2025-08-06,2026-01-05,VIS59628,N/A,0.5,nathalie51@fr,+33 2 18 94 44 75,"46, rue Frédérique Martins, 13170 Normand",Jourdan,Western Cape,97319,chirurgien,French,9
'9204233414022,Ndumiso,Mshiyane,Female,1992-04-23,33,Citizen,South Africa,73814597,N/A,N/A,N/A,N/A,N/A,0.92,sithembisolamula@za.net,287-258-9811,"5923 Albertina Sisulu Umgwaqo, Sasolburg, 3554",eThekwini,Gauteng,7480,IT technical support officer,Zulu,N/A
'5412177674026,Nhlanhla,Bantwini,Male,1954-12-17,70,Citizen,South Africa,74063211,N/A,N/A,N/A,N/A,N/A,0.77,olwethu41@co.za,683-802-2090x60769,"527 Edward Indlela, Paarl, 6999",Kimberley,Western Cape,1044,Multimedia programmer,Zulu,N/A
'PR69955896,Thando,Yei,Male,1970-06-04,55,Citizen,Lesotho,46967785,Relative's Visa,2023-10-21,2033-10-18,PER81557,N/A,0.73,jnsukuza@com,5784937211,"7420 Voortrekker Indawo, Potchefstroom, 6261",Paarl,KwaZulu-Natal,5480,Broadcast engineer,Zulu,1
'TV24141,Bhekisisa,Myeni,Female,2004-07-23,21,Citizen,Tanzania,53803102,Relative's Visa,2023-06-09,2024-12-21,VIS73761,N/A,0.76,bhekizizwe39@org,+1-711-692-8401,"66 Commissioner Indlela, Upington, 1170",George,Limpopo,6272,Architect,Zulu,10
'AS146104,Luyanda,Gcaleka,Male,1972-04-28,53,Permanent Resident,Lesotho,34286345,Asylum Seeker Permit,2024-08-05,2026-08-05,ASP51999,Interview Scheduled,0.77,nobantusithenjwa@net,(617)447-1769,"44 Walter Sisulu Umgwaqo, Chatsworth, 4017",iKapa,Mpumalanga,8115,"Surveyor, mining",Zulu,5
'0411170264016,Zenzile,Bhungane,Female,2004-11-17,20,Citizen,South Africa,41265897,N/A,N/A,N/A,N/A,N/A,0.9,sibusisiwemngwengwe@co.za,+1-326-446-1226x68777,"3303 Churchill Ithafa, Bethlehem, 8868",Potchefstroom,Northern Cape,9547,Equality and diversity officer,Zulu,N/A
'PR69326117,Zakhele,Mashiya,Female,1975-09-29,50,Citizen,Ghana,G4792199,Corporate Visa,2023-02-10,2033-02-07,PER83093,N/A,0.67,nonjabulo74@com.gh,(614)683-4143x147,"50 Prince Isitaladi, Bloemfontein, 8898",Sasolburg,Northern Cape,4143,Commissioning editor,Zulu,11
'6702260320037,Mnqobi,Mhayise,Female,1967-02-26,58,Citizen,South Africa,47948073,N/A,N/A,N/A,N/A,N/A,0.78,dsithole@co.za,001-264-433-4718,"2289 Clarence Umgwaqo, Kathu, 5247",iBhayi,Limpopo,4168,Chief Marketing Officer,Zulu,N/A
'TV95763,Nomalanga,Ntuli,Female,1971-02-28,54,Citizen,Lesotho,53522793,Corporate Visa,2023-04-16,2025-09-30,VIS36683,N/A,0.75,mlungwanalondiwe@org,(856)661-7225x45146,"6378 Adelaide Indlela, Middelburg, 7983",Soweto,Western Cape,9653,"Copywriter, advertising",Zulu,10
'4806286868047,Bandile,Nyawose,Male,1948-06-28,77,Citizen,South Africa,18532382,N/A,N/A,N/A,N/A,N/A,0.82,mmpila@africa.com,(900)815-0404x0416,"212 William Indlela, iKapa, 9682",Springs,Limpopo,8155,Charity officer,Zulu,N/A
'5302122858023,Nomalanga,Mathunjwa,Female,1953-02-12,72,Permanent Resident,South Africa,69818829,N/A,N/A,N/A,N/A,N/A,0.96,nobantu63@africa.com,701-255-9740x8680,"15 Clarence Indlela, Chatsworth, 1264",Randfontein,Free State,4215,Volunteer coordinator,Zulu,N/A
'7611043362012,Simphiwe,Dinabantu,Female,1976-11-04,48,Citizen,South Africa,30462787,N/A,N/A,N/A,N/A,N/A,0.87,bdlungwana@africa.com,322.844.6839x43597,"69 Frere Indawo, Benoni, 1134",Mahikeng,Mpumalanga,5858,Geochemist,Zulu,N/A
'8712158757053,Bhekani,Dlamlenze,Male,1987-12-15,37,Citizen,South Africa,98819424,N/A,N/A,N/A,N/A,N/A,0.77,mdladlagugu@co.za,001-504-659-2240,"71 Churchill Isitaladi, Kathu, 9040",George,Northern Cape,2394,Food technologist,Zulu,N/A
'6004272872095,Nomalanga,Ndosi,Female,1960-04-27,65,Citizen,South Africa,54030071,N/A,N/A,N/A,N/A,N/A,0.76,siyabonga06@co.za,757.806.6093x476,"8135 Cecil Ithafa, Sasolburg, 6593",Uitenhage,Limpopo,2575,"Nurse, children's",Zulu,N/A
'0412175457063,Mandla,Ngcobo,Male,2004-12-17,20,Citizen,South Africa,89028510,N/A,N/A,N/A,N/A,N/A,1.0,mthokozisi80@africa.com,285-505-2550,"83 Cecil Umgwaqo, Centurion, 4423",Centurion,Limpopo,8275,"Surveyor, quantity",Zulu,N/A
'5901064077003,Dumisani,Sibiya,Female,1959-01-06,66,Citizen,South Africa,69189487,N/A,N/A,N/A,N/A,N/A,0.85,simphiwekhosini@za.net,(718)906-0669x9609,"78 Main Indlela, Sasolburg, 1029",Chatsworth,Eastern Cape,2760,Professor Emeritus,Zulu,N/A
'5404153706044,Nozizwe,Lamula,Female,1954-04-15,71,Permanent Resident,South Africa,18047513,N/A,N/A,N/A,N/A,N/A,0.71,thandazilesomboni@za.net,001-884-471-9883x6976,"221 Churchill Indawo, Centurion, 1374",Bethlehem,Mpumalanga,7417,Psychiatrist,Zulu,N/A
'TV29881,Céline,Pelletier,Female,1981-08-17,44,Temporary Visa,France,914379030,Business Visa,2023-03-07,2025-01-30,VIS65078,N/A,0.74,guillaumebrun@france.com,01 39 66 70 97,"735, rue Lucas, 09864 Fabrenec",Georges,Mpumalanga,83915,gestionnaire de parc micro-informatique,French,17
'TV79923,Tristan,Guyon,Male,1997-07-24,28,Citizen,France,705718062,Retirement Visa,2025-01-15,2026-08-03,VIS62467,N/A,0.82,wrousseau@france.com,03 71 24 92 65,"30, rue de Raymond, 06644 Evrard",Laurent-sur-Auger,Limpopo,07611,responsable assurance qualité,French,10
'8612247161098,Lungile,Ntuli,Male,1986-12-24,38,Temporary Visa,South Africa,95032330,N/A,N/A,N/A,N/A,N/A,0.88,luyandamantshinga@za.net,491.316.9435x451,"262 Nelson Mandela Indawo, Springs, 9037",Welkom,Northern Cape,8549,Psychiatric nurse,Zulu,N/A
'9609306586016,Thalente,Mdluli,Male,1996-09-30,29,Citizen,South Africa,80626870,N/A,N/A,N/A,N/A,N/A,0.8,mthimkhulunomusa@africa.com,001-964-589-2242x644,"72 President Ithafa, Krugersdorp, 4098",Springs,Eastern Cape,6838,"Investment banker, corporate",Zulu,N/A
'5106100085098,Mnqobi,Mkhwananzi,Female,1951-06-10,74,Temporary Visa,South Africa,63294582,N/A,N/A,N/A,N/A,N/A,0.83,vsabelo@africa.com,+1-666-974-7968x96306,"61 Voortrekker Ithafa, Rustenburg, 7662",uMgungundlovu,Eastern Cape,4125,"Psychologist, clinical",Zulu,N/A
'8607173702015,Zenzile,Mabizela,Female,1986-07-17,39,Asylum Seeker,South Africa,22814987,N/A,N/A,N/A,N/A,N/A,0.93,sibusisomphazima@za.net,(387)635-6148x30664,"73 Clarence Ithafa, Paarl, 1261",iBhayi,Mpumalanga,6887,Glass blower/designer,Zulu,N/A
'5003143341085,Nomvula,Soduba,Female,1950-03-14,75,Citizen,South Africa,75431168,N/A,N/A,N/A,N/A,N/A,0.95,thando45@co.za,537-847-4931x4151,"328 Church Umgwaqo, Paarl, 6418",Musina,Gauteng,7320,Research scientist (medical),Zulu,N/A
'TV47960,Nqobizitha,Mlotshwa,Female,2004-09-23,21,Permanent Resident,Malawi,47204227,Retirement Visa,2023-12-06,2025-02-11,VIS87019,N/A,0.7,sibongilemlawula@com,579.285.8995x931,"4985 President Indawo, Boksburg, 7710",Potchefstroom,Eastern Cape,3432,"Psychotherapist, dance movement",Zulu,0
'TV14887,Nomusa,Musi,Female,1993-12-15,31,Citizen,Tanzania,29191517,Work Visa,2025-05-04,2028-02-05,VIS97903,N/A,0.71,sphiwengobisi@org,001-997-837-9466x74420,"7855 Milner Ithafa, Kimberley, 3876",Polokwane,Eastern Cape,3266,Commercial art gallery manager,Zulu,13
'AS978669,Mlungisi,Dindi,Male,1987-10-15,37,Citizen,Ethiopia,60315558,Asylum Seeker Permit,2022-11-15,2024-11-14,ASP33301,Refugee Status Granted,0.31,mkholosiyabonga@org,001-210-453-6587,"2346 Stanley Umgwaqo, Tembisa, 5380",Vanderbijlpark,Limpopo,1402,Associate Professor,Zulu,8
'0105095926057,Mlungisi,Mahlase,Male,2001-05-09,24,Citizen,South Africa,80327330,N/A,N/A,N/A,N/A,N/A,0.77,londiwe78@co.za,001-948-294-0969x043,"4070 William Isitaladi, eGoli, 9038",Randfontein,Free State,2192,Geophysicist/field seismologist,Zulu,N/A
'AS790722,Gugulethu,Kholose,Female,1982-05-07,43,Permanent Resident,Tanzania,71983424,Asylum Seeker Permit,2024-06-24,2026-06-24,ASP51578,Under Review,0.76,osimelane@org,(225)216-3727x6628,"252 Jan Smuts Indlela, Klerksdorp, 9722",Vereeniging,Eastern Cape,3948,Travel agency manager,Zulu,5
'8403123632041,Nobuhle,Vezi,Female,1984-03-12,41,Citizen,South Africa,80415596,N/A,N/A,N/A,N/A,N/A,0.84,sibusisogcwabe@za.net,001-929-810-6061x713,"6474 York Indawo, Springs, 9818",Welkom,Northern Cape,7457,Orthoptist,Zulu,N/A
'8011125252049,Sibonelo,Lubelo,Male,1980-11-12,44,Permanent Resident,South Africa,49083198,N/A,N/A,N/A,N/A,N/A,0.75,lmanqele@africa.com,+1-239-736-9653x4667,"9450 Prince Ithafa, iBhayi, 9125",Klerksdorp,Free State,9456,Waste management officer,Zulu,N/A
'AS431458,Amahle,Mavundla,Female,1996-04-25,29,Citizen,Zimbabwe,ZI574572,Asylum Seeker Permit,2024-11-06,2026-11-06,ASP99248,Under Review,0.47,sibongile47@zimbabwe.com,370.958.7048,"4768 Long Indlela, Polokwane, 4724",eGoli,Western Cape,2280,Logistics and distribution manager,Zulu,8
'4708115375032,Siyabonga,Lamula,Male,1947-08-11,78,Permanent Resident,South Africa,56191988,N/A,N/A,N/A,N/A,N/A,0.96,ygwija@co.za,(925)763-7837x00167,"248 George Isitaladi, Polokwane, 4105",Musina,Eastern Cape,1386,"Scientist, research (medical)",Zulu,N/A
'TV98950,Thabisile,Ndabansele,Female,1987-08-01,38,Permanent Resident,Malawi,44591387,Retirement Visa,2023-06-23,2024-12-11,VIS81228,N/A,0.55,silondilembuyise@net,508.983.4429x291,"723 Adelaide Indawo, Vanderbijlpark, 5936",eGoli,KwaZulu-Natal,9102,IT consultant,Zulu,0
'AS583316,Maurice,Pinto,Male,1973-09-17,52,Permanent Resident,United Kingdom,651114565,Asylum Seeker Permit,2023-03-17,2025-03-16,ASP60537,Under Review,0.56,franck14@co.uk,+33 4 84 00 88 07,"2, rue de Chauvin, 48882 Klein",Bousquet,Free State,43754,professeur de mathématiques ou de physique-chimie,French,7
'6307048403030,Njabulo,Mabaso,Male,1963-07-04,62,Citizen,South Africa,87450390,N/A,N/A,N/A,N/A,N/A,0.84,bhlela@za.net,934.248.0718,"1803 Stanley Indlela, George, 8118",Kathu,North West,7135,Chiropractor,Zulu,N/A
'PR92724633,Njabulo,Bhungane,Male,1989-01-13,36,Citizen,Eswatini,86778529,Corporate Visa,2025-08-18,2035-08-16,PER22914,N/A,0.84,dnzamela@org,(265)739-1141,"72 Nelson Mandela Isitaladi, Musina, 1430",Tembisa,North West,8074,"Teacher, special educational needs",Zulu,19
'4303259188047,Lwandile,Chonco,Male,1943-03-25,82,Citizen,South Africa,88264570,N/A,N/A,N/A,N/A,N/A,0.83,bhekokwakhe92@co.za,3614379256,"348 York Indawo, iKapa, 8396",Mahikeng,Free State,3424,Armed forces logistics/support/administrative officer,Zulu,N/A
'5702209221037,Langalibalele,Ndlala,Male,1957-02-20,68,Permanent Resident,South Africa,65146605,N/A,N/A,N/A,N/A,N/A,0.81,nomvula73@co.za,(446)851-3305x22234,"90 Walter Sisulu Ithafa, Middelburg, 4983",Potchefstroom,Eastern Cape,1951,"Investment banker, corporate",Zulu,N/A
'PR47031653,成,杨,Male,1976-03-08,49,Citizen,China,83161983,Relative's Visa,2025-07-22,2035-07-20,PER24369,N/A,0.71,yong18@china.com,13048502693,宁夏回族自治区长沙县璧山大冶路y座 459116,桂芳县,KwaZulu-Natal,645565,客服专员/助理,Mandarin,18
'5501245053058,Mlungisi,Mkhungo,Male,1955-01-24,70,Citizen,South Africa,89222117,N/A,N/A,N/A,N/A,N/A,0.73,maphalalabandile@africa.com,(685)218-6142x13070,"3369 Frere Indawo, Thohoyandou, 8725",Musina,KwaZulu-Natal,2191,Public house manager,Zulu,N/A
'5012027603097,Mandlakhe,Mjadu,Male,1950-12-02,74,Citizen,South Africa,63353008,N/A,N/A,N/A,N/A,N/A,0.88,mthokozisinombhoco@africa.com,917-614-1610x420,"908 West Indlela, iBhayi, 4006",Bloemfontein,Limpopo,4805,"Civil engineer, contracting",Zulu,N/A
'9404159730030,Sibonelo,Mlalazi,Male,1994-04-15,31,Citizen,South Africa,17747810,N/A,N/A,N/A,N/A,N/A,0.78,ngobeseolwethu@za.net,412.901.2706x23547,"722 Albertina Sisulu Umgwaqo, Tembisa, 2797",Uitenhage,Northern Cape,6021,Futures trader,Zulu,N/A
'7008215914091,Lungile,Nzimande,Male,1970-08-21,55,Citizen,South Africa,18046420,N/A,N/A,N/A,N/A,N/A,0.81,lungile79@africa.com,(587)895-4494x9965,"778 Walter Sisulu Indlela, Sasolburg, 8073",iKapa,KwaZulu-Natal,2196,Dispensing optician,Zulu,N/A
'6506109356017,Mandla,Mdakane,Male,1965-06-10,60,Citizen,South Africa,42077556,N/A,N/A,N/A,N/A,N/A,0.84,qvezi@co.za,+1-311-643-0997x69652,"78 Charles Isitaladi, Klerksdorp, 6322",Welkom,Limpopo,3740,"Education officer, museum",Zulu,N/A
'9106152616064,Sibongile,Fakude,Female,1991-06-15,34,Citizen,South Africa,80873786,N/A,N/A,N/A,N/A,N/A,0.8,thembeka11@co.za,893-633-4554x580,"96 Walter Sisulu Ithafa, Thohoyandou, 4413",Klerksdorp,Gauteng,5141,Exhibition designer,Zulu,N/A
'8205050579042,Khanyisile,Nkonyeni,Female,1982-05-05,43,Citizen,South Africa,70545339,N/A,N/A,N/A,N/A,N/A,0.74,busisiwe04@co.za,(817)525-4681,"74 Prince Indlela, Paarl, 2942",Uitenhage,Free State,8134,Phytotherapist,Zulu,N/A
'8406229341037,Andile,Cebisa,Male,1984-06-22,41,Citizen,South Africa,37171465,N/A,N/A,N/A,N/A,N/A,0.78,sandanezwethando@africa.com,498-650-2399x7589,"36 Paul Kruger Indawo, Newcastle, 5723",Mahikeng,Free State,2559,Animal technologist,Zulu,N/A
'4505114573028,Bhekizizwe,Mazibuko,Female,1945-05-11,80,Citizen,South Africa,16967192,N/A,N/A,N/A,N/A,N/A,0.77,uxhakaza@co.za,+1-381-539-5661x366,"8194 Joseph Isitaladi, Middelburg, 4539",eThekwini,North West,1322,"Designer, multimedia",Zulu,N/A
'AS783956,涛,樊,Male,1983-08-18,42,Citizen,China,61647644,Asylum Seeker Permit,2025-04-24,2027-04-24,ASP34551,Refugee Status Granted,0.42,cyang@china.com,15907158710,湖南省桂芳县魏都巢湖路W座 713498,上海县,Free State,622924,空调/热能工程师,Mandarin,14
'TV25065,Alphonse,Deschamps,Male,2002-05-04,23,Citizen,United Kingdom,671215925,Study Visa,2025-03-01,2027-08-17,VIS31634,N/A,0.72,gomezsimone@uk.com,+33 (0)1 46 51 78 53,"4, rue Thibault Coulon, 82807 Rey",Chrétien,North West,05968,technicien électronicien électronicienne,French,20
'AS922160,Élodie,Alexandre,Female,1972-09-06,53,Citizen,United Kingdom,498932366,Asylum Seeker Permit,2024-05-10,2026-05-10,ASP26705,Rejected,0.68,honore56@co.uk,+33 6 25 55 57 46,"5, rue Langlois, 61551 Legrand",Thomas,Eastern Cape,41839,assistant de service social,French,18
'5307286965087,Thabani,Njinji,Male,1953-07-28,72,Temporary Visa,South Africa,24606341,N/A,N/A,N/A,N/A,N/A,0.72,mzamomabhodla@za.net,(336)915-1944x15909,"3818 Albertina Sisulu Indlela, Sasolburg, 9408",Tembisa,Limpopo,3877,Local government officer,Zulu,N/A
'9701305540027,Njabulo,Ntamonde,Male,1997-01-30,28,Citizen,South Africa,69259013,N/A,N/A,N/A,N/A,N/A,0.85,thalente12@africa.com,282-276-3481x91550,"862 Albertina Sisulu Isitaladi, Rustenburg, 9932",eThekwini,Eastern Cape,9238,Research scientist (medical),Zulu,N/A
'8505142131047,Nomagugu,Nhlanhlampofu,Female,1985-05-14,40,Citizen,South Africa,89331115,N/A,N/A,N/A,N/A,N/A,0.74,bhekokwakhe19@africa.com,843-684-8786x854,"27 Main Indlela, Bloemfontein, 9846",Boksburg,Eastern Cape,1291,Advertising copywriter,Zulu,N/A
'7812297810018,Njabulo,Phingoshe,Male,1978-12-29,46,Citizen,South Africa,46848832,N/A,N/A,N/A,N/A,N/A,0.85,mdlenevuzenzile@africa.com,201.967.7699x0082,"88 Commissioner Umgwaqo, eGoli, 5315",Vereeniging,North West,6866,Engineering geologist,Zulu,N/A
'7403068599055,SimphiweyiNkosi,Mathebula,Male,1974-03-06,51,Permanent Resident,South Africa,10194082,N/A,N/A,N/A,N/A,N/A,0.77,wnhlanhlampofu@co.za,001-230-841-1298x600,"9710 Main Ithafa, Rustenburg, 8237",Tembisa,Gauteng,8247,Marine scientist,Zulu,N/A
'PR63312651,Sphiwe,Mthiyane,Male,1978-12-11,46,Citizen,Lesotho,73971016,Work Visa,2024-02-25,2034-02-22,PER73148,N/A,0.93,nombelathando@org,8837565397,"40 George Isitaladi, Soweto, 1907",Stellenbosch,Limpopo,9635,"Conservation officer, historic buildings",Zulu,12
'8508017650057,Sphiwe,Mbatha,Male,1985-08-01,40,Citizen,South Africa,41817470,N/A,N/A,N/A,N/A,N/A,0.87,sithembisoluqe@co.za,(910)671-0782x19551,"235 West Indlela, Chatsworth, 1422",Bethlehem,Western Cape,6783,"Pilot, airline",Zulu,N/A
'6102279576052,Sibonelo,Sithole,Male,1961-02-27,64,Citizen,South Africa,19819283,N/A,N/A,N/A,N/A,N/A,0.71,ndosibhekisisa@co.za,852.926.8908,"42 Cecil Isitaladi, Centurion, 8510",eThekwini,Free State,9945,Interpreter,Zulu,N/A
'5901113994078,Nomasonto,Maphisa,Female,1959-01-11,66,Citizen,South Africa,34717016,N/A,N/A,N/A,N/A,N/A,0.83,wnyawokhulu@co.za,(725)945-0947,"69 Thomas Isitaladi, Polokwane, 1966",Springs,Gauteng,7541,Analytical chemist,Zulu,N/A
'TV84613,梅,窦,Female,1972-11-22,52,Permanent Resident,China,58028912,Retirement Visa,2023-07-30,2026-07-12,VIS36245,N/A,0.69,qiang64@china.com,15239158231,北京市重庆市崇文宜都街z座 788587,乌鲁木齐市,Limpopo,705076,矿产勘探/地质勘测工程师,Mandarin,14
'TV17614,इन्दु,मिश्रा,Female,1988-09-05,37,Citizen,India,99410725,Business Visa,2024-08-07,2025-08-02,VIS99433,N/A,0.71,kdmkhaan@india.com,05324 386905,"8/7 नवीन ताम्बे, अमरोहा 457726",दादरा और नगर हवेली,North West,714664,IT technical support officer,Hindi,7
'8212212349045,Nozibusiso,Ntanzi,Female,1982-12-21,42,Citizen,South Africa,34811396,N/A,N/A,N/A,N/A,N/A,0.95,mlungisi78@co.za,+1-487-988-5357,"1713 Elizabeth Isitaladi, uMgungundlovu, 7973",Centurion,Limpopo,9341,Teaching laboratory technician,Zulu,N/A
'TV37079,Londisizwe,Nonkosi,Female,1981-07-09,44,Citizen,Tanzania,43170038,Relative's Visa,2023-12-02,2026-01-31,VIS78746,N/A,0.74,thembekile75@com,841.880.1942,"51 King Umgwaqo, Bloemfontein, 5600",Klerksdorp,Limpopo,4277,Occupational psychologist,Zulu,13
'9209288047097,Musa,Phakathi,Male,1992-09-28,33,Citizen,South Africa,28215662,N/A,N/A,N/A,N/A,N/A,0.83,gcwensathembekile@africa.com,306-639-8462x9978,"637 High Umgwaqo, Kimberley, 3822",Randfontein,North West,7984,Veterinary surgeon,Zulu,N/A
'4012098850092,Bhekani,Mnquhe,Male,1940-12-09,84,Citizen,South Africa,33889950,N/A,N/A,N/A,N/A,N/A,0.78,nkundlandethandazile@africa.com,824-929-5435,"17 Gandhi Indawo, Musina, 4944",Krugersdorp,Free State,5466,Land/geomatics surveyor,Zulu,N/A
'0101163406072,Mnqobi,Ndlovu,Female,2001-01-16,24,Citizen,South Africa,78620008,N/A,N/A,N/A,N/A,N/A,0.89,gugulethunandisa@co.za,001-850-671-7904x44203,"9947 Jan Smuts Isitaladi, Kimberley, 3975",Krugersdorp,Free State,8006,"Administrator, Civil Service",Zulu,N/A
'8804166123092,Mandla,Nondlela,Male,1988-04-16,37,Citizen,South Africa,85488205,N/A,N/A,N/A,N/A,N/A,0.98,siyabonga28@za.net,+1-746-995-2724,"87 Grey Umgwaqo, eGoli, 9562",Stellenbosch,Limpopo,7460,Theme park manager,Zulu,N/A
'8502220261077,Sibusisiwe,Mbonane,Female,1985-02-22,40,Citizen,South Africa,84607830,N/A,N/A,N/A,N/A,N/A,0.97,zenzile44@za.net,001-318-777-9401x428,"551 Main Umgwaqo, Bethlehem, 8353",Klerksdorp,Limpopo,1887,Armed forces technical officer,Zulu,N/A
'PR44640331,Xavier,Jacques,Male,1971-03-28,54,Citizen,Democratic Republic of Congo,46332792,Study Visa,2023-06-10,2033-06-07,PER88226,N/A,0.64,gregoirepicard@org,01 88 52 52 03,"boulevard de Samson, 44369 Ponsnec",Rousseau-la-Forêt,Free State,60494,yield manager,French,19
'PR99830710,桂珍,崔,Female,1983-09-11,42,Citizen,China,96000110,Corporate Visa,2024-08-25,2034-08-23,PER54298,N/A,0.94,fanjing@com.cn,13504655614,云南省兴城市清浦北镇路P座 108226,淑珍市,Limpopo,728896,中学教师,Mandarin,4
'7707232258079,Thembeka,Mcambi,Female,1977-07-23,48,Citizen,South Africa,54503279,N/A,N/A,N/A,N/A,N/A,0.79,omchunu@co.za,491.275.5952,"5703 Albertina Sisulu Indawo, Middelburg, 8510",Musina,Northern Cape,6934,Public librarian,Zulu,N/A
'4805183949006,Bhekokwakhe,Gasa,Female,1948-05-18,77,Citizen,South Africa,41464791,N/A,N/A,N/A,N/A,N/A,0.8,mehloluhlazabhekokwakhe@africa.com,001-753-515-9544x65981,"49 Frere Indawo, Boksburg, 6393",Uitenhage,Free State,1128,Special educational needs teacher,Zulu,N/A
'PR13624350,Thabisile,Maphindela,Female,1982-05-14,43,Permanent Resident,Somalia,12431289,Retirement Visa,2025-04-10,2035-04-08,PER71350,N/A,0.66,nomthandazomanzi@com,358-213-5747x7764,"32 Main Umgwaqo, George, 2136",Randfontein,Eastern Cape,4635,"Surveyor, commercial/residential",Zulu,4
'9410296828062,Musa,Dlawuza,Male,1994-10-29,30,Citizen,South Africa,40674556,N/A,N/A,N/A,N/A,N/A,0.87,ashengele@africa.com,(532)441-6681,"7481 Albertina Sisulu Umgwaqo, Middelburg, 8055",Uitenhage,Limpopo,5337,Garment/textile technologist,Zulu,N/A
'0104256657061,Musa,Mcambi,Male,2001-04-25,24,Citizen,South Africa,94316200,N/A,N/A,N/A,N/A,N/A,0.9,ymbuli@za.net,500.257.3787x93073,"784 William Indawo, Upington, 3111",Vereeniging,Gauteng,9692,"Engineer, chemical",Zulu,N/A
'9607318099065,Sibonelo,Manyoni,Male,1996-07-31,29,Citizen,South Africa,26615176,N/A,N/A,N/A,N/A,N/A,0.83,mathenjwanonhlanhla@co.za,863-863-5849x32825,"937 Napier Isitaladi, Mbombela, 6263",Chatsworth,Northern Cape,6196,Jewellery designer,Zulu,N/A
'0310255183028,Sandile,Mbamali,Male,2003-10-25,21,Citizen,South Africa,44664938,N/A,N/A,N/A,N/A,N/A,0.89,qmakhedama@za.net,6567951328,"3498 Voortrekker Indawo, Vanderbijlpark, 5932",Polokwane,Mpumalanga,5604,Furniture conservator/restorer,Zulu,N/A
'TV54972,Thabisile,Mlangatshe,Female,1975-11-14,49,Temporary Visa,Zambia,80259568,Study Visa,2025-01-11,2027-10-29,VIS85183,N/A,0.73,mgwija@net,491-947-3615,"485 Paul Kruger Umgwaqo, Boksburg, 3777",uMgungundlovu,Limpopo,4718,Textile designer,Zulu,5
'8710096798022,Luyanda,Jibela,Male,1987-10-09,37,Citizen,South Africa,28103283,N/A,N/A,N/A,N/A,N/A,0.79,mazibukosimphiwe@co.za,001-219-295-0944x5725,"66 Rivonia Isitaladi, Centurion, 6360",Klerksdorp,Mpumalanga,4946,Manufacturing engineer,Zulu,N/A
'TV33013,Brigitte,Charrier,Female,1987-05-01,38,Citizen,France,219575342,Relative's Visa,2022-11-14,2023-02-18,VIS30558,N/A,0.63,perrotcamille@france.com,0360878795,"5, chemin Chauvin, 97323 Laurent",Daniel-sur-Ferrand,North West,30819,éducateur de la protection judiciaire de la jeunesse (PJJ),French,1
'5104274924086,Nomthandazo,Khukhuza,Female,1951-04-27,74,Citizen,South Africa,60246480,N/A,N/A,N/A,N/A,N/A,0.95,siphesihlensukuza@co.za,(342)267-2205,"684 Main Indlela, iKapa, 9481",Soweto,Eastern Cape,9064,Community arts worker,Zulu,N/A
'9412134223001,Zinhle,Made,Female,1994-12-13,30,Citizen,South Africa,94710118,N/A,N/A,N/A,N/A,N/A,0.85,nkalabhekani@co.za,491-339-1651x860,"2097 James Ithafa, iKapa, 4806",eThekwini,Eastern Cape,5686,"Investment banker, operational",Zulu,N/A
'4110049029009,Thabani,Nkosi,Male,1941-10-04,84,Permanent Resident,South Africa,55309942,N/A,N/A,N/A,N/A,N/A,0.81,amafulela@africa.com,001-890-306-6600x80449,"2572 York Indawo, Paarl, 9920",Soweto,KwaZulu-Natal,2232,Herbalist,Zulu,N/A
'5201066227050,Mthokozisi,Xulu,Male,1952-01-06,73,Citizen,South Africa,38399305,N/A,N/A,N/A,N/A,N/A,0.88,zakhele60@za.net,652-259-3495x167,"192 George Ithafa, Soweto, 5603",Sasolburg,Northern Cape,1705,Early years teacher,Zulu,N/A
'8111049008024,Sibonelo,Thabekhulu,Male,1981-11-04,43,Citizen,South Africa,10530788,N/A,N/A,N/A,N/A,N/A,0.85,mbuyisenomagugu@africa.com,(822)717-1389x657,"19 York Indlela, Newcastle, 6159",Bloemfontein,Gauteng,4564,Civil Service administrator,Zulu,N/A
'AS614533,सीता,टंडन,Female,1988-12-16,36,Citizen,India,44558142,Asylum Seeker Permit,2024-08-18,2026-08-18,ASP86853,Refugee Status Granted,0.68,shuklaadiipaalii@india.com,+91 852 0687535,"1/8 नारायण, चित्रदुर्ग 294443",दालखोला,North West,993339,Farm manager,Hindi,13
'4708111316069,Nkazimulo,Madela,Female,1947-08-11,78,Citizen,South Africa,10975020,N/A,N/A,N/A,N/A,N/A,0.86,nyazitlandumiso@za.net,8112073126,"2267 Church Ithafa, Rustenburg, 6913",George,Eastern Cape,3506,Science writer,Zulu,N/A
'AS637364,Nobantu,Thusini,Female,2004-12-25,20,Citizen,Lesotho,41392949,Asylum Seeker Permit,2025-01-27,2027-01-27,ASP32443,Under Review,0.56,mlambonomthandazo@org,486.955.4984,"21 Adelaide Indlela, Benoni, 5639",Welkom,Gauteng,4441,Sports coach,Zulu,2
'8209228892094,Thalente,Mabuza,Male,1982-09-22,43,Asylum Seeker,South Africa,39195639,N/A,N/A,N/A,N/A,N/A,0.92,thembile22@co.za,583-373-0879x44061,"924 Main Ithafa, Stellenbosch, 1998",Kimberley,Gauteng,6472,"Doctor, hospital",Zulu,N/A
'6201121355018,Nomalanga,Bayeni,Female,1962-01-12,63,Citizen,South Africa,79252387,N/A,N/A,N/A,N/A,N/A,0.94,minenhledlungwana@za.net,001-222-441-0545x84705,"7534 Oxford Isitaladi, Uitenhage, 5251",Vanderbijlpark,KwaZulu-Natal,8107,Osteopath,Zulu,N/A
'PR45380061,Nelli,Heß,Female,2005-06-30,20,Citizen,Germany,801230905,Relative's Visa,2024-12-23,2034-12-21,PER17237,N/A,0.8,strohcarmine@de,+49(0)3259594164,"Eberthstraße 1-1, 93568 Aschaffenburg",Siegen,Gauteng,73905,Chemikant,German,9
'AS797246,Lwandile,Mdlumbi,Male,1970-06-14,55,Temporary Visa,Malawi,63022244,Asylum Seeker Permit,2024-08-06,2026-08-06,ASP22704,Rejected,0.54,thabani04@org,5125472117,"34 Walter Sisulu Isitaladi, eGoli, 8282",Thohoyandou,Free State,1400,Music tutor,Zulu,13
'8005245118096,Nhlanhla,Hlubi,Male,1980-05-24,45,Citizen,South Africa,80230004,N/A,N/A,N/A,N/A,N/A,0.82,pkhathi@co.za,+1-811-674-9982x42189,"39 Rivonia Indlela, Vanderbijlpark, 9647",Boksburg,Free State,2133,"Designer, television/film set",Zulu,N/A
'5104025844029,Mzamo,Ngotsha,Male,1951-04-02,74,Citizen,South Africa,92605286,N/A,N/A,N/A,N/A,N/A,0.9,dumisani18@co.za,(795)306-3254x29951,"21 York Indawo, Uitenhage, 2337",Polokwane,Western Cape,6836,"Accountant, chartered public finance",Zulu,N/A
'4210056855013,Vusumuzi,Mbungela,Male,1942-10-05,83,Citizen,South Africa,82101785,N/A,N/A,N/A,N/A,N/A,0.7,cntshangase@africa.com,658-985-9412,"39 Elizabeth Umgwaqo, Tembisa, 5244",iBhayi,Northern Cape,3227,Public relations account executive,Zulu,N/A
'8709242814038,Thandiwe,Lembede,Female,1987-09-24,38,Citizen,South Africa,78453676,N/A,N/A,N/A,N/A,N/A,0.96,vmbulazi@africa.com,948.249.7380x515,"1483 Long Isitaladi, Kimberley, 2897",Springs,Western Cape,8684,Database administrator,Zulu,N/A
'0003167087011,Sibusiso,Gubhela,Male,2000-03-16,25,Citizen,South Africa,50911388,N/A,N/A,N/A,N/A,N/A,0.9,thembekilendlondlo@co.za,480.992.8300x06656,"68 Frere Indawo, Thohoyandou, 3342",Mahikeng,KwaZulu-Natal,7873,Forensic scientist,Zulu,N/A
'PR63437221,Nomusa,Shengele,Female,1991-12-06,33,Citizen,Lesotho,84932349,Corporate Visa,2024-12-05,2034-12-03,PER99465,N/A,0.85,nomusamanqele@net,477.517.7546x224,"92 President Umgwaqo, eGoli, 4433",Randfontein,Western Cape,6576,Exercise physiologist,Zulu,3
'TV86413,Nomusa,Chonco,Female,1977-05-06,48,Permanent Resident,Ghana,G4553002,Critical Skills Visa,2024-05-01,2026-06-16,VIS87501,N/A,0.83,musaphetha@com.gh,623-609-6511,"2627 Jan Smuts Isitaladi, Middelburg, 8471",Vereeniging,North West,4619,Proofreader,Zulu,9
'6210256575077,Langalibalele,Khumalo,Male,1962-10-25,62,Citizen,South Africa,72424712,N/A,N/A,N/A,N/A,N/A,0.81,makhobasiphesihle@africa.com,001-436-815-2666x975,"37 Long Umgwaqo, Boksburg, 1984",Paarl,Eastern Cape,6465,"Designer, jewellery",Zulu,N/A
'6808187943049,Andile,Ngidi,Male,1968-08-18,57,Citizen,South Africa,58336093,N/A,N/A,N/A,N/A,N/A,0.74,dumisani69@co.za,(485)916-0505x81777,"6212 Victoria Ithafa, Thohoyandou, 7105",Newcastle,North West,1081,"Geologist, engineering",Zulu,N/A
'PR14779589,Nhlanhla,Dlamini,Male,1974-06-13,51,Citizen,Botswana,BO290788,Relative's Visa,2024-07-22,2034-07-20,PER57288,N/A,0.85,thabani66@com,(499)981-7089x98147,"5544 Prince Umgwaqo, Vereeniging, 9221",Centurion,Northern Cape,7381,Therapeutic radiographer,Zulu,16
'PR54106998,Melissa,Garcia,Female,1985-10-06,40,Citizen,Mozambique,MO510025,Business Visa,2022-12-30,2032-12-27,PER50580,N/A,0.94,fabiorocha@mozambique.com,282836646,"Avenida Micael Pires, 3, 1298-786 Praia da Vitória",Funchal,Western Cape,8986-463,Técnico de secretariado,Portuguese,4
'9404074684077,Nozizwe,Shabangu,Female,1994-04-07,31,Citizen,South Africa,65772029,N/A,N/A,N/A,N/A,N/A,0.85,ykhosini@co.za,581-958-2722x913,"582 Adelaide Ithafa, iKapa, 6305",Mahikeng,Eastern Cape,9768,Clinical cytogeneticist,Zulu,N/A
'TV73400,अमृता,सेनगुप्ता,Female,1974-10-23,50,Temporary Visa,India,31693557,Corporate Visa,2024-09-17,2026-11-30,VIS90670,N/A,0.81,mjuumdaardiipaalii@co.in,+91 863 9256620,"69/824 अमित झादव, चंबा-269738",अलीगढ,Limpopo,848428,Dancer,Hindi,19
'5707137964036,Andile,Masango,Male,1957-07-13,68,Temporary Visa,South Africa,37247199,N/A,N/A,N/A,N/A,N/A,0.94,qomazithanomvula@africa.com,+1-809-892-6893,"7524 Smith Isitaladi, Polokwane, 3382",Middelburg,KwaZulu-Natal,2931,Medical illustrator,Zulu,N/A
'7010042894093,Busisiwe,Hadebe,Female,1970-10-04,55,Asylum Seeker,South Africa,64317155,N/A,N/A,N/A,N/A,N/A,0.93,thando25@co.za,2733840936,"606 Main Umgwaqo, Mbombela, 5630",Randfontein,KwaZulu-Natal,3929,Media planner,Zulu,N/A
'TV93436,Santiago,Oliveira,Male,2003-06-21,22,Citizen,Mozambique,MO979011,Relative's Visa,2023-12-12,2025-12-22,VIS33834,N/A,0.78,fariavioleta@mozambique.com,921504683,"Largo Oliveira, 249, 0435-389 Estarreja",Serpa,Northern Cape,4903-576,Sociólogo,Portuguese,9
'9704302269028,Bhekizizwe,Thabizolo,Female,1997-04-30,28,Citizen,South Africa,15416386,N/A,N/A,N/A,N/A,N/A,0.85,cmabika@co.za,+1-781-319-9605,"67 Joseph Ithafa, Thohoyandou, 8714",eThekwini,North West,9058,"Production assistant, television",Zulu,N/A
'8906158364079,Mlungisi,Gcumisa,Male,1989-06-15,36,Citizen,South Africa,70662164,N/A,N/A,N/A,N/A,N/A,0.94,zakhelemeyiwa@africa.com,511.434.5193,"61 Edward Indawo, Boksburg, 1168",Stellenbosch,Mpumalanga,1433,Travel agency manager,Zulu,N/A
'6009114615076,Nokulunga,Mwelase,Female,1960-09-11,65,Citizen,South Africa,66012629,N/A,N/A,N/A,N/A,N/A,0.97,bmahlangu@co.za,(984)973-0402x763,"42 Cecil Indawo, Paarl, 3375",Krugersdorp,Eastern Cape,6201,"Scientist, research (maths)",Zulu,N/A
'9806293150019,Nozizwe,Gininda,Female,1998-06-29,27,Citizen,South Africa,33279318,N/A,N/A,N/A,N/A,N/A,0.88,cwalilenomthandazo@co.za,(225)915-0463x6011,"8493 Jan Smuts Indlela, iKapa, 4584",Rustenburg,Northern Cape,6805,Glass blower/designer,Zulu,N/A
'TV94845,Luyanda,Maphalala,Male,2000-06-20,25,Permanent Resident,Botswana,BO123018,Corporate Visa,2022-10-18,2024-06-11,VIS69964,N/A,0.89,khathidenozibusiso@com,844.493.2691x548,"680 Clarence Isitaladi, Upington, 5919",iKapa,Northern Cape,6587,Forest/woodland manager,Zulu,18
'6902132930038,Dumisani,Mdlenevu,Female,1969-02-13,56,Citizen,South Africa,57093211,N/A,N/A,N/A,N/A,N/A,0.95,thandekamthiyane@za.net,(622)949-6060x914,"27 King Indawo, Centurion, 8147",Sasolburg,Eastern Cape,3381,Chief Technology Officer,Zulu,N/A
'TV23350,Mthokozisi,Mkhize,Male,1987-09-21,38,Temporary Visa,Nigeria,N2367227,Critical Skills Visa,2023-02-20,2025-09-17,VIS33199,N/A,0.65,thandiwenenzi@nigeria.com,(758)700-6112,"76 Charles Isitaladi, Randfontein, 8875",Tembisa,Free State,8166,Higher education lecturer,Zulu,4
'5306042225027,Khanyisile,Ndimande,Female,1953-06-04,72,Citizen,South Africa,87010558,N/A,N/A,N/A,N/A,N/A,0.75,thalentemayisela@co.za,288-280-0024,"490 James Ithafa, Upington, 1176",Musina,Northern Cape,2986,Multimedia programmer,Zulu,N/A
'6809305126058,Mlungisi,Ndlela,Male,1968-09-30,57,Citizen,South Africa,25315647,N/A,N/A,N/A,N/A,N/A,0.85,smashinini@co.za,951.307.9436x8455,"29 Jan Smuts Indawo, Benoni, 6921",Witbank,Eastern Cape,2454,Product manager,Zulu,N/A
'8602038567068,Mzamo,Nkwaliyenkosi,Male,1986-02-03,39,Citizen,South Africa,10547585,N/A,N/A,N/A,N/A,N/A,1.0,miyanomvula@za.net,959.638.7231,"633 Milner Indawo, Sasolburg, 1890",Sasolburg,Limpopo,4871,Clinical embryologist,Zulu,N/A
'7310094283022,Owethu,Phakathi,Female,1973-10-09,51,Asylum Seeker,South Africa,94127851,N/A,N/A,N/A,N/A,N/A,0.8,gdlaba@co.za,907.460.0438x25691,"660 Churchill Indlela, Kimberley, 6949",Springs,Eastern Cape,5277,Broadcast journalist,Zulu,N/A
'7602097423049,Bhekani,Gcwensa,Male,1976-02-09,49,Citizen,South Africa,65953102,N/A,N/A,N/A,N/A,N/A,0.7,sibongilethembela@co.za,821-271-4535,"77 Grey Ithafa, George, 6572",eThekwini,North West,2294,Records manager,Zulu,N/A
'4001040950083,Siphesihle,Nyawokhulu,Female,1940-01-04,85,Temporary Visa,South Africa,62517147,N/A,N/A,N/A,N/A,N/A,0.84,owethumavela@africa.com,683-254-5963,"7488 Church Indawo, Kimberley, 5683",Bethlehem,Eastern Cape,7403,"Surveyor, building control",Zulu,N/A
'TV39431,Musa,Binda,Male,1978-08-26,47,Citizen,Zambia,65630632,Work Visa,2022-10-11,2023-07-01,VIS47438,N/A,0.57,mathulathandiwe@net,001-446-669-9591x89171,"58 Voortrekker Ithafa, Thohoyandou, 9668",Welkom,Eastern Cape,5476,Trading standards officer,Zulu,5
'5208096703059,Mandla,Sikhosana,Male,1952-08-09,73,Temporary Visa,South Africa,41489115,N/A,N/A,N/A,N/A,N/A,0.97,thalentembeje@za.net,+1-670-502-6368x7200,"968 Long Ithafa, Polokwane, 3253",Chatsworth,Free State,5476,Product designer,Zulu,N/A
'AS976712,Zakhele,Madondo,Female,1996-03-30,29,Permanent Resident,Ghana,G1377668,Asylum Seeker Permit,2023-11-13,2025-11-12,ASP96487,Application Submitted,0.63,sibongile68@ghana.com,342-645-9273,"2221 William Ithafa, Rustenburg, 9647",Paarl,Mpumalanga,2540,Firefighter,Zulu,16
'5907233204024,Gugu,Mahlinza,Female,1959-07-23,66,Citizen,South Africa,21846307,N/A,N/A,N/A,N/A,N/A,0.86,cmbunjwa@co.za,(312)690-7614x25789,"196 Paul Kruger Umgwaqo, Bethlehem, 1100",Thohoyandou,Northern Cape,8920,Hydrologist,Zulu,N/A
'7408101656016,Nomathalente,Mpungose,Female,1974-08-10,51,Permanent Resident,South Africa,65291727,N/A,N/A,N/A,N/A,N/A,0.73,luyanda06@africa.com,(550)582-2625x2805,"557 Smith Ithafa, Potchefstroom, 7979",Vereeniging,Gauteng,1762,Garment/textile technologist,Zulu,N/A
'0109229739068,Bhekani,Vundla,Male,2001-09-22,24,Citizen,South Africa,48619039,N/A,N/A,N/A,N/A,N/A,0.96,mangcamanejabulani@za.net,257.640.0387x187,"5628 Adelaide Isitaladi, iBhayi, 3443",Middelburg,Free State,6456,Seismic interpreter,Zulu,N/A
'PR30644303,Édouard,Peltier,Male,1972-12-27,52,Citizen,United States,433500318,Work Visa,2024-01-02,2033-12-30,PER29954,N/A,0.69,gillesdelorme@com,03 72 12 45 24,"84, avenue de David, 91680 Legrosdan",RodriguezVille,Northern Cape,11991,chef de mission humanitaire,French,20
'0409017636034,Sphiwe,Maduma,Male,2004-09-01,21,Citizen,South Africa,28145364,N/A,N/A,N/A,N/A,N/A,0.77,ncwanenokulunga@za.net,001-730-209-8094x63316,"58 Adelaide Isitaladi, Witbank, 2882",Sasolburg,Northern Cape,2301,"Surveyor, mining",Zulu,N/A
'0503093337074,Nothando,Nxamalala,Female,2005-03-09,20,Citizen,South Africa,81226966,N/A,N/A,N/A,N/A,N/A,0.73,nyokayebululudumisile@africa.com,886.916.7101x10769,"99 President Umgwaqo, Vanderbijlpark, 3112",Paarl,Northern Cape,6517,Hospital pharmacist,Zulu,N/A
'6403260528018,Nothando,Ndandali,Female,1964-03-26,61,Citizen,South Africa,66713750,N/A,N/A,N/A,N/A,N/A,0.84,nomalanga12@africa.com,001-876-846-3669x183,"2384 Milner Umgwaqo, Soweto, 6733",Boksburg,Eastern Cape,7228,Ceramics designer,Zulu,N/A
'TV35904,Amahle,Nozulu,Female,1978-12-15,46,Citizen,Nigeria,N9011537,Business Visa,2024-03-11,2024-11-15,VIS12025,N/A,0.89,gobhozimthokozisi@com.ng,+1-662-720-8981x28720,"490 Grey Umgwaqo, Sasolburg, 6305",Vanderbijlpark,KwaZulu-Natal,7152,Photographer,Zulu,16
'9808200577093,Nkazimulo,Mgwaba,Female,1998-08-20,27,Asylum Seeker,South Africa,73297367,N/A,N/A,N/A,N/A,N/A,0.76,londisizwe71@africa.com,610-968-1793x63741,"3418 George Indlela, Mbombela, 1802",iBhayi,Gauteng,8053,Television floor manager,Zulu,N/A
'9412161402018,Thabisile,Maphindela,Female,1994-12-16,30,Temporary Visa,South Africa,28579237,N/A,N/A,N/A,N/A,N/A,0.82,nqobizitha05@za.net,+1-484-550-2709x663,"5590 Voortrekker Isitaladi, Rustenburg, 3299",Randfontein,Western Cape,7817,"Designer, graphic",Zulu,N/A
'0205031819060,Thabisa,Ntshalintshali,Female,2002-05-03,23,Citizen,South Africa,93291824,N/A,N/A,N/A,N/A,N/A,0.88,minenhlemyeza@co.za,727-225-1225,"994 Edward Indawo, Sasolburg, 9221",uMgungundlovu,Mpumalanga,6615,Immigration officer,Zulu,N/A
'4904247703098,S'fiso,Delwayo,Male,1949-04-24,76,Citizen,South Africa,69472080,N/A,N/A,N/A,N/A,N/A,0.97,pmasikane@za.net,948.653.5384,"268 York Indlela, iBhayi, 6329",Mahikeng,KwaZulu-Natal,5525,Patent examiner,Zulu,N/A
'PR91670627,Alexandre,Henry,Male,1990-03-03,35,Permanent Resident,France,149111487,Corporate Visa,2024-04-28,2034-04-26,PER52258,N/A,0.77,galletaurelie@france.com,01 79 88 95 64,"avenue Timothée Charrier, 87208 Sainte Raymondnec",ThomasBourg,Western Cape,03490,commercial export,French,11
'9101040333087,Siphesihle,Madlula,Female,1991-01-04,34,Citizen,South Africa,49849880,N/A,N/A,N/A,N/A,N/A,0.93,rmanana@africa.com,001-820-975-8321x921,"186 High Isitaladi, Kathu, 9055",Kathu,Gauteng,1100,Building surveyor,Zulu,N/A
'0507023235038,Noxolo,Ndandali,Female,2005-07-02,20,Citizen,South Africa,38705057,N/A,N/A,N/A,N/A,N/A,0.93,owethu55@africa.com,574.330.5254,"1720 Queen Ithafa, Welkom, 4711",Musina,Eastern Cape,6354,Claims inspector/assessor,Zulu,N/A
'5803224543089,Owethu,Hlela,Female,1958-03-22,67,Permanent Resident,South Africa,67225556,N/A,N/A,N/A,N/A,N/A,0.83,mphahlwanomthandazo@za.net,215-891-5091x1558,"84 Grey Indlela, Sasolburg, 6923",Potchefstroom,Western Cape,6703,Architectural technologist,Zulu,N/A
'4009167064094,Mandla,Dunge,Male,1940-09-16,85,Permanent Resident,South Africa,48734744,N/A,N/A,N/A,N/A,N/A,0.82,sphiwe19@co.za,001-441-485-6681x8619,"396 Walter Sisulu Indlela, Sasolburg, 9322",Witbank,Limpopo,2393,Commercial/residential surveyor,Zulu,N/A
'8703206574053,Sandile,Ngiba,Male,1987-03-20,38,Citizen,South Africa,46922258,N/A,N/A,N/A,N/A,N/A,0.87,mandla31@za.net,962.738.9095x4907,"13 Gandhi Isitaladi, Centurion, 8637",Sasolburg,Mpumalanga,4798,Volunteer coordinator,Zulu,N/A
'PR26495266,Nomagugu,Mngoma,Female,1985-07-23,40,Citizen,Zambia,43255195,Relative's Visa,2023-01-03,2032-12-31,PER49686,N/A,0.92,siphesihle29@com,+1-251-611-1283x467,"7157 Long Umgwaqo, Middelburg, 7035",Rustenburg,Western Cape,1594,Careers information officer,Zulu,5
'PR46473599,Mlungisi,Magubane,Male,2000-12-06,24,Temporary Visa,Somalia,73234948,Retirement Visa,2024-01-09,2034-01-06,PER44098,N/A,0.95,nhlanhla73@net,892.254.2845,"230 Clarence Indawo, uMgungundlovu, 3070",Tembisa,Gauteng,1884,Adult guidance worker,Zulu,13
'PR92214465,Khanyisile,Dindela,Female,1974-10-03,51,Citizen,Kenya,K4389495,Retirement Visa,2024-03-04,2034-03-02,PER93945,N/A,0.61,jabulanimaphumulo@co.ke,401-474-2691x908,"87 Nelson Mandela Umgwaqo, eGoli, 5377",Kimberley,Northern Cape,6627,"Radiographer, diagnostic",Zulu,14
'AS216855,Amahle,Mnangwe,Female,1980-06-25,45,Temporary Visa,Eswatini,48139429,Asylum Seeker Permit,2025-03-04,2027-03-04,ASP24565,Refugee Status Granted,0.61,sameyasilondile@com,+1-557-357-9315x4701,"72 William Indawo, Polokwane, 7704",Thohoyandou,Mpumalanga,9338,Adult guidance worker,Zulu,2
'8504258011025,Musa,Khukhuza,Male,1985-04-25,40,Permanent Resident,South Africa,27405653,N/A,N/A,N/A,N/A,N/A,0.75,bhekisisa93@za.net,233.256.0546,"6759 Commissioner Umgwaqo, Welkom, 4535",Mahikeng,Limpopo,5458,Hydrologist,Zulu,N/A
'6611189279030,Minenhle,Mapholoba,Male,1966-11-18,58,Citizen,South Africa,84467145,N/A,N/A,N/A,N/A,N/A,0.71,minenhle22@za.net,001-522-216-5946x268,"376 Jan Smuts Indlela, Krugersdorp, 2060",Middelburg,Mpumalanga,1232,Artist,Zulu,N/A
'PR49412860,Bandile,Jibela,Male,2004-12-14,20,Citizen,Zambia,97146212,Critical Skills Visa,2024-03-10,2034-03-08,PER50710,N/A,0.71,emdlenevu@org,(501)795-6938x53556,"9930 Church Umgwaqo, Rustenburg, 8561",eThekwini,Mpumalanga,9875,Automotive engineer,Zulu,11
'AS571507,Silondile,Nsindane,Female,1980-11-17,44,Permanent Resident,Lesotho,89397535,Asylum Seeker Permit,2025-01-02,2027-01-02,ASP97617,Appeal Pending,0.47,nothando23@com,349-837-1587,"55 Clarence Ithafa, uMgungundlovu, 8995",Middelburg,Gauteng,5731,"Administrator, sports",Zulu,11
'8811294480081,Nomvula,Bhebhe,Female,1988-11-29,36,Citizen,South Africa,45870622,N/A,N/A,N/A,N/A,N/A,0.99,smngoma@africa.com,446.673.5707,"75 Paul Kruger Umgwaqo, iKapa, 5037",Stellenbosch,Western Cape,3192,Office manager,Zulu,N/A
'6005083767039,Thalente,Mashinini,Female,1960-05-08,65,Citizen,South Africa,61923680,N/A,N/A,N/A,N/A,N/A,0.88,dntanzi@africa.com,+1-925-738-8202x778,"451 West Indlela, Middelburg, 2044",Sasolburg,North West,9273,Hospital pharmacist,Zulu,N/A
'7804134413063,Sibongile,Manyoni,Female,1978-04-13,47,Permanent Resident,South Africa,67155249,N/A,N/A,N/A,N/A,N/A,0.79,mjadunobantu@za.net,381-444-4924x2715,"73 Prince Umgwaqo, Springs, 7713",Centurion,Western Cape,1328,Orthoptist,Zulu,N/A
'4404185192069,Langalibalele,Masibekela,Male,1944-04-18,81,Temporary Visa,South Africa,87419506,N/A,N/A,N/A,N/A,N/A,0.72,mkhokelelekithuthukile@africa.com,+1-875-544-9763x248,"724 Joseph Umgwaqo, Bethlehem, 7964",Mahikeng,KwaZulu-Natal,7054,Make,Zulu,N/A
'PR19272316,Renée,Fischer,Female,1977-10-11,47,Permanent Resident,United States,596974653,Work Visa,2024-11-25,2034-11-23,PER27359,N/A,0.89,elise12@us.com,+33 5 90 94 49 84,"30, chemin Lefebvre, 89557 Marchal",Roussel,Free State,85245,assistant commercial commerciale,French,1
'AS772691,Thembisile,Ngonini,Female,1990-07-04,35,Citizen,Malawi,39043061,Asylum Seeker Permit,2024-05-21,2026-05-21,ASP58201,Rejected,0.5,siphesihlemazalankosi@org,655-241-8528x06120,"399 George Umgwaqo, Tembisa, 6396",uMgungundlovu,North West,7396,Technical sales engineer,Zulu,14
'7307041377007,Zibuyile,Gwagwa,Female,1973-07-04,52,Citizen,South Africa,31881745,N/A,N/A,N/A,N/A,N/A,0.73,msothole@africa.com,(657)218-6995x924,"37 Voortrekker Indlela, Potchefstroom, 9417",Potchefstroom,Western Cape,9791,"Designer, industrial/product",Zulu,N/A
'PR16443259,Nomagugu,Sikhosana,Female,1971-05-26,54,Citizen,Kenya,K1884916,Business Visa,2025-06-04,2035-06-02,PER75881,N/A,0.9,nomagugusithole@co.ke,757-531-9345x7716,"913 West Indlela, Boksburg, 4604",Bethlehem,Western Cape,1706,"Engineer, automotive",Zulu,20
'6906110152004,Nonjabulo,Mbende,Female,1969-06-11,56,Citizen,South Africa,62717720,N/A,N/A,N/A,N/A,N/A,0.84,xlubelo@africa.com,(492)320-1221,"1160 Rivonia Ithafa, Springs, 6807",Mahikeng,Western Cape,9784,"Psychotherapist, dance movement",Zulu,N/A
'7004106157026,Sphiwe,Hlabisa,Male,1970-04-10,55,Citizen,South Africa,81617450,N/A,N/A,N/A,N/A,N/A,0.89,londiwegedeza@africa.com,429-967-1338,"71 Smith Indlela, Witbank, 8839",eThekwini,KwaZulu-Natal,5598,Futures trader,Zulu,N/A
'5108156673071,Sibonelo,Madi,Male,1951-08-15,74,Citizen,South Africa,10889506,N/A,N/A,N/A,N/A,N/A,0.76,thembekile86@africa.com,795-549-8523,"963 Thomas Umgwaqo, Chatsworth, 6328",George,North West,2897,Pharmacologist,Zulu,N/A
'TV48456,Nomagugu,Mlambo,Female,2000-04-30,25,Citizen,Malawi,63790134,Work Visa,2024-01-14,2024-07-21,VIS23310,N/A,0.52,zmayise@org,(427)692-6280,"5943 Albertina Sisulu Indawo, Chatsworth, 2545",Randfontein,Western Cape,5561,Housing manager/officer,Zulu,3
'TV18893,Silva,Eigenwillig,Female,1998-03-16,27,Citizen,Germany,129555985,Business Visa,2024-04-15,2025-08-07,VIS52894,N/A,0.8,bonbachfranka@germany.com,04114388622,"Evangelia-Lindner-Weg 4/2, 22327 Bad Langensalza",Vechta,KwaZulu-Natal,00483,Informatiker,German,17
'PR10361523,Luyanda,Mshikela,Male,1992-04-25,33,Temporary Visa,Tanzania,84593251,Critical Skills Visa,2024-06-24,2034-06-22,PER42123,N/A,0.73,ncwanethembile@org,829-638-4920x293,"6903 Queen Ithafa, Soweto, 5183",Thohoyandou,North West,4666,Chief Financial Officer,Zulu,15
'0502247169036,Musa,Nkomoye,Male,2005-02-24,20,Citizen,South Africa,42363151,N/A,N/A,N/A,N/A,N/A,0.82,fmhlophe@za.net,8444338980,"5685 Churchill Umgwaqo, Boksburg, 2529",Kimberley,Northern Cape,4340,Museum/gallery exhibitions officer,Zulu,N/A
'PR32300893,S'fiso,Mdonswa,Male,1985-12-10,39,Citizen,Ghana,G1829676,Business Visa,2023-12-27,2033-12-24,PER31357,N/A,0.88,thalentesondini@com.gh,001-279-591-7913,"67 Stanley Isitaladi, Thohoyandou, 3263",Paarl,North West,6380,Patent examiner,Zulu,16
'PR52971139,Thalente,Mawewe,Male,1974-05-18,51,Permanent Resident,Somalia,74245006,Retirement Visa,2025-02-23,2035-02-21,PER13056,N/A,0.9,nomcebomawanda@org,7398836570,"7400 Oxford Indawo, Kimberley, 6039",Welkom,Western Cape,2568,Housing manager/officer,Zulu,0
'5909269733024,Sandile,Sibhene,Male,1959-09-26,66,Citizen,South Africa,72192962,N/A,N/A,N/A,N/A,N/A,0.79,londiwemgabadeli@za.net,001-336-835-7413,"8135 Queen Indawo, Polokwane, 5489",Polokwane,KwaZulu-Natal,5482,Proofreader,Zulu,N/A
'5106220459019,Thandazile,Mbunjwa,Female,1951-06-22,74,Temporary Visa,South Africa,32149561,N/A,N/A,N/A,N/A,N/A,0.85,ndumiso15@za.net,001-717-312-6590x44073,"49 Edward Isitaladi, Upington, 3750",Kimberley,North West,4321,Research scientist (life sciences),Zulu,N/A
'8703289781052,Lwandile,Jiyane,Male,1987-03-28,38,Citizen,South Africa,49033907,N/A,N/A,N/A,N/A,N/A,0.86,qomazithanomasonto@co.za,001-471-348-4313x37798,"7164 Churchill Indlela, Krugersdorp, 9478",iKapa,Mpumalanga,4115,Geochemist,Zulu,N/A
'5012159606049,Thando,Nongalo,Male,1950-12-15,74,Citizen,South Africa,34472819,N/A,N/A,N/A,N/A,N/A,0.87,mnqobi20@co.za,+1-348-935-6805x836,"6020 Long Indlela, Chatsworth, 1765",Chatsworth,North West,9671,"Conservator, museum/gallery",Zulu,N/A
'8804181798095,Thalente,Ntshiza,Female,1988-04-18,37,Citizen,South Africa,79626278,N/A,N/A,N/A,N/A,N/A,0.97,nomaguguchibi@za.net,879-658-6751x7271,"4392 President Indawo, Middelburg, 5883",Upington,Limpopo,6069,Civil Service administrator,Zulu,N/A
'7208066354007,Sibonelo,Mzimela,Male,1972-08-06,53,Citizen,South Africa,45687395,N/A,N/A,N/A,N/A,N/A,0.74,bhejelibomvunomvula@africa.com,001-741-980-9543x1416,"331 Prince Indawo, Klerksdorp, 4320",Kathu,Northern Cape,4323,"Scientist, physiological",Zulu,N/A
'PR74163476,Thembile,Hlophe,Female,1996-03-11,29,Citizen,Somalia,37939504,Work Visa,2023-09-10,2033-09-07,PER61928,N/A,0.8,nokulungamsomi@com,3622295130,"872 Stanley Isitaladi, Benoni, 2286",Kimberley,Northern Cape,8690,Building services engineer,Zulu,14
'5011144691001,Nomathalente,Sibhene,Female,1950-11-14,74,Citizen,South Africa,30505126,N/A,N/A,N/A,N/A,N/A,0.83,cbayeni@za.net,(318)281-3134x155,"98 William Indlela, Paarl, 2004",Middelburg,Free State,8007,Futures trader,Zulu,N/A
'9406203080081,Sihawukele,Mkhungo,Female,1994-06-20,31,Temporary Visa,South Africa,85700286,N/A,N/A,N/A,N/A,N/A,0.87,zenzilemlungisi@za.net,394-283-1861x965,"936 Edward Indawo, Tembisa, 8515",Springs,Western Cape,5639,"Engineer, control and instrumentation",Zulu,N/A
'TV40926,Gilbert,Allain,Male,1973-06-12,52,Citizen,France,760687507,Work Visa,2024-11-28,2025-03-07,VIS37090,N/A,0.74,bernadette59@france.com,+33 1 47 02 88 02,"78, avenue Thibault Didier, 60788 Saint Odette",PayetBourg,Northern Cape,39664,vendeur en micro-informatique et multimédia,French,1
'AS414059,Thandazile,Mlungwana,Female,1979-07-06,46,Citizen,Kenya,K9658612,Asylum Seeker Permit,2024-07-20,2026-07-20,ASP54841,Refugee Status Granted,0.73,mthokozisi50@co.ke,(974)525-3075x5774,"170 West Ithafa, Randfontein, 7915",uMgungundlovu,Limpopo,5817,Advice worker,Zulu,12
'8406189940027,S'fiso,Mhlambo,Male,1984-06-18,41,Citizen,South Africa,74771299,N/A,N/A,N/A,N/A,N/A,0.95,thembekile99@africa.com,612.652.9879,"29 Milner Isitaladi, Welkom, 7300",Thohoyandou,Limpopo,8952,Diagnostic radiographer,Zulu,N/A
'9207016139064,Andile,Mahlobo,Male,1992-07-01,33,Citizen,South Africa,22432340,N/A,N/A,N/A,N/A,N/A,0.84,mhlanganomathalente@africa.com,(734)847-3316,"71 Rivonia Umgwaqo, Bethlehem, 5613",Boksburg,Northern Cape,4131,Music tutor,Zulu,N/A
'TV34142,Mandlakhe,Sangweni,Male,1988-03-01,37,Citizen,Zimbabwe,ZI715605,Business Visa,2023-06-03,2025-08-10,VIS91125,N/A,0.81,musa25@co.zw,(984)926-8988,"30 Elizabeth Ithafa, iBhayi, 6464",Kimberley,Western Cape,6507,"Investment banker, operational",Zulu,20
'6912027381098,Sphiwe,Mphankomo,Male,1969-12-02,55,Permanent Resident,South Africa,69950095,N/A,N/A,N/A,N/A,N/A,0.94,thandazile36@za.net,+1-244-502-7815x799,"54 Church Umgwaqo, Musina, 1100",Kimberley,Limpopo,9839,Metallurgist,Zulu,N/A
'7708269584057,Minenhle,Sangweni,Male,1977-08-26,48,Citizen,South Africa,17426991,N/A,N/A,N/A,N/A,N/A,0.71,gnjomane@za.net,+1-991-912-9600x4831,"4013 Queen Indlela, Welkom, 4730",Kathu,North West,6287,Professor Emeritus,Zulu,N/A
'6208124924086,Nozizwe,Masondo,Female,1962-08-12,63,Temporary Visa,South Africa,94194671,N/A,N/A,N/A,N/A,N/A,0.98,lmalembe@co.za,987-595-2205,"6185 Somerset Indawo, Welkom, 4010",Paarl,Gauteng,6933,Purchasing manager,Zulu,N/A
'4005236298073,Mthokozisi,Doncabe,Male,1940-05-23,85,Permanent Resident,South Africa,21003183,N/A,N/A,N/A,N/A,N/A,0.73,fkhathi@za.net,(542)495-8355x7578,"9927 Voortrekker Isitaladi, Stellenbosch, 9614",uMgungundlovu,KwaZulu-Natal,2102,Housing manager/officer,Zulu,N/A
'0508044069023,Olwethu,Mbonambi,Female,2005-08-04,20,Citizen,South Africa,14727702,N/A,N/A,N/A,N/A,N/A,0.8,xgubhuza@africa.com,(920)927-2129x886,"55 Frere Indawo, Klerksdorp, 1211",Musina,Northern Cape,7129,Restaurant manager,Zulu,N/A
'PR51597443,Andile,Gubeshe,Male,1995-02-22,30,Citizen,Tanzania,55682038,Study Visa,2023-02-04,2033-02-01,PER28743,N/A,0.91,thandiwemhlangu@net,+1-931-231-1620x325,"854 James Indawo, Paarl, 2492",Benoni,Limpopo,8650,"Scientist, research (life sciences)",Zulu,12
'4201047636006,Mandlakhe,Mzileni,Male,1942-01-04,83,Permanent Resident,South Africa,34401225,N/A,N/A,N/A,N/A,N/A,1.0,mpanzaminenhle@africa.com,3669538600,"1217 Short Isitaladi, Vanderbijlpark, 2292",Mahikeng,Northern Cape,9059,Air traffic controller,Zulu,N/A
'8509115903053,Lwandile,Gwija,Male,1985-09-11,40,Citizen,South Africa,39496658,N/A,N/A,N/A,N/A,N/A,0.87,wguliwe@africa.com,001-740-709-1210x5200,"749 Milner Ithafa, Newcastle, 6543",Krugersdorp,Northern Cape,9302,Statistician,Zulu,N/A
'9703010278091,Khanyisile,Duze,Female,1997-03-01,28,Citizen,South Africa,69607431,N/A,N/A,N/A,N/A,N/A,0.95,lungile06@africa.com,+1-378-379-8904x4825,"7926 Napier Ithafa, Springs, 6300",Soweto,North West,8283,Actuary,Zulu,N/A
'0409189607045,Lwandile,Gadlela,Male,2004-09-18,21,Citizen,South Africa,56325658,N/A,N/A,N/A,N/A,N/A,0.99,dlangamandlanokulunga@africa.com,891-395-6607x5399,"785 Albertina Sisulu Umgwaqo, Welkom, 1323",eThekwini,Western Cape,6589,Electrical engineer,Zulu,N/A
'8811134552093,Thembile,Mawanda,Female,1988-11-13,36,Citizen,South Africa,24712807,N/A,N/A,N/A,N/A,N/A,0.88,pmnqayi@africa.com,+1-903-201-8008x84816,"329 Stanley Ithafa, Uitenhage, 2870",iKapa,Gauteng,3901,Public relations account executive,Zulu,N/A
'5006011026041,Nomcebo,Hhoyiyane,Female,1950-06-01,75,Citizen,South Africa,51951949,N/A,N/A,N/A,N/A,N/A,0.73,luyanda48@za.net,001-637-357-0521x8955,"187 Victoria Indawo, Kimberley, 1236",George,KwaZulu-Natal,7687,Meteorologist,Zulu,N/A
'9206066065010,Minenhle,Xaba,Male,1992-06-06,33,Citizen,South Africa,18109107,N/A,N/A,N/A,N/A,N/A,0.78,nozibusisomakhubo@za.net,827.422.7667,"7002 Clarence Isitaladi, Benoni, 4756",iKapa,KwaZulu-Natal,2902,Visual merchandiser,Zulu,N/A
'TV73007,Lisandro,Ramos,Male,1988-05-15,37,Citizen,Mozambique,MO658220,Corporate Visa,2025-01-19,2027-04-16,VIS61529,N/A,0.76,benedita38@mozambique.com,(351) 963637519,"Travessa Antunes, 31, 5301-951 Gafanha da Nazaré",Santa Cruz,Mpumalanga,6771-831,Técnico de manutenção e reparação de motores de avião,Portuguese,14
'PR49480054,Sibusiso,Masina,Male,1992-03-08,33,Citizen,Eswatini,49556648,Corporate Visa,2024-07-28,2034-07-26,PER16530,N/A,0.81,longodesibongile@com,001-292-391-0870x4915,"77 Elizabeth Isitaladi, Springs, 5409",Uitenhage,Limpopo,7060,Furniture conservator/restorer,Zulu,14
'7812236750092,SimphiweyiNkosi,Thuliswayo,Male,1978-12-23,46,Citizen,South Africa,30279080,N/A,N/A,N/A,N/A,N/A,0.93,asabelo@africa.com,(234)302-9617x8533,"6150 Clarence Indawo, Chatsworth, 7844",Newcastle,Free State,4128,"Designer, fashion/clothing",Zulu,N/A
'4710186885035,Sandile,Yeyeye,Male,1947-10-18,77,Citizen,South Africa,44923395,N/A,N/A,N/A,N/A,N/A,0.89,gazusibongile@co.za,885.860.0836x24178,"7014 Thomas Isitaladi, Mbombela, 6724",Benoni,North West,5852,Chief Executive Officer,Zulu,N/A
'9109079537094,Mcebisi,Ndlandla,Male,1991-09-07,34,Permanent Resident,South Africa,60833438,N/A,N/A,N/A,N/A,N/A,0.89,nomagugu68@co.za,001-342-931-6574x294,"309 High Ithafa, Benoni, 5808",Mbombela,Limpopo,4114,"Designer, industrial/product",Zulu,N/A
'9210072445021,Londiwe,Mabika,Female,1992-10-07,32,Citizen,South Africa,63382787,N/A,N/A,N/A,N/A,N/A,0.73,thandazilempungose@africa.com,001-897-426-7773x25492,"28 York Ithafa, Upington, 2513",Randfontein,KwaZulu-Natal,9277,"Programme researcher, broadcasting/film/video",Zulu,N/A
'9806033707099,Nomusa,Hlengwa,Female,1998-06-03,27,Citizen,South Africa,39496037,N/A,N/A,N/A,N/A,N/A,0.83,thalente90@za.net,6035985418,"4355 Grey Indawo, Tembisa, 1044",Vanderbijlpark,Western Cape,3773,Animal technologist,Zulu,N/A
'5812312111060,Nozibusiso,Maseko,Female,1958-12-31,66,Citizen,South Africa,88004287,N/A,N/A,N/A,N/A,N/A,0.78,mthembunomusa@co.za,638-974-8770x2791,"336 Walter Sisulu Isitaladi, Rustenburg, 9020",Randfontein,North West,6478,Insurance broker,Zulu,N/A
'TV42845,जया,भटनागर,Female,1997-01-07,28,Temporary Visa,India,58619958,Business Visa,2025-06-24,2027-04-14,VIS99837,N/A,0.76,etivaarii@india.com,00803149956,"8/7 असीम कौल, विस्तारण 328075",चिरमिरी,Western Cape,419024,Chief Technology Officer,Hindi,17
'4910294088023,Bhekizizwe,Dlebenkomo,Female,1949-10-29,75,Temporary Visa,South Africa,51369651,N/A,N/A,N/A,N/A,N/A,0.82,bhekokwakhemagujwa@africa.com,918-910-3892x5913,"18 Rivonia Umgwaqo, Stellenbosch, 3193",Boksburg,North West,6571,Writer,Zulu,N/A
'TV21636,Alexandrie,Ferreira,Female,1976-07-29,49,Temporary Visa,United Kingdom,992590499,Study Visa,2023-08-30,2024-06-12,VIS25152,N/A,0.6,zhenry@uk.com,+33 (0)4 65 39 64 50,"rue Martins, 89518 Sainte Bernadette",Mary,KwaZulu-Natal,89993,fiscaliste,French,3
'TV50790,Sphiwe,Mahlase,Male,1986-10-01,39,Citizen,Malawi,47073717,Critical Skills Visa,2024-12-11,2026-06-12,VIS45422,N/A,0.84,mwandlanonhlanhla@net,+1-490-596-4520x61771,"98 Main Indawo, eGoli, 4673",Vereeniging,Gauteng,3425,Psychiatrist,Zulu,12
'9912145337029,Thalente,Shabane,Male,1999-12-14,25,Citizen,South Africa,38790004,N/A,N/A,N/A,N/A,N/A,0.84,madenomcebo@za.net,(471)990-1486x6202,"42 Grey Isitaladi, Kimberley, 1056",Krugersdorp,Eastern Cape,6434,Probation officer,Zulu,N/A
'5212265831046,Mzamo,Sikhunyana,Male,1952-12-26,72,Temporary Visa,South Africa,95484920,N/A,N/A,N/A,N/A,N/A,0.84,thando05@co.za,001-244-521-4021,"6391 Oxford Ithafa, Tembisa, 2347",Musina,KwaZulu-Natal,4732,Hydrologist,Zulu,N/A
'9303133083044,Noxolo,Mdladla,Female,1993-03-13,32,Citizen,South Africa,97175840,N/A,N/A,N/A,N/A,N/A,0.71,nozibusisoluthuli@co.za,(543)355-9568x0008,"683 Albertina Sisulu Isitaladi, Kathu, 8487",Sasolburg,KwaZulu-Natal,2647,Electronics engineer,Zulu,N/A
'7710248108025,Sibonelo,Ndandali,Male,1977-10-24,47,Citizen,South Africa,55831977,N/A,N/A,N/A,N/A,N/A,0.97,simphiweyinkosisangwani@co.za,+1-816-860-8110,"21 Albertina Sisulu Indawo, Klerksdorp, 4955",Sasolburg,Mpumalanga,5362,Further education lecturer,Zulu,N/A
'9212213844009,Thuthukile,Mtolo,Female,1992-12-21,32,Citizen,South Africa,61033533,N/A,N/A,N/A,N/A,N/A,0.93,nomcebo79@africa.com,(637)649-4011,"37 High Indawo, uMgungundlovu, 8405",Paarl,Western Cape,5110,"Journalist, magazine",Zulu,N/A
'PR17554490,Bandile,Phetha,Male,1978-08-21,47,Permanent Resident,Lesotho,14457167,Study Visa,2024-12-05,2034-12-03,PER92522,N/A,0.95,mnqobimthombeni@org,339.200.3711x3274,"16 West Umgwaqo, Soweto, 5280",Paarl,Limpopo,5602,Magazine journalist,Zulu,17
'PR62793490,André,Masson,Male,1981-01-29,44,Citizen,France,238711795,Study Visa,2022-11-14,2032-11-11,PER26634,N/A,0.66,camillemarques@fr,02 49 60 41 32,"62, chemin Gomez, 73327 Louis-la-Forêt",Labbé-sur-Gauthier,Northern Cape,15195,accompagnant éducatif et social éducative et sociale,French,5
'TV21088,Stéphane,Vaillant,Male,1976-06-03,49,Citizen,United States,805400059,Study Visa,2025-03-16,2026-04-14,VIS23778,N/A,0.7,charpentiermargaux@us.com,0437237374,"56, avenue Grégoire, 55344 Le Goff",Gros,North West,20114,bactériologiste,French,19
'4004273622002,Sihawukele,Shinga,Female,1940-04-27,85,Citizen,South Africa,24748601,N/A,N/A,N/A,N/A,N/A,0.98,zenzelendlala@co.za,640.745.5816,"64 Charles Indlela, Musina, 5884",Upington,Northern Cape,9919,Commercial/residential surveyor,Zulu,N/A
'4306093876026,Nobuhle,Nhleko,Female,1943-06-09,82,Permanent Resident,South Africa,85120509,N/A,N/A,N/A,N/A,N/A,0.94,vdlamlenze@za.net,303-848-6799,"9017 Albertina Sisulu Indlela, Vanderbijlpark, 4883",Middelburg,Western Cape,8963,Occupational hygienist,Zulu,N/A
'TV89360,तारा,पिल्लई,Female,1973-06-09,52,Citizen,India,89734207,Relative's Visa,2023-07-26,2024-07-06,VIS31692,N/A,0.74,sndiipshriivaastv@co.in,03069712985,"14/01 पाटिल, अनन्तपुर 501550",चंबा,Western Cape,889628,Passenger transport manager,Hindi,13
'9501138371018,Njabulo,Phewa,Male,1995-01-13,30,Citizen,South Africa,71340697,N/A,N/A,N/A,N/A,N/A,0.97,dmahlangu@co.za,501-688-9759x49364,"576 Oxford Ithafa, Thohoyandou, 5999",Soweto,Northern Cape,7524,Multimedia programmer,Zulu,N/A
'5509125537046,Minenhle,Manana,Male,1955-09-12,70,Citizen,South Africa,56835157,N/A,N/A,N/A,N/A,N/A,0.89,khanyisilemthinti@co.za,339-365-0449x058,"20 Edward Indlela, Musina, 9972",iKapa,Northern Cape,7017,Animator,Zulu,N/A
'8606028542095,Bandile,Mboko,Male,1986-06-02,39,Citizen,South Africa,67392019,N/A,N/A,N/A,N/A,N/A,0.71,nomthandazovunisa@za.net,(265)492-8121x7526,"66 Paul Kruger Indawo, Welkom, 4087",George,North West,7833,International aid/development worker,Zulu,N/A
'9812301706036,Nonhlanhla,Cibane,Female,1998-12-30,26,Citizen,South Africa,92408804,N/A,N/A,N/A,N/A,N/A,0.78,nyembezilangalibalele@africa.com,001-411-763-8743x888,"32 George Indlela, Krugersdorp, 6218",Springs,Northern Cape,4852,Homeopath,Zulu,N/A
'9707068637050,Thando,Mbatshazwa,Male,1997-07-06,28,Citizen,South Africa,51354399,N/A,N/A,N/A,N/A,N/A,0.9,hlabisathabisa@africa.com,625.879.7447x3972,"2788 Smith Indawo, Polokwane, 8254",Centurion,Limpopo,1557,"Embryologist, clinical",Zulu,N/A
'7307212205075,Zakhele,Ntshalintshali,Female,1973-07-21,52,Asylum Seeker,South Africa,45348647,N/A,N/A,N/A,N/A,N/A,0.71,yeinoxolo@co.za,(549)969-8888x31347,"61 Queen Indlela, Boksburg, 7060",Uitenhage,Northern Cape,8225,Aeronautical engineer,Zulu,N/A
'TV47653,Aimée,Dumont,Female,1993-03-13,32,Citizen,United States,174249422,Work Visa,2023-08-29,2025-06-09,VIS28250,N/A,0.53,bbecker@com,04 94 15 58 95,"11, boulevard de Joseph, 97268 Boutin-sur-Lesage",Raymond-sur-Renaud,Limpopo,54231,agent de transit,French,11
'5906164504033,Nomvula,Shelembe,Female,1959-06-16,66,Citizen,South Africa,22927706,N/A,N/A,N/A,N/A,N/A,0.98,khambulemandlakhe@africa.com,(705)530-7916x04179,"870 Edward Umgwaqo, Newcastle, 5191",uMgungundlovu,KwaZulu-Natal,8415,Equities trader,Zulu,N/A
'8304043862076,Nobantu,Madlula,Female,1983-04-04,42,Asylum Seeker,South Africa,90043286,N/A,N/A,N/A,N/A,N/A,0.72,nothandolongode@africa.com,+1-944-413-1670,"71 Prince Isitaladi, Boksburg, 6952",Bethlehem,Western Cape,5885,Senior tax professional/tax inspector,Zulu,N/A
'TV62270,विमल,रंगन,Male,1972-10-01,53,Permanent Resident,India,24233555,Relative's Visa,2023-03-08,2025-08-13,VIS19101,N/A,0.72,mukhhrjiiinshaa@india.com,+91 5958117842,"04/212 महावीर भटनागर, अलीगढ 070208",अलांग,Limpopo,370840,Dramatherapist,Hindi,7
'AS380856,Christiane,Renault,Female,1993-12-24,31,Citizen,France,292865339,Asylum Seeker Permit,2025-08-29,2027-08-29,ASP40354,Appeal Pending,0.42,antoinebernard@france.com,+33 6 35 42 59 29,"42, rue Philippine Aubry, 06895 Saint Thérèse",JeanBourg,Gauteng,01233,concepteur de niveaux de jeu web,French,13
'9505210035077,Thandeka,Nhlapho,Female,1995-05-21,30,Citizen,South Africa,31846223,N/A,N/A,N/A,N/A,N/A,0.94,londiwe87@africa.com,(866)260-3445,"16 Napier Umgwaqo, Soweto, 3550",Bethlehem,Free State,3786,Soil scientist,Zulu,N/A
'9506300078098,Nomvula,Nozulu,Female,1995-06-30,30,Citizen,South Africa,93449400,N/A,N/A,N/A,N/A,N/A,0.78,smpofana@za.net,451.611.8192x1765,"106 Main Indawo, Krugersdorp, 9616",Tembisa,Mpumalanga,8618,"Programmer, applications",Zulu,N/A
'TV91700,Mthokozisi,Maphumulo,Male,2004-07-07,21,Citizen,Ethiopia,42077690,Work Visa,2022-10-26,2025-10-18,VIS87003,N/A,0.56,ythela@com,710.564.9508,"9721 Frere Umgwaqo, Benoni, 7097",Bloemfontein,Western Cape,7651,Magazine features editor,Zulu,13
'6905120610048,Ndumiso,Sikhakhane,Female,1969-05-12,56,Citizen,South Africa,76211316,N/A,N/A,N/A,N/A,N/A,0.97,mnqobi49@co.za,(303)391-4368x6139,"868 Napier Isitaladi, iBhayi, 8868",eThekwini,KwaZulu-Natal,4903,"Journalist, newspaper",Zulu,N/A
'7206143727065,Londiwe,Macingwane,Female,1972-06-14,53,Citizen,South Africa,32109299,N/A,N/A,N/A,N/A,N/A,0.8,noxolo97@za.net,+1-977-611-1060x965,"98 Smith Indlela, Polokwane, 7634",Tembisa,Eastern Cape,8843,Television/film/video producer,Zulu,N/A
'9808183595020,Sibongile,Mdotshana,Female,1998-08-18,27,Citizen,South Africa,64221129,N/A,N/A,N/A,N/A,N/A,0.72,bmangcamane@co.za,494.815.0378x53592,"6021 Voortrekker Ithafa, Springs, 5796",Rustenburg,Western Cape,9693,Herbalist,Zulu,N/A
'PR61552647,Nomagugu,Phewa,Female,1995-06-21,30,Temporary Visa,Nigeria,N9233317,Business Visa,2024-07-19,2034-07-17,PER53337,N/A,0.61,makhulukhulunozizwe@nigeria.com,001-525-606-8880x524,"841 Milner Isitaladi, Uitenhage, 7777",iBhayi,Free State,4853,Risk manager,Zulu,7
'8105106356001,Vusumuzi,Msweli,Male,1981-05-10,44,Citizen,South Africa,84568020,N/A,N/A,N/A,N/A,N/A,0.88,nomthandazongobese@za.net,887-633-2982,"601 Grey Umgwaqo, iBhayi, 4973",Musina,Eastern Cape,9182,Retail manager,Zulu,N/A
'8504116145084,Langalibalele,Phikela,Male,1985-04-11,40,Temporary Visa,South Africa,83123340,N/A,N/A,N/A,N/A,N/A,0.76,nomceboncama@za.net,662-466-2056x556,"987 Napier Ithafa, Boksburg, 5847",Randfontein,Free State,6575,"Engineer, manufacturing systems",Zulu,N/A
'8107158257011,Vusumuzi,Dube,Male,1981-07-15,44,Temporary Visa,South Africa,16254604,N/A,N/A,N/A,N/A,N/A,0.96,siyabongabiyela@za.net,987.207.1481x6659,"4747 George Indawo, eThekwini, 5335",Thohoyandou,Northern Cape,2297,Ecologist,Zulu,N/A
'6401031166007,Nomathalente,Ngubane,Female,1964-01-03,61,Citizen,South Africa,11776863,N/A,N/A,N/A,N/A,N/A,0.99,thandokhoza@co.za,4534204392,"86 Stanley Indlela, Stellenbosch, 7191",Thohoyandou,Western Cape,3478,"Engineer, water",Zulu,N/A
'6012111104032,Nonjabulo,Ndlela,Female,1960-12-11,64,Temporary Visa,South Africa,63883828,N/A,N/A,N/A,N/A,N/A,0.92,dlodlononhlanhla@africa.com,(277)976-8052,"246 Commissioner Umgwaqo, Bethlehem, 8042",Sasolburg,Northern Cape,7558,Video editor,Zulu,N/A
'AS242788,Thando,Mbokazi,Male,1998-07-03,27,Citizen,Somalia,12003781,Asylum Seeker Permit,2025-06-23,2027-06-23,ASP13506,Rejected,0.59,mmntambo@net,819.824.9260,"26 James Ithafa, Rustenburg, 2085",Krugersdorp,Northern Cape,4507,Architectural technologist,Zulu,16
'6708246798015,SimphiweyiNkosi,Gcumisa,Male,1967-08-24,58,Permanent Resident,South Africa,75272732,N/A,N/A,N/A,N/A,N/A,0.99,ishibase@za.net,935.914.2022x8982,"647 Commissioner Ithafa, Soweto, 5310",Chatsworth,Mpumalanga,8561,Hotel manager,Zulu,N/A
'5302184946096,Nomcebo,Mdotshana,Female,1953-02-18,72,Asylum Seeker,South Africa,25295963,N/A,N/A,N/A,N/A,N/A,0.86,mahlalelamlungisi@za.net,001-548-758-3799x3305,"57 Paul Kruger Umgwaqo, eThekwini, 5028",Kimberley,Limpopo,7760,Environmental manager,Zulu,N/A
'7211287314002,Sibusiso,Nkonyeni,Male,1972-11-28,52,Temporary Visa,South Africa,82809273,N/A,N/A,N/A,N/A,N/A,0.99,nombhocomandla@co.za,846-402-9812x9062,"34 William Isitaladi, Randfontein, 8091",Sasolburg,Northern Cape,3203,"Programmer, multimedia",Zulu,N/A
'PR37499707,Tomé,Lima,Male,2004-06-05,21,Permanent Resident,Mozambique,MO823628,Retirement Visa,2023-05-20,2033-05-17,PER43520,N/A,0.7,denis44@co.mz,(351) 964746528,"Praça Noah Moreira, 8, 8440-266 Vila Nova de Foz Côa",Amarante,Free State,3862-046,Controlador de tráfego aéreo,Portuguese,16
'0112184632066,Thandiwe,Simelane,Female,2001-12-18,23,Citizen,South Africa,84674957,N/A,N/A,N/A,N/A,N/A,0.86,londiwe11@africa.com,(679)302-3694x797,"706 Victoria Indawo, Potchefstroom, 1175",eGoli,Gauteng,4879,"Surveyor, minerals",Zulu,N/A
'TV30152,SimphiweyiNkosi,Gama,Male,1991-04-08,34,Citizen,Malawi,63126777,Business Visa,2025-05-30,2026-12-08,VIS32756,N/A,0.69,sikhunyanamnqobi@com,453-992-2086x58367,"9794 West Indawo, Kimberley, 7424",Vanderbijlpark,Eastern Cape,2190,Oceanographer,Zulu,5
'TV52830,Lwandile,Sigegede,Male,1983-12-12,41,Citizen,Ghana,G3774397,Study Visa,2023-07-20,2023-12-01,VIS47232,N/A,0.59,sibongile14@ghana.com,(360)205-3296,"64 President Indlela, Chatsworth, 5225",Stellenbosch,Free State,7130,"Designer, industrial/product",Zulu,14
'9607219255035,Lungile,Gubulundu,Male,1996-07-21,29,Permanent Resident,South Africa,76265770,N/A,N/A,N/A,N/A,N/A,0.95,thabisile71@co.za,001-321-663-0001x5272,"675 Smith Umgwaqo, Thohoyandou, 1952",Stellenbosch,North West,4676,Financial adviser,Zulu,N/A
'AS202667,Vasco,Azevedo,Male,1978-03-30,47,Permanent Resident,Mozambique,MO457876,Asylum Seeker Permit,2024-11-29,2026-11-29,ASP21534,Application Submitted,0.47,baptistaafonso@mozambique.com,(351) 966154894,"Rua Domingues, 43, 0888-188 Ourém",Torres Vedras,Gauteng,9285-254,Regulador e operador de máquinas ferramentas de comando numérico computorizado,Portuguese,12
'PR34728611,Eduardo,Macedo,Male,1997-03-31,28,Citizen,Mozambique,MO585545,Corporate Visa,2025-05-18,2035-05-16,PER68681,N/A,0.74,emaia@mozambique.com,(351) 965297202,"Praça Morais, 3, 9539-082 Serpa",Abrantes,KwaZulu-Natal,0733-754,Curtidor de peles,Portuguese,16
'4702251900084,Nomalanga,Siwele,Female,1947-02-25,78,Citizen,South Africa,76915068,N/A,N/A,N/A,N/A,N/A,0.81,zkhawula@za.net,872.649.5971x49362,"66 Charles Indawo, Potchefstroom, 4469",Rustenburg,Limpopo,5213,Financial manager,Zulu,N/A
'4703263720001,Gugulethu,Cibane,Female,1947-03-26,78,Citizen,South Africa,78379940,N/A,N/A,N/A,N/A,N/A,0.71,wmgenge@co.za,746-358-8422,"663 Stanley Isitaladi, Tembisa, 8859",Kimberley,Free State,2222,"Pharmacist, hospital",Zulu,N/A
'8303226406003,Minenhle,Nonkululeko,Male,1983-03-22,42,Citizen,South Africa,90020645,N/A,N/A,N/A,N/A,N/A,0.78,amahle17@za.net,2114863425,"277 Oxford Indlela, Vereeniging, 5662",Benoni,Northern Cape,3493,Geochemist,Zulu,N/A
'AS966971,Marzena,Zorbach,Female,1993-09-13,32,Citizen,Germany,763173409,Asylum Seeker Permit,2023-11-14,2025-11-13,ASP85328,Appeal Pending,0.6,mudeburkard@germany.com,(07985) 99161,"Zdenka-Kambs-Straße 944, 83914 Siegen",Heinsberg,Eastern Cape,11921,Binnenschiffer,German,9
'8304091145079,Dumisani,Hadebe,Female,1983-04-09,42,Citizen,South Africa,24304699,N/A,N/A,N/A,N/A,N/A,0.87,ambonambi@za.net,774.398.1386x23374,"760 Churchill Indlela, Boksburg, 1226",Vereeniging,Free State,1178,Clothing/textile technologist,Zulu,N/A
'9809171294051,Gugu,Shabalala,Female,1998-09-17,27,Permanent Resident,South Africa,72763166,N/A,N/A,N/A,N/A,N/A,0.9,sibusiso69@africa.com,(425)402-0577x373,"8405 Clarence Isitaladi, Newcastle, 9628",Paarl,North West,4080,"Psychologist, prison and probation services",Zulu,N/A
'8306266360070,S'fiso,Lakaza,Male,1983-06-26,42,Citizen,South Africa,37937929,N/A,N/A,N/A,N/A,N/A,0.73,sikwayosimphiwe@co.za,595-719-4867x240,"6513 Walter Sisulu Isitaladi, Klerksdorp, 5658",Bethlehem,Free State,8330,Patent examiner,Zulu,N/A
'PR97189346,Caroline,Fontaine,Female,2001-05-07,24,Asylum Seeker,United States,727955994,Corporate Visa,2024-04-02,2034-03-31,PER82800,N/A,0.69,marcelleguibert@com,05 96 68 30 46,"613, rue de Dupuy, 64307 Guyot",Berger,KwaZulu-Natal,30461,chef de produit marketing,French,18
'TV56218,Nomathemba,Sabelo,Female,1972-03-06,53,Citizen,Lesotho,78960659,Work Visa,2023-06-19,2024-09-30,VIS95381,N/A,0.77,vmemela@net,001-872-797-6350,"37 Albertina Sisulu Indlela, Centurion, 6244",Sasolburg,Mpumalanga,9701,Accommodation manager,Zulu,8
'5911289109081,Lungile,Kunene,Male,1959-11-28,65,Citizen,South Africa,60299308,N/A,N/A,N/A,N/A,N/A,0.79,lwandile45@africa.com,(642)379-1797x53757,"3425 Paul Kruger Indlela, Polokwane, 5505",Musina,North West,8795,"Therapist, sports",Zulu,N/A
'7306194198016,Bhekokwakhe,Gubhela,Female,1973-06-19,52,Citizen,South Africa,27901610,N/A,N/A,N/A,N/A,N/A,0.71,luyanda16@za.net,6502011577,"331 Paul Kruger Ithafa, Newcastle, 4667",Musina,North West,1753,Actor,Zulu,N/A
'9108301581023,Olwethu,Menziwa,Female,1991-08-30,34,Permanent Resident,South Africa,52090675,N/A,N/A,N/A,N/A,N/A,0.73,mzolomusa@co.za,754.693.2754,"30 High Indawo, Newcastle, 3701",Klerksdorp,Northern Cape,1535,Electronics engineer,Zulu,N/A
'PR34978676,Antoine,Guillot,Male,1970-09-12,55,Citizen,Democratic Republic of Congo,34678604,Retirement Visa,2025-05-05,2035-05-03,PER60660,N/A,0.8,etienneaime@com,+33 (0)5 58 59 29 91,"chemin Chevallier, 71362 Gaydan",Rey,Gauteng,02930,pédiatre,French,17
'PR21298787,Juan,Sontag,Male,1971-12-04,53,Citizen,Germany,820888621,Relative's Visa,2023-07-06,2033-07-03,PER95491,N/A,0.63,gutecarlos@de,08935 51121,"Joana-Caspar-Weg 94, 21657 Neustrelitz",Tecklenburg,Mpumalanga,72924,Ausbaufacharbeiter,German,15
'5301277181057,Thando,Lange,Male,1953-01-27,72,Citizen,South Africa,74229496,N/A,N/A,N/A,N/A,N/A,0.9,thandiwentenga@za.net,+1-425-884-6158x543,"53 Nelson Mandela Indawo, Vereeniging, 1552",Kathu,Northern Cape,8787,Tax inspector,Zulu,N/A
'7210303374010,Bhekokwakhe,Mpanza,Female,1972-10-30,52,Citizen,South Africa,39533627,N/A,N/A,N/A,N/A,N/A,0.87,nandisasphiwe@co.za,+1-441-579-2144x6800,"25 Prince Ithafa, Stellenbosch, 4158",Upington,KwaZulu-Natal,8922,Museum/gallery curator,Zulu,N/A
'AS137783,Mandlakhe,Bele,Male,1998-01-04,27,Citizen,Botswana,BO981499,Asylum Seeker Permit,2025-06-23,2027-06-23,ASP39388,Application Submitted,0.39,hlatshwayoolwethu@org,5748808501,"463 Paul Kruger Ithafa, Krugersdorp, 5524",Upington,KwaZulu-Natal,4289,Marketing executive,Zulu,16
'TV88102,Marco,Borges,Male,1973-06-01,52,Permanent Resident,Mozambique,MO717652,Relative's Visa,2024-03-19,2025-12-27,VIS14983,N/A,0.52,vitoria80@mozambique.com,(351) 939 820 053,"Praça Neto, 94, 2239-723 Almeirim",Viana do Castelo,Eastern Cape,4542-153,"Operador de máquinas agrícolas e florestais, móveis",Portuguese,4
'8608206991076,Sibonelo,Vundla,Male,1986-08-20,39,Temporary Visa,South Africa,27525912,N/A,N/A,N/A,N/A,N/A,0.85,mthontisilondile@co.za,(564)410-9090,"3092 Edward Indlela, Vereeniging, 7499",Klerksdorp,Limpopo,8160,Radiation protection practitioner,Zulu,N/A
'5606186197033,SimphiweyiNkosi,Mbatshazwa,Male,1956-06-18,69,Citizen,South Africa,62963389,N/A,N/A,N/A,N/A,N/A,0.73,minenhlemakhoba@africa.com,749-335-7054,"209 Smith Umgwaqo, eThekwini, 8458",Bloemfontein,Mpumalanga,9730,"Pharmacist, hospital",Zulu,N/A
'PR47080201,Sihawukele,Manzezulu,Female,1981-03-20,44,Temporary Visa,Ethiopia,76542581,Work Visa,2024-02-29,2034-02-26,PER48460,N/A,0.87,sibonelohlomuka@net,9678878357,"222 Joseph Isitaladi, Krugersdorp, 3246",George,KwaZulu-Natal,3272,Contractor,Zulu,11
'TV50791,Bhekisisa,Dladla,Female,1985-02-27,40,Citizen,Zambia,31648574,Relative's Visa,2024-05-15,2025-10-15,VIS27711,N/A,0.63,dumisilesotobe@org,472.686.6113,"361 Thomas Indlela, Newcastle, 8964",Randfontein,KwaZulu-Natal,8646,Sports administrator,Zulu,16
'4301219352025,S'fiso,Sokhwebula,Male,1943-01-21,82,Citizen,South Africa,84237226,N/A,N/A,N/A,N/A,N/A,0.82,sihawukele05@co.za,580.413.9387,"22 Milner Indlela, Witbank, 4960",Vanderbijlpark,Free State,2486,Dramatherapist,Zulu,N/A
'8608181144061,Nomasonto,Simelane,Female,1986-08-18,39,Citizen,South Africa,58370227,N/A,N/A,N/A,N/A,N/A,0.88,nomathalentemkhabela@africa.com,730.378.9669x500,"76 Short Ithafa, Thohoyandou, 8990",Tembisa,Mpumalanga,5660,Outdoor activities/education manager,Zulu,N/A
'9106125904065,Andile,Mahlobo,Male,1991-06-12,34,Citizen,South Africa,93959157,N/A,N/A,N/A,N/A,N/A,0.93,dlangamandlamandla@za.net,001-766-906-2078x5339,"92 Milner Umgwaqo, Rustenburg, 4094",Sasolburg,Northern Cape,3800,Site engineer,Zulu,N/A
'TV76492,Thembile,Gebhezi,Female,1970-01-31,55,Asylum Seeker,Nigeria,N8662432,Corporate Visa,2024-12-09,2025-09-05,VIS93240,N/A,0.81,afanisa@com.ng,357-244-8350x583,"8426 Cecil Isitaladi, Bloemfontein, 1336",Vanderbijlpark,Eastern Cape,6370,Civil Service administrator,Zulu,15
'9302251106052,Nokulunga,Ntaka,Female,1993-02-25,32,Citizen,South Africa,18180167,N/A,N/A,N/A,N/A,N/A,0.76,nkazimulohangala@co.za,458.304.6490x65305,"845 George Ithafa, Bloemfontein, 3507",Sasolburg,Free State,1546,Child psychotherapist,Zulu,N/A
'0508308291057,Thabani,Mangcamane,Male,2005-08-30,20,Citizen,South Africa,26948556,N/A,N/A,N/A,N/A,N/A,0.97,sishiyabhekisisa@africa.com,(585)796-8329x1999,"3455 Victoria Umgwaqo, Soweto, 4344",Paarl,North West,4702,Senior tax professional/tax inspector,Zulu,N/A
'7704121724017,Thandazile,Tiba,Female,1977-04-12,48,Citizen,South Africa,72853800,N/A,N/A,N/A,N/A,N/A,0.82,sphiwe47@co.za,403-564-1148x4362,"4831 Oxford Indlela, eGoli, 6135",Uitenhage,Limpopo,4869,Glass blower/designer,Zulu,N/A
'4603092915091,Noxolo,Njinji,Female,1946-03-09,79,Permanent Resident,South Africa,93072282,N/A,N/A,N/A,N/A,N/A,0.85,dumisanimakhaza@za.net,+1-542-448-8481x598,"5573 Somerset Umgwaqo, Kimberley, 4652",Musina,Limpopo,1700,"Lecturer, higher education",Zulu,N/A
'9609240549023,Thalente,Mathenjwa,Female,1996-09-24,29,Citizen,South Africa,57915072,N/A,N/A,N/A,N/A,N/A,0.9,fgasela@africa.com,828.689.2567x465,"52 Rivonia Indlela, Centurion, 5999",iKapa,Mpumalanga,5907,Press sub,Zulu,N/A
'6102208919004,Langalibalele,Mhlophe,Male,1961-02-20,64,Citizen,South Africa,71233486,N/A,N/A,N/A,N/A,N/A,0.72,nomagugu21@za.net,2079160937,"47 Charles Indlela, Boksburg, 4721",Polokwane,KwaZulu-Natal,5222,"Designer, jewellery",Zulu,N/A
'6704197547034,Andile,Ntombela,Male,1967-04-19,58,Citizen,South Africa,64424720,N/A,N/A,N/A,N/A,N/A,0.92,zmaduna@co.za,823.843.1474x433,"7269 Edward Ithafa, Middelburg, 7118",Welkom,Limpopo,1883,Museum/gallery exhibitions officer,Zulu,N/A
'7404242132097,Thandazile,Thoyana,Female,1974-04-24,51,Citizen,South Africa,76505747,N/A,N/A,N/A,N/A,N/A,0.83,lungile89@co.za,(593)249-8813,"575 President Indawo, Krugersdorp, 9079",Klerksdorp,KwaZulu-Natal,9063,Equality and diversity officer,Zulu,N/A
'TV13563,Mlungisi,Gamede,Male,1979-05-19,46,Citizen,Botswana,BO911564,Work Visa,2023-11-15,2025-12-17,VIS42556,N/A,0.78,mhlabandlovusimphiwe@com,001-575-766-7157x1778,"8503 Oxford Indlela, Kimberley, 4805",Rustenburg,Eastern Cape,2114,"Surveyor, building control",Zulu,3
'0209103528081,Thabisile,Gatsheni,Female,2002-09-10,23,Citizen,South Africa,11034689,N/A,N/A,N/A,N/A,N/A,0.83,zibuyile54@co.za,286-442-9296x400,"665 Cecil Isitaladi, Upington, 9835",Vanderbijlpark,Free State,7843,"Teacher, early years/pre",Zulu,N/A
'6510119359058,Vusumuzi,Mbokazi,Male,1965-10-11,59,Citizen,South Africa,52957367,N/A,N/A,N/A,N/A,N/A,0.82,gwijamandla@africa.com,563-882-1505x4590,"64 Somerset Ithafa, Springs, 3005",uMgungundlovu,Limpopo,2178,Bonds trader,Zulu,N/A
'8612261790014,Gugulethu,Dimbani,Female,1986-12-26,38,Citizen,South Africa,73476566,N/A,N/A,N/A,N/A,N/A,0.86,thabani42@za.net,881.800.7370x3045,"997 West Ithafa, Centurion, 2168",Bloemfontein,Gauteng,5428,Customer service manager,Zulu,N/A
'5302280476069,Sibongile,Mnangwe,Female,1953-02-28,72,Citizen,South Africa,67299921,N/A,N/A,N/A,N/A,N/A,0.79,nomusankosi@co.za,001-644-638-9032,"714 Edward Indawo, Randfontein, 6928",Bethlehem,Free State,9387,Event organiser,Zulu,N/A
'PR62211336,Nomvula,Sotobe,Female,1985-07-12,40,Permanent Resident,Malawi,98255371,Critical Skills Visa,2023-07-29,2033-07-26,PER36599,N/A,0.87,emcusi@net,+1-675-650-4806x2167,"30 Rivonia Ithafa, iBhayi, 1091",Kimberley,Gauteng,5121,Curator,Zulu,16
'5901036981064,Sibusiso,Mpila,Male,1959-01-03,66,Citizen,South Africa,40898479,N/A,N/A,N/A,N/A,N/A,0.73,ojama@africa.com,667.822.9404,"1730 Churchill Ithafa, eThekwini, 5083",Stellenbosch,Eastern Cape,2456,"Designer, multimedia",Zulu,N/A
'TV83305,Lourenço,Gaspar,Male,1986-06-30,39,Permanent Resident,Mozambique,MO355305,Retirement Visa,2024-09-16,2025-01-15,VIS96325,N/A,0.67,cleal@mozambique.com,(351) 933 962 557,"Largo Bruna Martins, 43, 4703-525 Santo Tirso",Leiria,Mpumalanga,7492-400,Educador de infância,Portuguese,3
'0310139694049,Mzamo,Dlakela,Male,2003-10-13,21,Citizen,South Africa,41383188,N/A,N/A,N/A,N/A,N/A,0.76,thandeka23@co.za,366.612.5807x19472,"344 Paul Kruger Indawo, Bloemfontein, 4199",Soweto,Western Cape,5274,Barista,Zulu,N/A
'9005085889083,SimphiweyiNkosi,Sikhunyana,Male,1990-05-08,35,Citizen,South Africa,23388882,N/A,N/A,N/A,N/A,N/A,0.88,wfakazi@africa.com,(774)625-7909x215,"1923 York Isitaladi, Springs, 8173",Welkom,Gauteng,9724,Geographical information systems officer,Zulu,N/A
'9811056998065,Thando,Lakaza,Male,1998-11-05,26,Citizen,South Africa,56542948,N/A,N/A,N/A,N/A,N/A,0.71,mbungelanozizwe@africa.com,(243)671-8719x5447,"307 President Indlela, Newcastle, 4115",Upington,Western Cape,2795,"Designer, industrial/product",Zulu,N/A
'PR37576728,Gabriel,Mendès,Male,1987-04-26,38,Temporary Visa,France,645124422,Critical Skills Visa,2024-09-17,2034-09-15,PER18922,N/A,0.65,agnes29@fr,+33 (0)3 20 00 47 28,"35, avenue Gallet, 05874 Fabre",Fontaine,KwaZulu-Natal,97298,cryptologue,French,12
'6302281264078,Thalente,Cwalile,Female,1963-02-28,62,Asylum Seeker,South Africa,32184832,N/A,N/A,N/A,N/A,N/A,0.77,mcebisimthabela@za.net,(379)531-7581x400,"41 Charles Indlela, Paarl, 5008",Klerksdorp,North West,9208,"Psychotherapist, child",Zulu,N/A
'PR24653950,संजना,अरोरा,Female,1978-02-25,47,Temporary Visa,India,28055348,Work Visa,2024-12-17,2034-12-15,PER67713,N/A,0.9,dreddddii@india.com,09572 985510,"7/0 मेनन, अगरतला 421996",देवगढ़,North West,822852,Insurance account manager,Hindi,4
'AS127778,Langalibalele,Nsibanyoni,Male,1977-06-11,48,Temporary Visa,Lesotho,58426212,Asylum Seeker Permit,2024-05-16,2026-05-16,ASP45365,Rejected,0.46,mncubelwandile@net,389.734.3968x940,"593 High Ithafa, Upington, 2764",Uitenhage,Gauteng,7082,Telecommunications researcher,Zulu,1
'0205059125095,Mandla,Madela,Male,2002-05-05,23,Citizen,South Africa,66817662,N/A,N/A,N/A,N/A,N/A,0.73,bntshangase@africa.com,(415)677-0721x397,"865 Napier Indawo, uMgungundlovu, 4720",eThekwini,Mpumalanga,3346,"Engineer, agricultural",Zulu,N/A
'6105085594061,Mzamo,Dukada,Male,1961-05-08,64,Asylum Seeker,South Africa,54235905,N/A,N/A,N/A,N/A,N/A,0.86,nobantugwamanda@za.net,(582)204-3202x909,"97 Milner Ithafa, Soweto, 7908",Potchefstroom,Eastern Cape,1820,Video editor,Zulu,N/A
'6506234818048,Zenzile,Madi,Female,1965-06-23,60,Permanent Resident,South Africa,20093874,N/A,N/A,N/A,N/A,N/A,0.77,mnyandusandile@co.za,(332)634-7905x22924,"19 Albertina Sisulu Ithafa, Sasolburg, 5522",Thohoyandou,Eastern Cape,1357,Photographer,Zulu,N/A
'4408056428084,Bhekani,Magwaza,Male,1944-08-05,81,Citizen,South Africa,37306098,N/A,N/A,N/A,N/A,N/A,0.87,busisiwe95@co.za,001-564-326-7956x7206,"398 Thomas Indawo, Vanderbijlpark, 9368",eGoli,KwaZulu-Natal,9116,Commissioning editor,Zulu,N/A
'6210050247057,Owethu,Mcambi,Female,1962-10-05,63,Permanent Resident,South Africa,45229998,N/A,N/A,N/A,N/A,N/A,0.9,mthokozisi38@za.net,001-293-859-1281x22686,"8481 Milner Ithafa, Chatsworth, 3738",Randfontein,Free State,1287,Camera operator,Zulu,N/A
'7106265461037,Mthokozisi,Dimbane,Male,1971-06-26,54,Citizen,South Africa,68348000,N/A,N/A,N/A,N/A,N/A,0.88,noxolomahlaba@africa.com,+1-390-611-7038,"458 Long Indlela, Rustenburg, 7192",iKapa,Eastern Cape,8692,"Horticulturist, amenity",Zulu,N/A
'TV30031,Sandile,Sabelo,Male,1992-01-14,33,Temporary Visa,Malawi,59848205,Critical Skills Visa,2024-07-07,2025-10-17,VIS10165,N/A,0.77,vbhembe@com,+1-344-900-1932,"94 Stanley Umgwaqo, Krugersdorp, 1597",Welkom,Mpumalanga,4700,Historic buildings inspector/conservation officer,Zulu,10
'PR11696114,Vusumuzi,Msomi,Male,1984-07-30,41,Citizen,Zimbabwe,ZI491386,Retirement Visa,2023-11-27,2033-11-24,PER17789,N/A,0.71,mazibukonqobizitha@co.zw,001-850-769-0591x1185,"7263 Adelaide Isitaladi, Springs, 3965",Kimberley,Free State,1843,Chief Financial Officer,Zulu,7
'6202029019090,Lwandile,Ngema,Male,1962-02-02,63,Permanent Resident,South Africa,45591307,N/A,N/A,N/A,N/A,N/A,0.99,zinhletiba@africa.com,001-208-631-7168x82373,"814 Rivonia Isitaladi, Middelburg, 9326",Vanderbijlpark,Eastern Cape,2991,Civil Service fast streamer,Zulu,N/A
'7612105314078,Minenhle,Nonduma,Male,1976-12-10,48,Citizen,South Africa,66897839,N/A,N/A,N/A,N/A,N/A,0.7,jabulani94@co.za,+1-766-954-1915x601,"8501 High Ithafa, iBhayi, 9030",Vanderbijlpark,Gauteng,3370,Tour manager,Zulu,N/A
'5509154701029,Ndumiso,Mtolo,Female,1955-09-15,70,Permanent Resident,South Africa,60448547,N/A,N/A,N/A,N/A,N/A,0.99,nomathembangobisi@africa.com,+1-609-553-9096,"3352 Albertina Sisulu Umgwaqo, Polokwane, 9143",Sasolburg,KwaZulu-Natal,1803,Insurance broker,Zulu,N/A
'TV25741,Nomalanga,Nsele,Female,1971-09-21,54,Temporary Visa,Zimbabwe,ZI759668,Critical Skills Visa,2023-05-26,2025-04-07,VIS92535,N/A,0.87,mbanjwanobantu@co.zw,458-859-9005x705,"9717 Stanley Isitaladi, iBhayi, 4743",Kimberley,Northern Cape,6982,Town planner,Zulu,6
'7701021138013,Thandeka,Mshiyane,Female,1977-01-02,48,Citizen,South Africa,10605072,N/A,N/A,N/A,N/A,N/A,0.72,ksithuli@za.net,001-898-971-6014,"47 Milner Umgwaqo, Benoni, 5360",Kathu,Gauteng,1678,Warehouse manager,Zulu,N/A
'AS195297,Nkazimulo,Onjengenyamazane,Female,1972-12-09,52,Citizen,Ghana,G7396304,Asylum Seeker Permit,2022-12-19,2024-12-18,ASP60442,Rejected,0.63,mandlamcoyi@com.gh,941.714.0898,"271 Frere Umgwaqo, Springs, 3772",Mbombela,KwaZulu-Natal,4794,Trade union research officer,Zulu,17
'PR52947862,超,林,Male,1992-07-20,33,Citizen,China,35655970,Corporate Visa,2023-08-09,2033-08-06,PER17726,N/A,0.63,dfu@china.com,18811999513,吉林省兵县清城贵阳路J座 105745,秀华县,KwaZulu-Natal,476841,排版设计,Mandarin,16
'5407285838023,Bhekani,Dumakude,Male,1954-07-28,71,Citizen,South Africa,62281695,N/A,N/A,N/A,N/A,N/A,0.99,blanga@za.net,927-335-2529,"135 Thomas Umgwaqo, Benoni, 4098",Sasolburg,Free State,9474,Lobbyist,Zulu,N/A
'5505264929017,Sihawukele,Ntenga,Female,1955-05-26,70,Permanent Resident,South Africa,88741549,N/A,N/A,N/A,N/A,N/A,0.74,egedeza@co.za,001-936-479-6088x28342,"7647 Paul Kruger Isitaladi, Uitenhage, 4424",Kimberley,Mpumalanga,6984,Information systems manager,Zulu,N/A
'5311259562033,Zenzele,Shabane,Male,1953-11-25,71,Citizen,South Africa,51793392,N/A,N/A,N/A,N/A,N/A,0.82,biyasejabulani@co.za,+1-701-227-6335x078,"97 Nelson Mandela Ithafa, Uitenhage, 1532",Mbombela,Western Cape,9079,Paediatric nurse,Zulu,N/A
'9002136314084,Sibusiso,Nonduma,Male,1990-02-13,35,Citizen,South Africa,84074039,N/A,N/A,N/A,N/A,N/A,0.71,nhlanhlatukane@za.net,692-689-7380x1082,"918 Gandhi Umgwaqo, Middelburg, 6724",eGoli,Limpopo,8444,Senior tax professional/tax inspector,Zulu,N/A
'TV89438,S'fiso,Manzezulu,Male,1984-09-05,41,Citizen,Zimbabwe,ZI544597,Work Visa,2024-07-25,2025-01-24,VIS88996,N/A,0.64,busisiwejali@zimbabwe.com,638.584.5342x062,"57 Church Umgwaqo, Musina, 2246",eGoli,Limpopo,3357,Warden/ranger,Zulu,1
'4706082373002,Londiwe,Gumede,Female,1947-06-08,78,Citizen,South Africa,68541528,N/A,N/A,N/A,N/A,N/A,0.98,luyanda59@co.za,826-306-9992x26157,"520 William Umgwaqo, Bloemfontein, 9658",Centurion,Western Cape,4699,Systems analyst,Zulu,N/A
'7405127236041,Zenzele,Sangwani,Male,1974-05-12,51,Citizen,South Africa,68051456,N/A,N/A,N/A,N/A,N/A,0.99,dikanedumisile@co.za,(985)933-4661x0770,"341 Napier Isitaladi, Rustenburg, 3296",Soweto,Eastern Cape,2509,"Lighting technician, broadcasting/film/video",Zulu,N/A
'PR85398325,Annelies,Bärer,Female,1974-08-14,51,Citizen,Germany,460168658,Study Visa,2024-07-25,2034-07-23,PER31345,N/A,0.7,jbruder@germany.com,06089 73655,"Gumprichring 947, 66875 Neustadt am Rübenberge",Staffelstein,KwaZulu-Natal,01437,Techniker,German,4
'4506150632097,Busisiwe,Chamane,Female,1945-06-15,80,Citizen,South Africa,84812276,N/A,N/A,N/A,N/A,N/A,0.98,mnqobiphuthini@africa.com,715-583-2493x31319,"16 Adelaide Indlela, Boksburg, 2043",iBhayi,Northern Cape,8400,IT consultant,Zulu,N/A
'PR16918791,Sibusiso,Galu,Male,2000-10-31,24,Citizen,Tanzania,38409270,Study Visa,2025-06-08,2035-06-06,PER64914,N/A,0.79,hmnquhe@org,481-262-3331x200,"456 Clarence Ithafa, Randfontein, 3918",uMgungundlovu,Northern Cape,6259,Sports administrator,Zulu,19
'0001238320059,S'fiso,Ngobese,Male,2000-01-23,25,Permanent Resident,South Africa,64076555,N/A,N/A,N/A,N/A,N/A,0.91,nomthandazo81@africa.com,+1-943-621-2441x138,"922 York Umgwaqo, Paarl, 6040",Kimberley,Western Cape,5521,Advertising account planner,Zulu,N/A
'AS409858,Sibonelo,Luthuli,Male,1985-10-02,40,Asylum Seeker,Somalia,62040591,Asylum Seeker Permit,2024-07-28,2026-07-28,ASP13473,Under Review,0.67,mahulubenomthandazo@net,(427)459-4854,"234 Adelaide Ithafa, Kimberley, 9529",Sasolburg,Gauteng,9985,"Merchandiser, retail",Zulu,15
'PR81550030,Nomcebo,Mahamba,Female,1985-11-10,39,Citizen,Eswatini,35841280,Retirement Visa,2024-02-23,2034-02-20,PER19688,N/A,0.66,siphesihlengwazi@org,001-915-984-4148x14349,"66 Queen Umgwaqo, eThekwini, 1579",Randfontein,Free State,2916,Barrister's clerk,Zulu,20
'4209017029019,Bhekani,Bhejelibomvu,Male,1942-09-01,83,Citizen,South Africa,92592777,N/A,N/A,N/A,N/A,N/A,0.72,thandeka27@co.za,+1-764-636-0661x4074,"291 Church Indawo, Springs, 1179",George,Eastern Cape,6972,Dentist,Zulu,N/A
'9603289263043,Bandile,Phoswa,Male,1996-03-28,29,Temporary Visa,South Africa,37275520,N/A,N/A,N/A,N/A,N/A,0.98,sibusisogedeza@co.za,577.914.9692x3977,"36 Charles Umgwaqo, George, 4141",Tembisa,North West,2862,Lawyer,Zulu,N/A
'PR31088570,Jabulani,Mathebula,Male,1986-09-12,39,Citizen,Lesotho,84292009,Critical Skills Visa,2023-02-15,2033-02-12,PER10635,N/A,0.82,zinhle97@net,939-613-7875x96974,"30 Somerset Ithafa, Newcastle, 9579",Kimberley,Western Cape,5906,Arts development officer,Zulu,12
'5211104500051,Thandazile,Mbonambi,Female,1952-11-10,72,Citizen,South Africa,30887519,N/A,N/A,N/A,N/A,N/A,0.97,bandilemajozi@co.za,(479)860-4089x5411,"1453 Charles Ithafa, Uitenhage, 2353",Upington,Limpopo,6623,"Teacher, music",Zulu,N/A
'9602191367047,Nomathemba,Shoyisa,Female,1996-02-19,29,Asylum Seeker,South Africa,46602768,N/A,N/A,N/A,N/A,N/A,0.93,sithembiso81@co.za,001-409-942-6469x00121,"48 Frere Ithafa, Centurion, 6739",Chatsworth,Limpopo,4697,"Solicitor, Scotland",Zulu,N/A
'4710030144019,Thuthukile,Dikane,Female,1947-10-03,78,Temporary Visa,South Africa,42720594,N/A,N/A,N/A,N/A,N/A,0.91,mtimandenomagugu@co.za,(489)801-9400x2002,"912 James Isitaladi, Stellenbosch, 5547",Thohoyandou,Western Cape,5694,Tree surgeon,Zulu,N/A
'9204044538088,Bhekizizwe,Mzukase,Female,1992-04-04,33,Citizen,South Africa,77805063,N/A,N/A,N/A,N/A,N/A,0.86,sokhelanomcebo@za.net,5145762031,"19 Long Isitaladi, Klerksdorp, 1285",eGoli,Free State,2482,Lawyer,Zulu,N/A
'8308182371062,Olwethu,Gwamanda,Female,1983-08-18,42,Citizen,South Africa,19155108,N/A,N/A,N/A,N/A,N/A,0.71,nobuhlenontuli@za.net,(631)212-7476x20855,"3139 James Indawo, eThekwini, 7899",Chatsworth,Western Cape,7454,"Engineer, agricultural",Zulu,N/A
'4302022099086,Nonjabulo,Thabizolo,Female,1943-02-02,82,Citizen,South Africa,96951228,N/A,N/A,N/A,N/A,N/A,0.79,lungilencala@africa.com,634-731-8289x50649,"68 Joseph Umgwaqo, Sasolburg, 9303",George,KwaZulu-Natal,9615,"Scientist, biomedical",Zulu,N/A
'9907039901052,Nhlanhla,Onjengenyamazane,Male,1999-07-03,26,Citizen,South Africa,40499394,N/A,N/A,N/A,N/A,N/A,0.84,thembekanomndayi@africa.com,876.357.2758x859,"244 Adelaide Ithafa, eGoli, 8187",Kathu,KwaZulu-Natal,6202,Outdoor activities/education manager,Zulu,N/A
'TV23781,Thandiwe,Lukhele,Female,1971-08-30,54,Citizen,Somalia,59451466,Study Visa,2024-11-23,2025-03-17,VIS63515,N/A,0.62,luyandamsindazwe@net,864-443-9636,"356 Grey Indawo, Klerksdorp, 3950",Bloemfontein,Mpumalanga,7024,"Conservation officer, nature",Zulu,6
'PR74698545,Anny,Pohl,Female,1974-03-22,51,Citizen,Germany,283446954,Business Visa,2022-10-12,2032-10-09,PER60623,N/A,0.65,liebeltrenata@de,+49 (0) 1924 765210,"Meisterweg 7641, 38780 Kötzting",Stuttgart,Mpumalanga,44887,Forstwirt,German,4
'9810068054036,Mlungisi,Makhathini,Male,1998-10-06,27,Permanent Resident,South Africa,75879186,N/A,N/A,N/A,N/A,N/A,0.87,kmanzi@za.net,500-506-3165x71850,"7759 Elizabeth Isitaladi, Welkom, 4036",Krugersdorp,Northern Cape,3040,Financial manager,Zulu,N/A
'PR58438465,Denis,Matos,Male,1996-03-21,29,Citizen,Mozambique,MO691772,Relative's Visa,2024-03-08,2034-03-06,PER34186,N/A,0.83,pintoeduardo@mozambique.com,911333838,"Avenida Lima, 73, 1423-029 Entroncamento",Pombal,Mpumalanga,1049-050,Jogador profissional de futebol,Portuguese,5
'8108104758052,Nqobizitha,Ngwenya,Female,1981-08-10,44,Temporary Visa,South Africa,50592606,N/A,N/A,N/A,N/A,N/A,0.72,thalentemaphindela@africa.com,2112300900,"6902 High Indawo, Upington, 7815",Krugersdorp,Mpumalanga,8288,"Merchandiser, retail",Zulu,N/A
'5109136371091,Siyabonga,Gebhezi,Male,1951-09-13,74,Citizen,South Africa,96766188,N/A,N/A,N/A,N/A,N/A,0.71,minenhle22@za.net,337.653.9983,"32 Prince Indawo, Middelburg, 9738",Bloemfontein,Limpopo,3468,Special effects artist,Zulu,N/A
'8003170601058,Gugulethu,Mhlangu,Female,1980-03-17,45,Citizen,South Africa,73456551,N/A,N/A,N/A,N/A,N/A,0.89,nozibusiso27@za.net,001-592-566-1710x985,"6457 Queen Isitaladi, eThekwini, 9548",Bethlehem,KwaZulu-Natal,2478,Government social research officer,Zulu,N/A
'TV39126,Njabulo,Dlawuza,Male,1999-02-02,26,Temporary Visa,Zimbabwe,ZI457405,Critical Skills Visa,2023-06-12,2025-11-28,VIS91314,N/A,0.63,jabulanimthiyane@zimbabwe.com,+1-713-639-6525x90736,"6865 Short Indlela, Kathu, 4026",Uitenhage,Western Cape,3442,Industrial/product designer,Zulu,5
'9007023628099,Zibuyile,Ndabezitha,Female,1990-07-02,35,Citizen,South Africa,25995546,N/A,N/A,N/A,N/A,N/A,0.81,khanyisile44@za.net,+1-488-763-0099x31610,"942 York Indlela, Witbank, 7991",Kimberley,North West,5807,Hydrogeologist,Zulu,N/A
'9206060425041,Londiwe,Chonco,Female,1992-06-06,33,Citizen,South Africa,32448848,N/A,N/A,N/A,N/A,N/A,0.92,thembilegubeshe@za.net,(340)508-7055,"882 James Indlela, Springs, 2489",Vanderbijlpark,North West,5394,Soil scientist,Zulu,N/A
'9801054764055,Nomvula,Binda,Female,1998-01-05,27,Citizen,South Africa,50112629,N/A,N/A,N/A,N/A,N/A,0.97,bhekizizwe14@africa.com,5559279561,"527 Jan Smuts Isitaladi, George, 3910",Uitenhage,Limpopo,4730,Catering manager,Zulu,N/A
'0111261285029,Thandeka,Bikelwayo,Female,2001-11-26,23,Citizen,South Africa,87008861,N/A,N/A,N/A,N/A,N/A,0.78,andile10@co.za,+1-514-522-1072x667,"2695 Clarence Isitaladi, Mahikeng, 1618",Uitenhage,Free State,4301,Environmental education officer,Zulu,N/A
'7005053154066,Thandeka,Mbeje,Female,1970-05-05,55,Temporary Visa,South Africa,19003754,N/A,N/A,N/A,N/A,N/A,0.92,sikhakhanenomathemba@co.za,278.481.0723x19538,"2305 Elizabeth Isitaladi, Vereeniging, 7636",Tembisa,North West,9356,Magazine journalist,Zulu,N/A
'PR32063539,Nonhlanhla,Mnqayi,Female,1996-07-17,29,Citizen,Somalia,67949437,Relative's Visa,2024-08-02,2034-07-31,PER45130,N/A,0.9,dumisile83@com,001-944-201-2979x336,"294 Jan Smuts Isitaladi, Centurion, 5308",Springs,KwaZulu-Natal,4556,Immigration officer,Zulu,5
'9211071283089,Thabisile,Gence,Female,1992-11-07,32,Citizen,South Africa,66346259,N/A,N/A,N/A,N/A,N/A,0.94,nkazimulo33@za.net,921.840.1620x2132,"6937 Frere Indawo, Potchefstroom, 2986",Welkom,KwaZulu-Natal,5323,"Administrator, Civil Service",Zulu,N/A
'TV71102,Nobuhle,Mjadu,Female,1976-01-17,49,Citizen,Malawi,44186195,Work Visa,2023-08-11,2025-04-01,VIS39678,N/A,0.5,siyabongathwala@net,936-951-3259,"9036 Prince Ithafa, Polokwane, 8022",uMgungundlovu,Mpumalanga,7599,"Designer, exhibition/display",Zulu,7
'PR93246837,Mnqobi,Mnisi,Female,1977-09-27,48,Citizen,Lesotho,99367014,Critical Skills Visa,2025-05-21,2035-05-19,PER60589,N/A,0.73,vusumuzimdlenevu@com,+1-905-345-1030x3419,"15 Adelaide Isitaladi, Vereeniging, 5400",Soweto,Northern Cape,7632,Landscape architect,Zulu,3
'0503260374009,Thandazile,Thembekwayo,Female,2005-03-26,20,Permanent Resident,South Africa,35294498,N/A,N/A,N/A,N/A,N/A,0.88,mathabathabani@co.za,(486)374-1010,"38 Voortrekker Indawo, Stellenbosch, 4196",uMgungundlovu,Northern Cape,5327,Special educational needs teacher,Zulu,N/A
'8004250416092,Nomvula,Nxamalala,Female,1980-04-25,45,Citizen,South Africa,42543694,N/A,N/A,N/A,N/A,N/A,0.84,gguma@africa.com,(917)593-2848x2347,"7053 Napier Indawo, Musina, 9437",Krugersdorp,North West,4684,Film/video editor,Zulu,N/A
'5505280773038,Thabisa,Thango,Female,1955-05-28,70,Asylum Seeker,South Africa,60170445,N/A,N/A,N/A,N/A,N/A,0.9,wgengeshe@co.za,001-267-246-8502,"837 Queen Isitaladi, Paarl, 8226",eThekwini,North West,5204,"Teacher, early years/pre",Zulu,N/A
'8608046760068,Thando,Mbekwa,Male,1986-08-04,39,Citizen,South Africa,29620412,N/A,N/A,N/A,N/A,N/A,0.7,qmamba@co.za,+1-468-927-4186x7287,"33 Main Umgwaqo, Benoni, 7789",Thohoyandou,Mpumalanga,5131,Hotel manager,Zulu,N/A
'TV16023,Nomathalente,Mkhumbuzi,Female,1983-10-22,41,Citizen,Zimbabwe,ZI682189,Critical Skills Visa,2023-08-31,2026-01-13,VIS56525,N/A,0.82,nomusa50@zimbabwe.com,871-548-2313,"39 George Isitaladi, Randfontein, 8720",Paarl,Free State,7910,Industrial/product designer,Zulu,15
'PR84220022,Andrée,Perret,Female,1973-10-22,51,Permanent Resident,United States,736133849,Critical Skills Visa,2025-03-14,2035-03-12,PER17131,N/A,0.94,fbazin@com,03 53 70 73 35,"6, rue Giraud, 33831 Gonzalez",Sauvage,North West,82736,responsable du back office,French,0
'PR70153942,Zenzele,Ngwane,Male,1990-03-10,35,Permanent Resident,Tanzania,40788779,Work Visa,2024-10-20,2034-10-18,PER99989,N/A,0.92,nothandongiba@com,(284)862-0459x8749,"591 Voortrekker Indawo, Randfontein, 2334",Mbombela,Western Cape,9422,Video editor,Zulu,6
'AS538561,Njabulo,Mphankomo,Male,2005-06-20,20,Temporary Visa,Malawi,86023330,Asylum Seeker Permit,2024-10-11,2026-10-11,ASP66209,Interview Scheduled,0.74,bhekisisahlatshwayo@com,861.924.4025x8225,"3904 Paul Kruger Ithafa, Krugersdorp, 1507",Welkom,Gauteng,7246,Brewing technologist,Zulu,2
'4609289102018,Jabulani,Ngobese,Male,1946-09-28,79,Citizen,South Africa,43122741,N/A,N/A,N/A,N/A,N/A,0.88,nomasontomkhonza@africa.com,(273)308-7616x39088,"5849 Napier Indawo, iBhayi, 9167",Potchefstroom,Mpumalanga,2706,"Surveyor, insurance",Zulu,N/A
'0106108727063,Mzamo,Ntombela,Male,2001-06-10,24,Asylum Seeker,South Africa,42065398,N/A,N/A,N/A,N/A,N/A,0.75,sgence@za.net,(763)434-2809,"54 Church Indlela, Centurion, 4994",Newcastle,Gauteng,5792,Dancer,Zulu,N/A
'9607272901037,Khanyisile,Maphanga,Female,1996-07-27,29,Citizen,South Africa,63036041,N/A,N/A,N/A,N/A,N/A,0.96,kmaduna@africa.com,(747)510-8556,"42 Cecil Indawo, Uitenhage, 3151",Kimberley,KwaZulu-Natal,7521,Pharmacologist,Zulu,N/A
'4907236389038,Mlungisi,Hlubi,Male,1949-07-23,76,Temporary Visa,South Africa,45676800,N/A,N/A,N/A,N/A,N/A,0.99,mgengesihawukele@za.net,3616501778,"573 Voortrekker Ithafa, uMgungundlovu, 9246",Kimberley,Gauteng,2840,Therapeutic radiographer,Zulu,N/A
'PR15004772,Musa,Gwacela,Male,1981-11-19,43,Citizen,Zambia,20114660,Study Visa,2025-05-20,2035-05-18,PER62305,N/A,0.83,siphesihlenduli@com,+1-633-871-8888x78630,"52 Thomas Umgwaqo, Uitenhage, 2484",Soweto,Limpopo,1269,"Psychotherapist, child",Zulu,1
'7910202242013,Nokulunga,Mngwemkhulu,Female,1979-10-20,45,Citizen,South Africa,18841123,N/A,N/A,N/A,N/A,N/A,1.0,sokhwebulagugu@africa.com,001-962-476-7041,"4646 Prince Ithafa, eThekwini, 5958",Boksburg,Northern Cape,1669,Patent examiner,Zulu,N/A
'6308282566060,Sihawukele,Mbembe,Female,1963-08-28,62,Asylum Seeker,South Africa,61133166,N/A,N/A,N/A,N/A,N/A,0.95,zinhlemasina@africa.com,+1-584-376-2278x84842,"748 Long Ithafa, uMgungundlovu, 1535",eGoli,Free State,3718,Catering manager,Zulu,N/A
'9107031862015,Thembisile,Gasa,Female,1991-07-03,34,Citizen,South Africa,28135015,N/A,N/A,N/A,N/A,N/A,0.79,bhekizizwe57@africa.com,564-715-3735x74400,"67 Oxford Ithafa, eGoli, 5205",Upington,Gauteng,4052,Youth worker,Zulu,N/A
'7602158195027,Bandile,Sibalukhulu,Male,1976-02-15,49,Permanent Resident,South Africa,67266615,N/A,N/A,N/A,N/A,N/A,0.96,vusumuzi33@africa.com,947-256-8992x13014,"62 Victoria Umgwaqo, Vanderbijlpark, 7574",Mahikeng,Eastern Cape,9581,Bonds trader,Zulu,N/A
'5508127095084,Lungile,Ngcamu,Male,1955-08-12,70,Citizen,South Africa,93584293,N/A,N/A,N/A,N/A,N/A,0.93,nqobizitha19@africa.com,001-937-726-8158x9173,"19 Churchill Umgwaqo, Upington, 2738",Tembisa,Free State,6728,Cytogeneticist,Zulu,N/A
'4006302684077,Owethu,Thole,Female,1940-06-30,85,Asylum Seeker,South Africa,22410056,N/A,N/A,N/A,N/A,N/A,0.91,sithombonomcebo@za.net,(994)511-1574x828,"8126 Voortrekker Ithafa, Middelburg, 7542",George,Free State,1991,Insurance claims handler,Zulu,N/A
'PR47843479,Lwandile,Dingila,Male,2003-02-10,22,Citizen,Nigeria,N5551591,Business Visa,2024-03-18,2034-03-16,PER33884,N/A,0.65,thalentesibiya@com.ng,581.704.2627x5058,"244 Thomas Indawo, Springs, 1622",eGoli,Mpumalanga,2793,Company secretary,Zulu,20
'8208192027023,Nozizwe,Nene,Female,1982-08-19,43,Citizen,South Africa,38622011,N/A,N/A,N/A,N/A,N/A,0.91,mgcwabe@za.net,391.656.1537,"40 Prince Indlela, Polokwane, 3927",Upington,Eastern Cape,3996,Economist,Zulu,N/A
'4905220653078,Nonhlanhla,Jele,Female,1949-05-22,76,Citizen,South Africa,36786621,N/A,N/A,N/A,N/A,N/A,0.93,noxolodlabazane@africa.com,001-729-989-1967x2919,"779 King Ithafa, Mahikeng, 7889",Middelburg,Gauteng,7854,Network engineer,Zulu,N/A
'6712156397073,S'fiso,Yeyeye,Male,1967-12-15,57,Citizen,South Africa,95301587,N/A,N/A,N/A,N/A,N/A,0.79,sihawukele27@africa.com,4714103601,"574 Walter Sisulu Ithafa, Vereeniging, 1203",Witbank,Eastern Cape,4782,Product designer,Zulu,N/A
'8103061831036,Zenzile,Mlungwana,Female,1981-03-06,44,Citizen,South Africa,14979006,N/A,N/A,N/A,N/A,N/A,0.82,tmnomiya@co.za,413.820.9198x9551,"933 Stanley Indawo, Middelburg, 4676",Chatsworth,Eastern Cape,2502,Advertising account planner,Zulu,N/A
'7808290973022,Thembisile,Khuluse,Female,1978-08-29,47,Citizen,South Africa,21242316,N/A,N/A,N/A,N/A,N/A,0.75,dkhomo@co.za,249.708.6672,"71 James Umgwaqo, Uitenhage, 4776",Potchefstroom,Eastern Cape,5476,Set designer,Zulu,N/A
'7602071417093,Nomathemba,Qwabe,Female,1976-02-07,49,Permanent Resident,South Africa,59350678,N/A,N/A,N/A,N/A,N/A,0.74,ntshangasethuthukile@za.net,(323)585-8341x0041,"865 Voortrekker Isitaladi, Vanderbijlpark, 3575",Soweto,Mpumalanga,2930,Osteopath,Zulu,N/A
'PR23404346,Thembekile,Mlambo,Female,1988-05-15,37,Citizen,Somalia,98217773,Corporate Visa,2023-01-06,2033-01-03,PER77800,N/A,0.93,kndabansele@net,+1-753-714-5681x62543,"3101 West Indlela, uMgungundlovu, 2918",Springs,Free State,5155,Purchasing manager,Zulu,13
'6212178627092,Mlungisi,Yeyeye,Male,1962-12-17,62,Permanent Resident,South Africa,94124577,N/A,N/A,N/A,N/A,N/A,0.8,sibongile54@co.za,+1-605-791-9420x19899,"95 Short Isitaladi, Upington, 4790",Thohoyandou,Limpopo,1432,Community education officer,Zulu,N/A
'AS234855,Nomalanga,Ngcobo,Female,2004-10-04,21,Citizen,Malawi,14740457,Asylum Seeker Permit,2025-02-05,2027-02-05,ASP39518,Refugee Status Granted,0.55,mthintinjabulo@org,+1-637-919-7744x196,"198 Joseph Indlela, Potchefstroom, 6457",Vanderbijlpark,Mpumalanga,3853,Financial manager,Zulu,15
'8101279270077,Mlungisi,Myeza,Male,1981-01-27,44,Citizen,South Africa,71942269,N/A,N/A,N/A,N/A,N/A,0.71,ufakazi@za.net,268-763-6222x57015,"8167 High Umgwaqo, Sasolburg, 1796",Benoni,Free State,4873,Farm manager,Zulu,N/A
'5605147497066,Mandla,Shozi,Male,1956-05-14,69,Citizen,South Africa,54912198,N/A,N/A,N/A,N/A,N/A,0.99,ymdunge@africa.com,372-544-1026,"921 Oxford Ithafa, Bethlehem, 4700",Klerksdorp,North West,3171,Seismic interpreter,Zulu,N/A
'6105150309014,Silondile,Manana,Female,1961-05-15,64,Permanent Resident,South Africa,27584209,N/A,N/A,N/A,N/A,N/A,0.71,jmgcaleka@co.za,+1-920-310-4721x39080,"6504 Clarence Umgwaqo, Klerksdorp, 5164",Springs,Mpumalanga,9025,Tour manager,Zulu,N/A
'TV60263,Nozibusiso,Mzomba,Female,1976-04-20,49,Citizen,Lesotho,85104239,Business Visa,2025-02-04,2027-10-05,VIS45530,N/A,0.58,magutshwamcebisi@net,5927503783,"124 York Umgwaqo, eGoli, 8465",Mahikeng,Free State,2585,Interior and spatial designer,Zulu,18
'PR13393940,Juliette,De Oliveira,Female,1971-02-14,54,Citizen,United Kingdom,934841932,Relative's Visa,2024-11-16,2034-11-14,PER96781,N/A,0.73,renaultmarie@co.uk,0383691981,"boulevard Moreau, 07287 Chrétien",BoulangerBourg,Northern Cape,53540,chercheur en physique,French,14
'0010097278093,Mthokozisi,Gwagwa,Male,2000-10-09,24,Citizen,South Africa,18874439,N/A,N/A,N/A,N/A,N/A,0.96,mthokozisi79@za.net,001-415-662-5721x1634,"92 George Indlela, Polokwane, 6094",Klerksdorp,Gauteng,6862,Proofreader,Zulu,N/A
'TV67129,Lungile,Mkhwananzi,Male,1982-02-04,43,Permanent Resident,Zimbabwe,ZI700239,Work Visa,2024-12-10,2025-04-30,VIS46319,N/A,0.79,kgalu@co.zw,+1-386-562-0025x150,"33 Prince Indlela, iBhayi, 2820",Krugersdorp,KwaZulu-Natal,7106,Archaeologist,Zulu,5
'9404268238008,S'fiso,Dlambula,Male,1994-04-26,31,Permanent Resident,South Africa,87545924,N/A,N/A,N/A,N/A,N/A,0.7,hncanana@co.za,+1-997-551-7233x0181,"122 Walter Sisulu Umgwaqo, Stellenbosch, 9095",Bloemfontein,Mpumalanga,8521,Illustrator,Zulu,N/A
'9712081010081,Khanyisile,Gama,Female,1997-12-08,27,Citizen,South Africa,85590884,N/A,N/A,N/A,N/A,N/A,0.81,hngwenya@co.za,001-481-485-7106x251,"150 Stanley Indawo, Vereeniging, 5891",iBhayi,Mpumalanga,8307,Chartered certified accountant,Zulu,N/A
'5508079813095,Mzamo,Dlebenkomo,Male,1955-08-07,70,Citizen,South Africa,27631672,N/A,N/A,N/A,N/A,N/A,0.89,mbotholondiwe@africa.com,464.345.7095,"14 Short Isitaladi, Boksburg, 4039",Newcastle,Eastern Cape,5786,Counsellor,Zulu,N/A
'0307106158017,Minenhle,Maphindela,Male,2003-07-10,22,Citizen,South Africa,60586368,N/A,N/A,N/A,N/A,N/A,0.72,zakheledimbane@za.net,571-210-7770,"2668 Joseph Indlela, Thohoyandou, 5497",iKapa,North West,8042,"Psychologist, forensic",Zulu,N/A
'8311033437088,Nomusa,Mapholoba,Female,1983-11-03,41,Citizen,South Africa,94007688,N/A,N/A,N/A,N/A,N/A,0.84,mzamomjoli@co.za,+1-743-816-6241x010,"3785 Prince Ithafa, Tembisa, 7116",Chatsworth,Limpopo,9266,Hydrographic surveyor,Zulu,N/A
'9211024888083,Thembekile,Mbekwa,Female,1992-11-02,32,Citizen,South Africa,79828926,N/A,N/A,N/A,N/A,N/A,0.77,gsikhunyana@co.za,(561)245-6458,"346 Jan Smuts Indawo, eThekwini, 5328",Randfontein,Gauteng,2145,Games developer,Zulu,N/A
'AS288890,Musa,Mbatha,Male,1990-03-25,35,Citizen,Tanzania,77887982,Asylum Seeker Permit,2023-09-17,2025-09-16,ASP72742,Application Submitted,0.54,silondile61@org,335.842.8847x5774,"267 James Umgwaqo, Benoni, 6915",Vanderbijlpark,Limpopo,6401,Hydrologist,Zulu,8
'7111282254047,Zibuyile,Bukhosini,Female,1971-11-28,53,Citizen,South Africa,91189690,N/A,N/A,N/A,N/A,N/A,0.81,bhejelibomvusphiwe@co.za,358-502-8026x7593,"7998 Jan Smuts Indlela, Polokwane, 3196",Musina,North West,7487,"Surveyor, rural practice",Zulu,N/A
'6012298381061,S'fiso,Dladla,Male,1960-12-29,64,Citizen,South Africa,92582071,N/A,N/A,N/A,N/A,N/A,0.92,lungile73@africa.com,(839)354-0464,"871 Short Umgwaqo, Rustenburg, 9762",eGoli,North West,2428,Press photographer,Zulu,N/A
'TV92679,निशा,सेनगुप्ता,Female,2001-05-10,24,Citizen,India,86347524,Corporate Visa,2024-08-29,2025-11-29,VIS44871,N/A,0.54,wduttaa@india.com,+91 877 9096384,"55 बलदेव बलासुब्रमानियम, देवगढ़ 017572",विस्तारण,Limpopo,500401,Media buyer,Hindi,17
'9704072266073,Nomagugu,Mkhokeleleki,Female,1997-04-07,28,Citizen,South Africa,78953708,N/A,N/A,N/A,N/A,N/A,0.94,udinangwe@za.net,6993851748,"7320 Grey Ithafa, Klerksdorp, 2588",Bloemfontein,Limpopo,3485,"Production designer, theatre/television/film",Zulu,N/A
'PR95008762,Nomthandazo,Mgabadeli,Female,1979-10-09,45,Permanent Resident,Eswatini,59243125,Corporate Visa,2023-11-18,2033-11-15,PER28012,N/A,0.76,thandazileyengwayo@net,(460)456-8407x5258,"605 Adelaide Indawo, Klerksdorp, 6157",Tembisa,Gauteng,6423,Corporate treasurer,Zulu,17
'PR69715716,Claire,Marques,Female,1999-01-21,26,Citizen,United States,594819781,Study Visa,2025-07-19,2035-07-17,PER39436,N/A,0.89,aimedenis@com,+33 1 43 44 34 69,"20, boulevard Nathalie Dupont, 97441 Valette",Loiseau,North West,77739,ingénieur biomédical biomédicale,French,4
'7511053953060,Nomcebo,Khosini,Female,1975-11-05,49,Permanent Resident,South Africa,80943491,N/A,N/A,N/A,N/A,N/A,0.93,fmbanjwa@africa.com,540.950.6279x0664,"1325 Victoria Indlela, Welkom, 6447",Kimberley,Free State,9584,Rural practice surveyor,Zulu,N/A
'PR78089485,Minenhle,Mncwabe,Male,1986-07-22,39,Permanent Resident,Eswatini,24720298,Business Visa,2023-12-06,2033-12-03,PER14243,N/A,0.79,mgaselasfiso@org,001-861-510-1761,"65 Voortrekker Umgwaqo, iKapa, 4155",iBhayi,Limpopo,9352,Biomedical scientist,Zulu,15
'TV74400,Luyanda,Mkhithi,Male,1985-01-05,40,Citizen,Zimbabwe,ZI745752,Relative's Visa,2024-11-02,2026-06-25,VIS64249,N/A,0.66,nomusamawewe@zimbabwe.com,650.537.0315x3267,"5718 York Umgwaqo, Centurion, 5183",Randfontein,Eastern Cape,7611,Furniture designer,Zulu,7
'AS483369,Luc,Raymond,Male,1984-08-30,41,Asylum Seeker,United States,170137853,Asylum Seeker Permit,2024-05-29,2026-05-29,ASP14910,Under Review,0.52,valentinegimenez@us.com,03 52 16 16 67,"34, boulevard Bouvet, 85638 Sainte Théodore-sur-Mer",Joseph,Western Cape,24643,généalogiste,French,0
'5603011723088,Bhekokwakhe,Mfusi,Female,1956-03-01,69,Asylum Seeker,South Africa,79621292,N/A,N/A,N/A,N/A,N/A,0.78,ximbathuthukile@africa.com,001-302-352-1667x0747,"996 Prince Ithafa, Chatsworth, 5362",uMgungundlovu,KwaZulu-Natal,3371,Emergency planning/management officer,Zulu,N/A
'TV55289,Thalente,Mkhumbuzi,Female,1971-10-18,53,Citizen,Malawi,33233056,Business Visa,2022-11-17,2025-01-14,VIS55878,N/A,0.76,dmakhaza@net,+1-340-316-3021x33601,"876 Stanley Indawo, Kimberley, 4731",Mahikeng,Northern Cape,6034,Actuary,Zulu,4
'0204309266046,Luyanda,Mgabhi,Male,2002-04-30,23,Citizen,South Africa,82665331,N/A,N/A,N/A,N/A,N/A,0.99,lmsindazwe@za.net,+1-633-379-0510x635,"28 Grey Indlela, Uitenhage, 3967",Thohoyandou,Gauteng,1975,"Teacher, special educational needs",Zulu,N/A
'4901124748039,Thabisa,Mabika,Female,1949-01-12,76,Citizen,South Africa,65108580,N/A,N/A,N/A,N/A,N/A,0.78,nomathembanyawokhulu@za.net,607-682-7019x297,"52 Jan Smuts Ithafa, Welkom, 8137",Middelburg,KwaZulu-Natal,4012,Financial adviser,Zulu,N/A
'7507098555077,Lungile,Mpanza,Male,1975-07-09,50,Citizen,South Africa,20524255,N/A,N/A,N/A,N/A,N/A,1.0,nomathembagebashe@za.net,+1-689-931-7703x80703,"3520 Milner Ithafa, Potchefstroom, 7602",Centurion,Gauteng,5979,Records manager,Zulu,N/A
'9707104581043,Londiwe,Shoyisa,Female,1997-07-10,28,Citizen,South Africa,39812796,N/A,N/A,N/A,N/A,N/A,0.77,pgotsholo@africa.com,+1-631-586-7856x9457,"3552 Long Isitaladi, Tembisa, 5764",Bethlehem,Limpopo,1724,Building services engineer,Zulu,N/A
'8412121663064,Bhekizizwe,Manyoni,Female,1984-12-12,40,Citizen,South Africa,34834012,N/A,N/A,N/A,N/A,N/A,0.79,kmaluleka@co.za,(732)264-1120,"8549 Commissioner Umgwaqo, Tembisa, 6696",George,Eastern Cape,5351,Quality manager,Zulu,N/A
'7508114060020,Nobuhle,Bele,Female,1975-08-11,50,Citizen,South Africa,32577729,N/A,N/A,N/A,N/A,N/A,1.0,dndinisa@za.net,001-545-704-7917x5148,"417 Somerset Ithafa, Mbombela, 7082",Thohoyandou,Free State,2589,Hydrologist,Zulu,N/A
'TV32401,Mcebisi,Caluza,Male,1994-12-18,30,Citizen,Eswatini,92291316,Relative's Visa,2025-06-27,2026-12-13,VIS82815,N/A,0.8,vusumuzi30@com,(801)466-6456,"393 York Umgwaqo, Springs, 1839",Chatsworth,Western Cape,7303,International aid/development worker,Zulu,17
'7104296478003,Jabulani,Bikwayo,Male,1971-04-29,54,Permanent Resident,South Africa,35952340,N/A,N/A,N/A,N/A,N/A,0.84,khabalidakamandla@co.za,+1-913-224-7060,"943 Rivonia Ithafa, Thohoyandou, 9908",Uitenhage,Free State,4242,Commissioning editor,Zulu,N/A
'7207055697097,Langalibalele,Mahlase,Male,1972-07-05,53,Citizen,South Africa,74055218,N/A,N/A,N/A,N/A,N/A,0.78,dimbaneandile@za.net,460-229-0764x7627,"711 Oxford Indawo, Witbank, 9249",Thohoyandou,Free State,8432,Chemical engineer,Zulu,N/A
'6008069550033,Thabani,Mwandla,Male,1960-08-06,65,Citizen,South Africa,16082616,N/A,N/A,N/A,N/A,N/A,0.85,mnguniolwethu@africa.com,584-607-8905x637,"15 Paul Kruger Indawo, Musina, 5134",iBhayi,Limpopo,6427,Sales executive,Zulu,N/A
'0310083977064,Zinhle,Kheswa,Female,2003-10-08,21,Permanent Resident,South Africa,19226790,N/A,N/A,N/A,N/A,N/A,0.81,sibonelothenjwayo@za.net,(901)542-1470x055,"2803 King Indlela, Sasolburg, 1071",Polokwane,Western Cape,5276,Bonds trader,Zulu,N/A
'5505074797061,Thembile,Gotsholo,Female,1955-05-07,70,Citizen,South Africa,56711486,N/A,N/A,N/A,N/A,N/A,0.7,khathinithandazile@za.net,794.366.4848x983,"291 Napier Isitaladi, Welkom, 1171",George,KwaZulu-Natal,3658,Sports development officer,Zulu,N/A
'5001165341001,Andile,Songiya,Male,1950-01-16,75,Citizen,South Africa,48167096,N/A,N/A,N/A,N/A,N/A,0.8,cgcwabe@co.za,(671)710-3152,"168 High Umgwaqo, Soweto, 9946",Paarl,Northern Cape,2618,"Engineer, electrical",Zulu,N/A
'6507263840034,Sihawukele,Dlungwana,Female,1965-07-26,60,Temporary Visa,South Africa,59752653,N/A,N/A,N/A,N/A,N/A,0.76,kubhekanomasonto@za.net,961.421.8068x454,"919 High Indawo, Paarl, 5237",Upington,Eastern Cape,3303,Sales executive,Zulu,N/A
'TV91866,Marie,Peron,Female,2005-07-07,20,Citizen,France,408978359,Relative's Visa,2023-07-12,2025-01-10,VIS43278,N/A,0.6,meunierpaul@france.com,+33 3 70 39 77 00,"rue Duval, 30333 Mariedan",Foucherdan,Limpopo,97383,chargé de production,French,10
'9903239929016,Sibusiso,Mdonswa,Male,1999-03-23,26,Permanent Resident,South Africa,85667712,N/A,N/A,N/A,N/A,N/A,0.76,phungulajabulani@co.za,(378)771-6551,"646 Long Ithafa, Stellenbosch, 9590",Upington,Free State,1703,Hospital pharmacist,Zulu,N/A
'4202182454075,Thabisile,Nomndayi,Female,1942-02-18,83,Citizen,South Africa,71667147,N/A,N/A,N/A,N/A,N/A,0.9,sibongile32@africa.com,646-808-0395x326,"72 Jan Smuts Umgwaqo, Vanderbijlpark, 9792",uMgungundlovu,KwaZulu-Natal,7314,"Education officer, community",Zulu,N/A
'8412236234049,Mthokozisi,Duze,Male,1984-12-23,40,Citizen,South Africa,81006775,N/A,N/A,N/A,N/A,N/A,0.97,khanyezanjabulo@africa.com,248.634.3358x430,"26 West Ithafa, Bethlehem, 3496",Kathu,Gauteng,9696,Recruitment consultant,Zulu,N/A
'6409050580022,Nokulunga,Mondise,Female,1964-09-05,61,Citizen,South Africa,72031887,N/A,N/A,N/A,N/A,N/A,0.96,thuthukilegagashe@co.za,286-870-1328,"127 Voortrekker Indlela, Vereeniging, 5655",Paarl,Limpopo,4890,Toxicologist,Zulu,N/A
'4605086098016,Lungile,Gwanyana,Male,1946-05-08,79,Temporary Visa,South Africa,96883707,N/A,N/A,N/A,N/A,N/A,0.7,silondilexala@za.net,(397)532-0048x208,"521 West Umgwaqo, Bloemfontein, 8085",Musina,Eastern Cape,8187,Theatre stage manager,Zulu,N/A
'TV79573,Mthokozisi,Dlomo,Male,1985-09-19,40,Citizen,Ethiopia,88357990,Work Visa,2022-10-26,2023-07-31,VIS35868,N/A,0.9,mawewethabisile@org,001-862-522-7370x22804,"2051 York Ithafa, Witbank, 6002",Newcastle,Free State,4575,Probation officer,Zulu,1
'7706286478045,Njabulo,Msani,Male,1977-06-28,48,Citizen,South Africa,34928398,N/A,N/A,N/A,N/A,N/A,0.74,magolwanajabulani@za.net,001-549-747-2938,"52 Oxford Isitaladi, Mahikeng, 7651",Centurion,KwaZulu-Natal,1270,Visual merchandiser,Zulu,N/A
'5302145181037,Bhekani,Mashasha,Male,1953-02-14,72,Permanent Resident,South Africa,27191974,N/A,N/A,N/A,N/A,N/A,0.99,jiyanemzamo@za.net,+1-891-773-1837,"6818 President Isitaladi, Kimberley, 1050",eThekwini,Mpumalanga,8557,"Journalist, broadcasting",Zulu,N/A
'4912042708085,Nobuhle,Ndonga,Female,1949-12-04,75,Permanent Resident,South Africa,88141698,N/A,N/A,N/A,N/A,N/A,0.87,ncusizibuyile@africa.com,+1-374-808-5718x2979,"3550 Main Isitaladi, Stellenbosch, 3005",iBhayi,Northern Cape,5052,Volunteer coordinator,Zulu,N/A
'PR56782730,Langalibalele,Tiba,Male,1999-08-08,26,Citizen,Ethiopia,96921189,Business Visa,2024-01-06,2034-01-03,PER78331,N/A,0.87,musathembela@org,(629)893-9042x829,"86 Prince Indlela, Middelburg, 1346",Bethlehem,Gauteng,5681,Chief of Staff,Zulu,2
'PR43468758,莹,丛,Female,1992-05-13,33,Citizen,China,99447251,Retirement Visa,2023-02-07,2033-02-04,PER47658,N/A,0.9,jzeng@china.com,13487226666,湖南省丽县魏都黄路h座 262740,雪县,North West,553407,党工团干事,Mandarin,13
'5502214194017,Ndumiso,Mbungela,Female,1955-02-21,70,Asylum Seeker,South Africa,68866358,N/A,N/A,N/A,N/A,N/A,0.91,thandekamboyisa@za.net,3138329863,"5063 Somerset Indlela, Randfontein, 7258",Rustenburg,Mpumalanga,9748,Trade mark attorney,Zulu,N/A
'0004042217008,Nothando,Njapha,Female,2000-04-04,25,Temporary Visa,South Africa,35837846,N/A,N/A,N/A,N/A,N/A,0.82,mtshalibandile@za.net,001-866-218-4904x863,"4717 Adelaide Ithafa, Kathu, 3739",Vereeniging,Eastern Cape,1594,"Scientist, product/process development",Zulu,N/A
'8101114508018,Bhekokwakhe,Maphanga,Female,1981-01-11,44,Asylum Seeker,South Africa,14103991,N/A,N/A,N/A,N/A,N/A,0.8,mbonanethabisa@africa.com,001-695-923-4266x9162,"30 Edward Ithafa, Mahikeng, 6213",Bloemfontein,Northern Cape,5591,Fish farm manager,Zulu,N/A
'TV53638,Njabulo,Nonduma,Male,1970-08-01,55,Citizen,Somalia,30328574,Relative's Visa,2025-02-21,2026-07-12,VIS56959,N/A,0.8,mbhelebhekizizwe@com,929.798.3907,"84 Long Indawo, iBhayi, 4901",Musina,Eastern Cape,9377,Sports coach,Zulu,13
'9412161031070,Thandazile,Mnisi,Female,1994-12-16,30,Citizen,South Africa,26680871,N/A,N/A,N/A,N/A,N/A,0.97,tgina@co.za,876.573.4489x5278,"1912 Voortrekker Umgwaqo, Polokwane, 9609",Benoni,Eastern Cape,4100,"Doctor, hospital",Zulu,N/A
'0011123695036,Zakhele,Fenya,Female,2000-11-12,24,Permanent Resident,South Africa,36820136,N/A,N/A,N/A,N/A,N/A,0.95,mandla12@za.net,001-813-351-1684x17881,"596 Rivonia Umgwaqo, Benoni, 5174",Benoni,Western Cape,7084,Fashion designer,Zulu,N/A
'8308143558039,Thembeka,Mkhokeleleki,Female,1983-08-14,42,Asylum Seeker,South Africa,38214534,N/A,N/A,N/A,N/A,N/A,0.82,nkazimulo60@za.net,(922)346-6542,"469 George Indawo, Klerksdorp, 5472",Potchefstroom,Free State,3959,Oceanographer,Zulu,N/A
'TV84984,Zinhle,Mehloluhlaza,Female,2000-01-30,25,Permanent Resident,Nigeria,N2259572,Work Visa,2023-11-29,2026-07-09,VIS94374,N/A,0.52,thalente52@nigeria.com,+1-556-602-6653x3828,"753 York Ithafa, Potchefstroom, 8121",Mbombela,Free State,1610,Microbiologist,Zulu,6
'TV46126,Amélie,Carpentier,Female,1975-07-07,50,Citizen,Democratic Republic of Congo,54192690,Relative's Visa,2023-10-07,2025-07-01,VIS53001,N/A,0.61,fdavid@com,03 63 32 49 73,"76, avenue de Vallet, 28936 Saint Nathalie-sur-Mer",Lejeune,Western Cape,41499,glaciologue,French,5
'4006271622075,Gugu,Gumbi,Female,1940-06-27,85,Citizen,South Africa,46515602,N/A,N/A,N/A,N/A,N/A,0.94,nonjabulomagutshwa@za.net,559.962.0454x49123,"413 Edward Ithafa, Vanderbijlpark, 9020",Sasolburg,KwaZulu-Natal,9218,Chief Technology Officer,Zulu,N/A
'TV20716,辉,王,Male,2000-12-25,24,Permanent Resident,China,95041687,Study Visa,2024-08-25,2026-06-04,VIS53362,N/A,0.82,haoqiang@china.com,18186850892,云南省杰市清浦李路G座 787304,成都市,Mpumalanga,683452,机修工,Mandarin,9
'7603127417068,Sphiwe,Bhebhe,Male,1976-03-12,49,Permanent Resident,South Africa,94033491,N/A,N/A,N/A,N/A,N/A,0.8,bandilemngoma@co.za,(264)828-4293x827,"711 Stanley Isitaladi, eGoli, 3856",Springs,Gauteng,5037,Commercial/residential surveyor,Zulu,N/A
'4505027533010,Musa,Gwacela,Male,1945-05-02,80,Citizen,South Africa,86734676,N/A,N/A,N/A,N/A,N/A,0.75,nozizwe07@za.net,7057910956,"8156 Prince Isitaladi, Bethlehem, 9768",Chatsworth,North West,9287,Video editor,Zulu,N/A
'5901133190094,Londisizwe,Gcwabe,Female,1959-01-13,66,Citizen,South Africa,48707196,N/A,N/A,N/A,N/A,N/A,0.75,sphiwenzimase@za.net,445.339.8714,"45 Cecil Indawo, Bloemfontein, 9633",Krugersdorp,KwaZulu-Natal,9795,Minerals surveyor,Zulu,N/A
'7301282090070,Dumisile,Nkwaliyenkosi,Female,1973-01-28,52,Citizen,South Africa,18648601,N/A,N/A,N/A,N/A,N/A,0.98,sihawukelemanzezulu@za.net,8518544128,"5203 Grey Umgwaqo, Middelburg, 1249",Tembisa,Northern Cape,5988,"Investment banker, corporate",Zulu,N/A
'7001183202042,Nomathalente,Cenge,Female,1970-01-18,55,Permanent Resident,South Africa,13029553,N/A,N/A,N/A,N/A,N/A,0.91,wasendlunkulunoxolo@africa.com,001-894-459-9913x1475,"8847 Victoria Indawo, Sasolburg, 3643",Boksburg,KwaZulu-Natal,9815,Manufacturing systems engineer,Zulu,N/A
'4602163534081,Thuthukile,Nzimande,Female,1946-02-16,79,Citizen,South Africa,82001487,N/A,N/A,N/A,N/A,N/A,0.99,wluvuno@co.za,001-914-968-6578x3180,"60 Paul Kruger Ithafa, Rustenburg, 6549",uMgungundlovu,Free State,6412,Armed forces logistics/support/administrative officer,Zulu,N/A
'AS289039,Mthokozisi,Mangethe,Male,1992-03-13,33,Citizen,Malawi,51214344,Asylum Seeker Permit,2023-09-27,2025-09-26,ASP76615,Under Review,0.51,tholendumiso@org,(952)592-4446x416,"11 Somerset Indawo, Randfontein, 6526",Mbombela,Limpopo,3914,Call centre manager,Zulu,18
'AS345438,Bhekokwakhe,Gasela,Female,2002-04-30,23,Citizen,Zimbabwe,ZI842659,Asylum Seeker Permit,2024-11-02,2026-11-02,ASP93959,Application Submitted,0.4,vjamasijadu@zimbabwe.com,889.464.6164x81549,"4451 High Umgwaqo, Bethlehem, 2885",Stellenbosch,Gauteng,7992,Tax adviser,Zulu,9
'7408100972084,Thabisile,Langa,Female,1974-08-10,51,Citizen,South Africa,89410763,N/A,N/A,N/A,N/A,N/A,0.82,amahlevabaza@za.net,001-651-496-1548x547,"937 Somerset Umgwaqo, Stellenbosch, 2363",Sasolburg,Western Cape,6636,Financial controller,Zulu,N/A
'5012303865012,Nobantu,Msuthu,Female,1950-12-30,74,Citizen,South Africa,16633184,N/A,N/A,N/A,N/A,N/A,0.78,siphesihlengwane@co.za,+1-406-790-2769x63873,"9116 Queen Isitaladi, Newcastle, 4093",Chatsworth,Gauteng,4569,"Presenter, broadcasting",Zulu,N/A
'8809194788053,Siphesihle,Lembede,Female,1988-09-19,37,Citizen,South Africa,50683851,N/A,N/A,N/A,N/A,N/A,0.92,zibuyile44@za.net,678.488.8815,"6666 Frere Umgwaqo, Krugersdorp, 4953",Paarl,KwaZulu-Natal,3681,Education administrator,Zulu,N/A
'PR45151831,बलदेव,प्रधान,Male,1973-06-26,52,Citizen,India,31821659,Work Visa,2025-01-13,2035-01-11,PER62554,N/A,0.82,smehtaa@co.in,+91 237 8627897,"60/64 लता अरोरा, अनन्तपुर 947634",अनन्तपुर,North West,301114,"Librarian, academic",Hindi,19
'4309294777043,Nozibusiso,Fihlela,Female,1943-09-29,82,Citizen,South Africa,54964834,N/A,N/A,N/A,N/A,N/A,0.8,nozibusiso32@za.net,001-730-440-2680x392,"24 Smith Ithafa, Benoni, 3157",Springs,Free State,2886,Animal technologist,Zulu,N/A
'TV74461,Mcebisi,Phungula,Male,1985-06-15,40,Citizen,Somalia,78569081,Study Visa,2024-08-20,2026-10-22,VIS18918,N/A,0.72,thalente46@net,519.956.4522,"721 Victoria Isitaladi, Mbombela, 2425",Musina,Limpopo,6406,Therapeutic radiographer,Zulu,16
'7010282126092,Zakhele,Mhlanya,Female,1970-10-28,54,Citizen,South Africa,70796779,N/A,N/A,N/A,N/A,N/A,0.83,qmbuyazi@za.net,4237881518,"528 William Isitaladi, Newcastle, 1790",Chatsworth,Gauteng,5811,Product manager,Zulu,N/A
'8007100944089,Sihawukele,Msomi,Female,1980-07-10,45,Permanent Resident,South Africa,83176364,N/A,N/A,N/A,N/A,N/A,0.73,luyanda15@co.za,(944)715-6221x720,"694 Churchill Indawo, Witbank, 1103",Springs,Mpumalanga,4921,Geochemist,Zulu,N/A
'5602091340044,Nomalanga,Mboko,Female,1956-02-09,69,Citizen,South Africa,64952730,N/A,N/A,N/A,N/A,N/A,0.9,imadonsela@africa.com,001-444-593-6135x1832,"9724 Grey Umgwaqo, Bloemfontein, 8490",Upington,North West,4570,Medical technical officer,Zulu,N/A
'5308279326087,Zenzele,Ngcamu,Male,1953-08-27,72,Citizen,South Africa,94543777,N/A,N/A,N/A,N/A,N/A,0.74,owethu84@co.za,001-267-404-7112x644,"7000 Adelaide Umgwaqo, Potchefstroom, 4663",Paarl,Northern Cape,6090,"Doctor, general practice",Zulu,N/A
'4610106136082,Njabulo,Mhlabandlovu,Male,1946-10-10,78,Citizen,South Africa,70531686,N/A,N/A,N/A,N/A,N/A,0.88,mathebelaamahle@za.net,+1-863-305-3929x947,"16 Napier Umgwaqo, Welkom, 3631",Benoni,KwaZulu-Natal,2987,Dancer,Zulu,N/A
'5511239349098,Siyabonga,Dladla,Male,1955-11-23,69,Temporary Visa,South Africa,91598068,N/A,N/A,N/A,N/A,N/A,0.94,dshabangu@co.za,4599394056,"545 Short Indlela, Chatsworth, 3406",Middelburg,KwaZulu-Natal,2820,Legal secretary,Zulu,N/A
'5801045543091,S'fiso,Hlengwa,Male,1958-01-04,67,Citizen,South Africa,36862804,N/A,N/A,N/A,N/A,N/A,0.8,bhekani60@co.za,5045977641,"97 Paul Kruger Indawo, Centurion, 6591",Soweto,Gauteng,3280,Statistician,Zulu,N/A
'AS115207,Nkazimulo,Mzomba,Female,2003-01-15,22,Temporary Visa,Zimbabwe,ZI333126,Asylum Seeker Permit,2023-02-09,2025-02-08,ASP60359,Appeal Pending,0.74,zmadlanduna@zimbabwe.com,348.394.5879x4459,"1535 Albertina Sisulu Indawo, Thohoyandou, 9272",uMgungundlovu,Mpumalanga,7604,Magazine features editor,Zulu,18
'PR43699013,Thandazile,Mahlaba,Female,1973-08-05,52,Permanent Resident,Zambia,54025736,Corporate Visa,2023-09-17,2033-09-14,PER36106,N/A,0.74,mayisejabulani@org,+1-523-374-3535x7977,"6947 Smith Ithafa, Paarl, 9702",eThekwini,Gauteng,1582,"Surveyor, minerals",Zulu,11
'8001110091078,Nqobizitha,Mzoneli,Female,1980-01-11,45,Permanent Resident,South Africa,53263201,N/A,N/A,N/A,N/A,N/A,0.81,nqobizithambunjwa@co.za,4355813565,"3988 George Umgwaqo, Witbank, 8821",Klerksdorp,Northern Cape,1475,Multimedia specialist,Zulu,N/A
'4804074872095,Thembisile,Mdunge,Female,1948-04-07,77,Temporary Visa,South Africa,50619657,N/A,N/A,N/A,N/A,N/A,0.71,thabani03@co.za,521.502.3251x5876,"252 Grey Indlela, Bethlehem, 2675",Musina,Free State,6271,Interpreter,Zulu,N/A
'5603116676004,Musa,Doncabe,Male,1956-03-11,69,Citizen,South Africa,27040699,N/A,N/A,N/A,N/A,N/A,1.0,thandekajama@za.net,001-693-765-8881,"2009 James Ithafa, uMgungundlovu, 3497",Soweto,Free State,4482,"Scientist, audiological",Zulu,N/A
'7004166343007,Luyanda,Mondise,Male,1970-04-16,55,Permanent Resident,South Africa,84616053,N/A,N/A,N/A,N/A,N/A,0.74,mnqobi63@za.net,+1-415-888-5069x0549,"90 West Indawo, Stellenbosch, 7694",Musina,Free State,5013,Passenger transport manager,Zulu,N/A
'TV80951,Lungile,Hlela,Male,1994-07-01,31,Citizen,Zambia,64402279,Critical Skills Visa,2023-11-25,2025-08-09,VIS89565,N/A,0.57,mandlakhemsimang@com,6568119625,"3976 Short Umgwaqo, Stellenbosch, 7450",Paarl,North West,7429,Agricultural consultant,Zulu,15
'9009136590025,Bhekani,Gcaleka,Male,1990-09-13,35,Permanent Resident,South Africa,66053477,N/A,N/A,N/A,N/A,N/A,0.85,mfihlela@africa.com,420.971.9205x669,"696 Church Indlela, Witbank, 9162",Vanderbijlpark,Eastern Cape,1419,Local government officer,Zulu,N/A
'PR95434191,Antoinette,Renard,Female,2003-01-29,22,Citizen,United Kingdom,768922633,Critical Skills Visa,2022-12-18,2032-12-15,PER27241,N/A,0.94,laureroussel@co.uk,+33 2 21 91 92 27,"52, rue Olivie Auger, 72201 Rousseaudan",Evrard,Western Cape,59280,assistant dentaire,French,0
'PR19449329,Mandla,Mangede,Male,2005-02-25,20,Citizen,Lesotho,39626315,Work Visa,2024-02-13,2034-02-10,PER26727,N/A,0.74,slakaza@com,323-546-2077,"5170 Commissioner Isitaladi, Musina, 8615",Rustenburg,KwaZulu-Natal,4236,"Producer, television/film/video",Zulu,14
'5803121545036,Thalente,Lwandle,Female,1958-03-12,67,Citizen,South Africa,14136353,N/A,N/A,N/A,N/A,N/A,0.8,xshozi@africa.com,+1-508-989-2208x67517,"979 Edward Ithafa, Benoni, 2126",Mbombela,Gauteng,9139,Toxicologist,Zulu,N/A
'9410212440030,Nokulunga,Sangwani,Female,1994-10-21,30,Citizen,South Africa,30305383,N/A,N/A,N/A,N/A,N/A,0.75,mphahlwasibusisiwe@co.za,+1-770-290-6691x3743,"8409 Stanley Isitaladi, Chatsworth, 8095",Rustenburg,Eastern Cape,9892,Data processing manager,Zulu,N/A
'PR77208312,Friedo,Junk,Male,2004-11-15,20,Citizen,Germany,402236781,Study Visa,2023-10-26,2033-10-23,PER79973,N/A,0.79,putzandree@de,(02143) 34077,"Iwona-Thanel-Straße 2-8, 40968 Stadtroda",Eisenach,Free State,09797,Fachinformatiker,German,15
'4201256857079,Langalibalele,Phingoshe,Male,1942-01-25,83,Citizen,South Africa,10190469,N/A,N/A,N/A,N/A,N/A,0.74,gduma@africa.com,+1-374-221-3710x053,"411 Main Ithafa, Benoni, 4914",Mbombela,Mpumalanga,9705,Curator,Zulu,N/A
'9508097959067,Sibonelo,Mbembe,Male,1995-08-09,30,Permanent Resident,South Africa,42377048,N/A,N/A,N/A,N/A,N/A,0.89,londisizwe25@co.za,231-412-4222,"83 Frere Ithafa, Vereeniging, 7435",Kimberley,Eastern Cape,8600,Gaffer,Zulu,N/A
'PR52326106,Vusumuzi,Ngubane,Male,1972-09-24,53,Citizen,Ghana,G5359264,Business Visa,2023-07-29,2033-07-26,PER75449,N/A,0.83,sfisomtimande@com.gh,+1-378-213-9311x793,"2382 Napier Ithafa, Soweto, 4073",Kathu,Gauteng,9840,Charity fundraiser,Zulu,13
'5709257853097,Thando,Thabethe,Male,1957-09-25,68,Citizen,South Africa,97280456,N/A,N/A,N/A,N/A,N/A,0.75,mdletshebhekani@co.za,001-790-237-2716x75201,"71 Joseph Indawo, Mbombela, 7788",Vereeniging,Mpumalanga,3273,"Radiographer, diagnostic",Zulu,N/A
'8901031894073,Nomasonto,Dumakude,Female,1989-01-03,36,Temporary Visa,South Africa,69707472,N/A,N/A,N/A,N/A,N/A,0.9,nothando68@za.net,+1-262-481-1221x65974,"857 Charles Indawo, iKapa, 5124",Mahikeng,Western Cape,6744,"Embryologist, clinical",Zulu,N/A
'9309105150023,Sandile,Dlakela,Male,1993-09-10,32,Temporary Visa,South Africa,15367709,N/A,N/A,N/A,N/A,N/A,1.0,nothandodingila@africa.com,+1-342-810-6754x3437,"70 Commissioner Indlela, Randfontein, 9449",Kimberley,Western Cape,6513,Human resources officer,Zulu,N/A
'8910140296072,Bhekizizwe,Mnyandu,Female,1989-10-14,35,Temporary Visa,South Africa,87485846,N/A,N/A,N/A,N/A,N/A,0.77,sibusisiweweza@za.net,001-622-239-2313,"981 Gandhi Indawo, Tembisa, 8197",Benoni,Gauteng,7104,Exercise physiologist,Zulu,N/A
'0411195339076,Sandile,Khathide,Male,2004-11-19,20,Citizen,South Africa,62946964,N/A,N/A,N/A,N/A,N/A,0.8,nomusa67@africa.com,684-628-2713,"861 Churchill Isitaladi, Newcastle, 9386",Mahikeng,Mpumalanga,7888,Television/film/video producer,Zulu,N/A
'4203108477036,Bandile,Bayeni,Male,1942-03-10,83,Citizen,South Africa,56474762,N/A,N/A,N/A,N/A,N/A,0.89,dukadalwandile@co.za,(924)566-8951x0001,"94 William Indlela, Newcastle, 9082",Polokwane,Free State,9232,"Programmer, applications",Zulu,N/A
'8810023968008,Thembisile,Dlakela,Female,1988-10-02,37,Citizen,South Africa,52348716,N/A,N/A,N/A,N/A,N/A,0.98,mayisemlungisi@za.net,001-484-686-8269,"3042 Churchill Ithafa, iBhayi, 6597",iKapa,KwaZulu-Natal,9924,Print production planner,Zulu,N/A
'PR55308115,Nobuhle,Mlungisi,Female,1973-03-27,52,Permanent Resident,Botswana,BO827777,Critical Skills Visa,2023-08-24,2033-08-21,PER79524,N/A,0.78,vmnangwe@org,593-771-3239x25063,"16 Jan Smuts Umgwaqo, Centurion, 4637",iBhayi,Northern Cape,9804,Banker,Zulu,12
'5905294615071,Ndumiso,Gcugcwa,Female,1959-05-29,66,Citizen,South Africa,61966838,N/A,N/A,N/A,N/A,N/A,0.74,nomcebomathonsi@co.za,454.237.0055x2439,"5191 Jan Smuts Indlela, Boksburg, 1052",iKapa,Limpopo,5014,Learning mentor,Zulu,N/A
'9403148565062,Musa,Xhakaza,Male,1994-03-14,31,Temporary Visa,South Africa,47732869,N/A,N/A,N/A,N/A,N/A,0.82,bhekisisamasango@za.net,801.883.2534x8521,"99 Commissioner Isitaladi, Uitenhage, 3824",Mahikeng,North West,1550,"Exhibitions officer, museum/gallery",Zulu,N/A
'5109069385091,Zenzele,Nkosi,Male,1951-09-06,74,Permanent Resident,South Africa,64052922,N/A,N/A,N/A,N/A,N/A,0.83,pmpanza@za.net,(946)820-4789,"468 Elizabeth Indlela, Kathu, 1146",Welkom,Northern Cape,6482,"Surveyor, mining",Zulu,N/A
'9211144098093,Noxolo,Thumbeza,Female,1992-11-14,32,Permanent Resident,South Africa,90479741,N/A,N/A,N/A,N/A,N/A,0.72,sfiso11@africa.com,001-970-868-2278x315,"8955 Oxford Umgwaqo, eThekwini, 5524",Uitenhage,KwaZulu-Natal,1215,Insurance risk surveyor,Zulu,N/A
'PR60473905,Xavier,Ferreira,Male,1984-12-31,40,Citizen,United Kingdom,479415991,Business Visa,2023-03-24,2033-03-21,PER24471,N/A,0.72,gilbertvasseur@uk.com,+33 2 61 52 81 38,"8, chemin Simon, 59924 Robert",Bertinboeuf,KwaZulu-Natal,19623,directeur d'accueil collectif de mineurs (ACM),French,6
'7505255107026,Lungile,Mabizela,Male,1975-05-25,50,Citizen,South Africa,70931141,N/A,N/A,N/A,N/A,N/A,0.78,jabulani65@africa.com,001-968-553-0548x98372,"9871 Frere Indlela, George, 6647",Krugersdorp,Northern Cape,1929,Occupational therapist,Zulu,N/A
'5603213403091,Nomasonto,Mthanti,Female,1956-03-21,69,Permanent Resident,South Africa,66269468,N/A,N/A,N/A,N/A,N/A,0.75,nomalanga75@co.za,458.474.9239,"272 Rivonia Indlela, Musina, 3392",Musina,Limpopo,7792,Pensions consultant,Zulu,N/A
'7312257820017,Zenzele,Ndiyema,Male,1973-12-25,51,Citizen,South Africa,80858375,N/A,N/A,N/A,N/A,N/A,0.95,gabhisalondisizwe@za.net,4397082769,"678 Prince Indlela, Uitenhage, 4381",Paarl,Mpumalanga,5487,Environmental education officer,Zulu,N/A
'6405232646099,Zakhele,Ncama,Female,1964-05-23,61,Citizen,South Africa,95420835,N/A,N/A,N/A,N/A,N/A,0.74,silondile49@co.za,235-511-7714x2397,"9173 Rivonia Umgwaqo, Polokwane, 3522",Upington,Eastern Cape,2492,Advice worker,Zulu,N/A
'5208186377016,Mlungisi,Sangwani,Male,1952-08-18,73,Permanent Resident,South Africa,69711704,N/A,N/A,N/A,N/A,N/A,0.86,siphesihle09@za.net,(325)583-9287x747,"16 Churchill Umgwaqo, Centurion, 5877",Upington,Gauteng,7735,Restaurant manager,Zulu,N/A
'9204251339085,Thalente,Nyathi,Female,1992-04-25,33,Temporary Visa,South Africa,61120365,N/A,N/A,N/A,N/A,N/A,0.78,mcebisi96@co.za,331-509-5144x23478,"80 Edward Indawo, Chatsworth, 2407",Paarl,Mpumalanga,7404,Advice worker,Zulu,N/A
'PR13648685,Gabrielle,Delmas,Female,2004-06-10,21,Citizen,United Kingdom,497651662,Retirement Visa,2023-12-17,2033-12-14,PER25809,N/A,0.72,lecoqdavid@co.uk,+33 3 75 44 94 88,"911, rue de Laine, 39494 Rolland-sur-Fouquet",Bertin,Mpumalanga,97697,concepteur designer packaging,French,7
'8503107600011,SimphiweyiNkosi,Mazwi,Male,1985-03-10,40,Citizen,South Africa,49527130,N/A,N/A,N/A,N/A,N/A,0.76,bhekokwakhe29@za.net,3927123577,"434 Napier Ithafa, Randfontein, 1401",Mahikeng,North West,3964,Wellsite geologist,Zulu,N/A
'7108096325064,Lwandile,Nsukuza,Male,1971-08-09,54,Permanent Resident,South Africa,95905449,N/A,N/A,N/A,N/A,N/A,0.71,mzamomagagula@za.net,247-556-9383x084,"254 Elizabeth Indawo, Mahikeng, 5460",Vanderbijlpark,North West,1773,"Editor, magazine features",Zulu,N/A
'TV17715,SimphiweyiNkosi,Makhoba,Male,1990-02-02,35,Citizen,Nigeria,N6503551,Retirement Visa,2023-05-12,2026-05-08,VIS87758,N/A,0.64,nozibusisosangwani@com.ng,707-878-3207,"316 Stanley Indawo, Upington, 6619",Klerksdorp,Gauteng,1846,Research scientist (life sciences),Zulu,0
'AS668628,Thuthukile,Mpangazitha,Female,1985-06-17,40,Citizen,Ghana,G8119255,Asylum Seeker Permit,2024-04-20,2026-04-20,ASP73285,Application Submitted,0.7,siyabongankosi@com.gh,+1-565-311-7916x8772,"173 William Indlela, eThekwini, 2279",Musina,Free State,5908,Bonds trader,Zulu,1
'5712173839081,Thabisa,Biyase,Female,1957-12-17,67,Citizen,South Africa,52895171,N/A,N/A,N/A,N/A,N/A,0.79,wthabizolo@africa.com,001-727-271-1028x0857,"1160 Clarence Isitaladi, Vereeniging, 4590",Rustenburg,KwaZulu-Natal,8653,"Producer, television/film/video",Zulu,N/A
'0105042459063,Bhekokwakhe,Ndlanya,Female,2001-05-04,24,Temporary Visa,South Africa,43787806,N/A,N/A,N/A,N/A,N/A,0.79,dumisanisondisa@africa.com,001-289-496-9564x607,"98 George Isitaladi, Upington, 3957",Upington,Limpopo,5640,Biomedical engineer,Zulu,N/A
'9504034604017,Nomagugu,Mtimande,Female,1995-04-03,30,Citizen,South Africa,59287419,N/A,N/A,N/A,N/A,N/A,0.89,sibusisiwengcobo@africa.com,+1-774-630-2330x435,"1349 Frere Isitaladi, uMgungundlovu, 9250",Randfontein,Mpumalanga,2630,Diagnostic radiographer,Zulu,N/A
'PR10309196,Musa,Lange,Male,1994-03-23,31,Citizen,Ghana,G3885692,Retirement Visa,2023-10-02,2033-09-29,PER83162,N/A,0.69,olwethuyengwa@ghana.com,506-631-3247x0098,"579 Thomas Umgwaqo, uMgungundlovu, 7996",Mbombela,Mpumalanga,6711,Contracting civil engineer,Zulu,3
'9710119788049,S'fiso,Hangala,Male,1997-10-11,27,Citizen,South Africa,47993759,N/A,N/A,N/A,N/A,N/A,0.99,thusinisimphiweyinkosi@africa.com,802.918.0749x88419,"8380 West Indawo, Springs, 9435",Krugersdorp,North West,6749,Publishing rights manager,Zulu,N/A
'PR45380469,Mcebisi,Mantshinga,Male,1972-11-05,52,Temporary Visa,Malawi,55581937,Relative's Visa,2023-01-04,2033-01-01,PER68658,N/A,0.75,sithembisomzulwini@com,(719)386-1936x9649,"6179 Walter Sisulu Isitaladi, Bloemfontein, 7835",eThekwini,Limpopo,8199,"Production assistant, television",Zulu,7
'AS954794,उमा,भट्टाचार्य,Female,1993-10-18,31,Citizen,India,53953830,Asylum Seeker Permit,2023-06-19,2025-06-18,ASP30332,Application Submitted,0.36,gaavddeshyaamlaa@co.in,08495 772080,"24/477 नायर, चिरमिरी 824162",हैदराबाद,Eastern Cape,857116,Seismic interpreter,Hindi,1
'7706088860093,Langalibalele,Mshazi,Male,1977-06-08,48,Citizen,South Africa,65347293,N/A,N/A,N/A,N/A,N/A,0.89,thembekilemntambo@co.za,614.447.7596x44991,"14 Napier Indawo, Rustenburg, 9629",Springs,Mpumalanga,5145,Meteorologist,Zulu,N/A
'5707221233025,Nokulunga,Bukhosini,Female,1957-07-22,68,Citizen,South Africa,49314120,N/A,N/A,N/A,N/A,N/A,0.99,thandekankabinde@africa.com,816-897-5244x445,"76 President Ithafa, Upington, 5487",eGoli,Mpumalanga,6335,Clinical cytogeneticist,Zulu,N/A
'0001181922058,Noxolo,Mjwara,Female,2000-01-18,25,Citizen,South Africa,49388488,N/A,N/A,N/A,N/A,N/A,0.84,nnsele@co.za,(304)556-8797x352,"2017 Thomas Indlela, Middelburg, 6356",Newcastle,KwaZulu-Natal,7323,"Presenter, broadcasting",Zulu,N/A
'8205255421074,Lwandile,Sothole,Male,1982-05-25,43,Citizen,South Africa,40911614,N/A,N/A,N/A,N/A,N/A,0.75,bandile40@africa.com,875-802-1784,"88 Edward Umgwaqo, Bloemfontein, 1355",Potchefstroom,Northern Cape,1447,"Programme researcher, broadcasting/film/video",Zulu,N/A
'5210217675096,Sibusiso,Phoswa,Male,1952-10-21,72,Citizen,South Africa,86446248,N/A,N/A,N/A,N/A,N/A,0.75,thembekile84@africa.com,+1-570-210-7086x262,"44 Cecil Umgwaqo, Potchefstroom, 6666",Mbombela,Northern Cape,6150,Production engineer,Zulu,N/A
'8910242589046,Zinhle,Magoza,Female,1989-10-24,35,Citizen,South Africa,31178596,N/A,N/A,N/A,N/A,N/A,0.89,knyazitla@africa.com,9813846980,"56 High Indlela, Polokwane, 4693",Vanderbijlpark,Gauteng,8240,"Research officer, trade union",Zulu,N/A
'5803270859043,Zinhle,Siyeshe,Female,1958-03-27,67,Citizen,South Africa,22636684,N/A,N/A,N/A,N/A,N/A,0.9,bhekisisagedeza@africa.com,797-697-6587,"6296 Main Isitaladi, Middelburg, 2383",Thohoyandou,Northern Cape,4173,General practice doctor,Zulu,N/A
'PR46517902,Sibongile,Nyathi,Female,1991-03-21,34,Citizen,Lesotho,20004713,Corporate Visa,2024-05-13,2034-05-11,PER32509,N/A,0.79,sibusisiwe98@org,249.402.2805x90632,"90 Stanley Indlela, Newcastle, 5947",Paarl,KwaZulu-Natal,8497,"Psychologist, counselling",Zulu,6
'7810172999037,Londisizwe,Lange,Female,1978-10-17,46,Citizen,South Africa,52058386,N/A,N/A,N/A,N/A,N/A,0.78,thalentemehloluhlaza@africa.com,487.432.8326x0746,"107 George Umgwaqo, Springs, 9123",Soweto,Gauteng,6988,Equality and diversity officer,Zulu,N/A
'AS384066,Zenzele,Mabanga,Male,2002-01-22,23,Citizen,Eswatini,12660591,Asylum Seeker Permit,2024-03-28,2026-03-28,ASP49056,Application Submitted,0.32,thabisiledindi@org,001-303-576-0919,"9151 Nelson Mandela Umgwaqo, Springs, 2444",Stellenbosch,Free State,5103,Clinical embryologist,Zulu,17
'7002204746095,Sihawukele,Boyabenyathi,Female,1970-02-20,55,Citizen,South Africa,62211318,N/A,N/A,N/A,N/A,N/A,0.72,mzukasenomathemba@za.net,(356)659-7968,"763 Jan Smuts Indlela, Upington, 7706",Kathu,Free State,7846,"Biochemist, clinical",Zulu,N/A
'6602145596078,S'fiso,Lembede,Male,1966-02-14,59,Temporary Visa,South Africa,73080783,N/A,N/A,N/A,N/A,N/A,0.72,thalentesibeko@africa.com,(911)377-3589x013,"1869 Commissioner Isitaladi, Welkom, 2662",iKapa,Limpopo,4659,Energy manager,Zulu,N/A
'9307176457001,Njabulo,Malevu,Male,1993-07-17,32,Permanent Resident,South Africa,51351840,N/A,N/A,N/A,N/A,N/A,0.73,mvuyanathandazile@za.net,001-296-947-3985,"41 Gandhi Ithafa, Kathu, 7181",Randfontein,Limpopo,7062,Structural engineer,Zulu,N/A
'5702231892073,Nqobizitha,Chonco,Female,1957-02-23,68,Permanent Resident,South Africa,35257255,N/A,N/A,N/A,N/A,N/A,0.75,lungilendlovu@za.net,859-411-6892x775,"896 George Indlela, Thohoyandou, 9674",Vanderbijlpark,Eastern Cape,6971,Interpreter,Zulu,N/A
'7905239361000,Nhlanhla,Thusi,Male,1979-05-23,46,Citizen,South Africa,22807371,N/A,N/A,N/A,N/A,N/A,0.83,omsindazwe@za.net,+1-707-575-1695x35365,"9089 Churchill Indawo, Soweto, 9750",Bethlehem,Western Cape,9245,"Therapist, drama",Zulu,N/A
'PR42594098,जौहर,टंडन,Male,1975-03-07,50,Citizen,India,60406707,Study Visa,2024-09-11,2034-09-09,PER35616,N/A,0.73,paarvtii78@india.com,03517326865,"7 बुरुाह, देवगढ़-145700",विस्तारण,Limpopo,325248,Musician,Hindi,8
'4505313526004,Thembisile,Mgenge,Female,1945-05-31,80,Citizen,South Africa,68367285,N/A,N/A,N/A,N/A,N/A,0.84,dsibhene@za.net,001-908-756-4198x91392,"2246 Milner Ithafa, George, 8719",Tembisa,KwaZulu-Natal,8377,"Scientist, research (physical sciences)",Zulu,N/A
'6204265928048,Njabulo,Mveni,Male,1962-04-26,63,Citizen,South Africa,23943395,N/A,N/A,N/A,N/A,N/A,0.79,lmbeje@co.za,+1-447-768-4217x83170,"396 Long Indlela, Tembisa, 4954",Centurion,Gauteng,1119,Statistician,Zulu,N/A
'9406240005065,Thandiwe,Bhejelibomvu,Female,1994-06-24,31,Citizen,South Africa,99104146,N/A,N/A,N/A,N/A,N/A,0.78,lwandile76@za.net,+1-259-294-0844x013,"53 Voortrekker Ithafa, Chatsworth, 3272",Bloemfontein,Limpopo,7785,Financial planner,Zulu,N/A
'TV66203,Julie,Plath,Female,1971-04-02,54,Temporary Visa,Germany,435229712,Relative's Visa,2024-03-08,2026-06-10,VIS43814,N/A,0.73,qbecker@de,0891496843,"Budigplatz 3/4, 58836 Guben",Illertissen,Western Cape,20708,Florist,German,10
'6107291322071,Sihawukele,Nsibanyoni,Female,1961-07-29,64,Citizen,South Africa,60780817,N/A,N/A,N/A,N/A,N/A,0.91,njomanebhekisisa@africa.com,555-201-1987,"1695 Adelaide Ithafa, Vereeniging, 6941",Uitenhage,North West,9044,Data processing manager,Zulu,N/A
'TV32397,秀荣,吴,Female,1991-08-06,34,Citizen,China,19409651,Work Visa,2023-12-18,2024-11-21,VIS21000,N/A,0.89,yan12@china.com,15919559539,西藏自治区彬县平山贵阳路m座 833554,建市,Mpumalanga,498979,材料工程师,Mandarin,19
'5610029955057,Langalibalele,Mavela,Male,1956-10-02,69,Permanent Resident,South Africa,21375875,N/A,N/A,N/A,N/A,N/A,0.81,ngcobothembile@africa.com,001-804-540-2310x9537,"12 Oxford Ithafa, Sasolburg, 1737",Paarl,KwaZulu-Natal,5175,Brewing technologist,Zulu,N/A
'TV14718,Nokulunga,Mncwabe,Female,1973-11-07,51,Citizen,Tanzania,65022953,Study Visa,2024-03-26,2026-08-12,VIS72179,N/A,0.72,nyembezilangalibalele@net,001-910-733-2913,"9036 George Indawo, Vereeniging, 6757",Rustenburg,Free State,2947,Automotive engineer,Zulu,6
'TV99472,Nonhlanhla,Khambule,Female,1985-08-12,40,Citizen,Tanzania,46230230,Critical Skills Visa,2023-11-06,2024-07-28,VIS47248,N/A,0.78,bhekani44@net,255-275-2689,"8344 Church Indawo, Musina, 1509",eThekwini,Mpumalanga,6735,Product manager,Zulu,19
'4805166205070,Siyabonga,Cebisa,Male,1948-05-16,77,Temporary Visa,South Africa,66123290,N/A,N/A,N/A,N/A,N/A,0.93,sihawukele10@za.net,(936)861-0224x8397,"88 Queen Umgwaqo, iKapa, 2665",Stellenbosch,Eastern Cape,2172,"Presenter, broadcasting",Zulu,N/A
'7406187587042,Andile,Mvelase,Male,1974-06-18,51,Citizen,South Africa,13715097,N/A,N/A,N/A,N/A,N/A,0.81,mandla12@co.za,(285)411-0285,"96 William Indlela, uMgungundlovu, 7547",Bethlehem,Limpopo,9382,Tax inspector,Zulu,N/A
'7903270734016,Mnqobi,Kunene,Female,1979-03-27,46,Citizen,South Africa,14148272,N/A,N/A,N/A,N/A,N/A,0.99,nncanana@co.za,(954)309-4734,"37 Jan Smuts Isitaladi, Chatsworth, 5973",iKapa,North West,6453,Regulatory affairs officer,Zulu,N/A
'7704247443008,Mandlakhe,Gasa,Male,1977-04-24,48,Citizen,South Africa,25016950,N/A,N/A,N/A,N/A,N/A,0.87,gobabhekizizwe@africa.com,(615)611-5559,"40 Voortrekker Indawo, uMgungundlovu, 6625",Polokwane,Northern Cape,2987,Teaching laboratory technician,Zulu,N/A
'PR32363907,Heidi,Mies,Female,2005-01-04,20,Temporary Visa,Germany,458424725,Retirement Visa,2024-11-02,2034-10-31,PER36333,N/A,0.61,hanns86@germany.com,+49(0)5201552093,"Peukertweg 44, 35259 Zschopau",Biedenkopf,Free State,52878,Polizist,German,11
'8911133402088,Nkazimulo,Mthimkhulu,Female,1989-11-13,35,Citizen,South Africa,29947174,N/A,N/A,N/A,N/A,N/A,0.87,bhekokwakhemakhaza@co.za,+1-789-509-2930,"3663 William Indlela, Krugersdorp, 3071",Krugersdorp,Gauteng,8776,"Accountant, chartered",Zulu,N/A
'6803110508035,Sibusisiwe,Dlabazane,Female,1968-03-11,57,Citizen,South Africa,29032056,N/A,N/A,N/A,N/A,N/A,0.87,qomazithanhlanhla@africa.com,508.287.3927,"9357 Cecil Umgwaqo, Benoni, 2863",Vanderbijlpark,Northern Cape,2226,Learning mentor,Zulu,N/A
'7912209672006,Thabani,Mkhumbuzi,Male,1979-12-20,45,Asylum Seeker,South Africa,50700270,N/A,N/A,N/A,N/A,N/A,0.84,dumisilephetha@africa.com,001-592-844-9052x10209,"1664 York Ithafa, Springs, 8489",Krugersdorp,Northern Cape,1731,Osteopath,Zulu,N/A
'PR16507065,Nomasonto,Thumbela,Female,2000-11-07,24,Citizen,Tanzania,46909953,Study Visa,2025-02-22,2035-02-20,PER34698,N/A,0.93,hmdunge@com,(644)709-6658x9507,"1988 Rivonia Indlela, Bethlehem, 9935",George,Northern Cape,6449,Insurance broker,Zulu,5
'5904151184054,Nozibusiso,Nkwakha,Female,1959-04-15,66,Citizen,South Africa,94592508,N/A,N/A,N/A,N/A,N/A,0.97,sandilesothole@africa.com,(517)539-1262,"188 Churchill Indawo, Thohoyandou, 9740",Krugersdorp,Northern Cape,1362,"Production assistant, television",Zulu,N/A
'AS368071,Alain,Guillon,Male,1993-09-27,32,Citizen,France,245181057,Asylum Seeker Permit,2024-03-30,2026-03-30,ASP49970,Refugee Status Granted,0.59,paulineda-silva@fr,0664721503,"41, chemin Ramos, 09698 Guyot",Giraudnec,Northern Cape,60543,agent arboricole,French,17
'7006276819083,Zenzele,Mzolo,Male,1970-06-27,55,Citizen,South Africa,33470369,N/A,N/A,N/A,N/A,N/A,0.98,esameya@co.za,912.310.6377,"682 West Indawo, eThekwini, 1620",iBhayi,Mpumalanga,9075,Surgeon,Zulu,N/A
'7404274633017,Nomagugu,Mawewe,Female,1974-04-27,51,Citizen,South Africa,32232652,N/A,N/A,N/A,N/A,N/A,0.76,hlongwanomathemba@africa.com,2852398776,"1393 Edward Ithafa, Centurion, 1045",Centurion,Gauteng,6504,Database administrator,Zulu,N/A
'7408066506022,Luyanda,Sigegede,Male,1974-08-06,51,Citizen,South Africa,48932025,N/A,N/A,N/A,N/A,N/A,0.86,magonondemlungisi@co.za,+1-480-559-1545x8631,"6069 Milner Indawo, iKapa, 7647",Rustenburg,KwaZulu-Natal,9877,Risk analyst,Zulu,N/A
'5604115752030,Musa,Mayisela,Male,1956-04-11,69,Citizen,South Africa,48400110,N/A,N/A,N/A,N/A,N/A,0.95,zgabela@za.net,4424817374,"643 Nelson Mandela Umgwaqo, Sasolburg, 1366",Tembisa,Gauteng,3227,Financial risk analyst,Zulu,N/A
'9901145039091,Mcebisi,Nodlomo,Male,1999-01-14,26,Citizen,South Africa,84932619,N/A,N/A,N/A,N/A,N/A,0.87,fdlabane@co.za,5306970336,"532 Frere Isitaladi, Tembisa, 2772",eGoli,Eastern Cape,9144,"Surveyor, land/geomatics",Zulu,N/A
'4002083156061,Thabisa,Jamile,Female,1940-02-08,85,Citizen,South Africa,45745665,N/A,N/A,N/A,N/A,N/A,0.8,minenhle51@za.net,224.611.1522,"98 Napier Indlela, Upington, 4780",Benoni,Eastern Cape,3168,Theatre stage manager,Zulu,N/A
'4007114664002,Bhekizizwe,Mantshinga,Female,1940-07-11,85,Citizen,South Africa,67124217,N/A,N/A,N/A,N/A,N/A,0.72,vnonyana@co.za,499-708-2859x3568,"1328 Walter Sisulu Indlela, Polokwane, 1412",Paarl,Northern Cape,5481,Haematologist,Zulu,N/A
'6803233565037,Thuthukile,Gcwabe,Female,1968-03-23,57,Permanent Resident,South Africa,93304236,N/A,N/A,N/A,N/A,N/A,0.96,thabisilegcaba@co.za,(413)209-7339,"8526 William Isitaladi, Upington, 4112",Kimberley,Limpopo,7334,"Scientist, water quality",Zulu,N/A
'9601048526014,Mcebisi,Sibindi,Male,1996-01-04,29,Citizen,South Africa,44096375,N/A,N/A,N/A,N/A,N/A,0.82,thembekile33@africa.com,(718)480-9788x06522,"609 Thomas Ithafa, iBhayi, 6086",eThekwini,North West,6052,Nutritional therapist,Zulu,N/A
'7708127500021,Mthokozisi,Dlamdaka,Male,1977-08-12,48,Citizen,South Africa,53002378,N/A,N/A,N/A,N/A,N/A,0.9,ngubanemzamo@africa.com,+1-934-964-3966x27568,"8856 Stanley Indlela, Welkom, 2049",eGoli,Free State,3715,"Engineer, aeronautical",Zulu,N/A
'5703190520089,Gugulethu,Nala,Female,1957-03-19,68,Citizen,South Africa,71089497,N/A,N/A,N/A,N/A,N/A,0.81,mzolobhekizizwe@za.net,608.903.7125,"3845 Grey Umgwaqo, Mahikeng, 1508",Chatsworth,Free State,3325,Games developer,Zulu,N/A
'5802113909050,Sihawukele,Gobhozi,Female,1958-02-11,67,Citizen,South Africa,17139594,N/A,N/A,N/A,N/A,N/A,0.86,mmaduma@africa.com,554.285.9201,"9628 Voortrekker Ithafa, Rustenburg, 2740",Soweto,Limpopo,4278,Therapeutic radiographer,Zulu,N/A
'TV60510,Musa,Ximba,Male,2004-05-20,21,Citizen,Zambia,59281049,Relative's Visa,2023-07-12,2024-05-30,VIS63200,N/A,0.72,mandlakhe26@com,935-403-5547x90362,"10 Queen Indlela, Welkom, 9861",Krugersdorp,Gauteng,9379,"Engineer, aeronautical",Zulu,3
'8103080651089,Nkazimulo,Ndlangamandla,Female,1981-03-08,44,Citizen,South Africa,65810289,N/A,N/A,N/A,N/A,N/A,0.96,madlandunagugulethu@za.net,800-958-3927,"592 Rivonia Indlela, Centurion, 6418",Mahikeng,Northern Cape,1699,Production engineer,Zulu,N/A
'4611128888047,Thabani,Sithole,Male,1946-11-12,78,Permanent Resident,South Africa,73021062,N/A,N/A,N/A,N/A,N/A,0.74,nomusamathwasa@africa.com,817-984-0225,"985 Stanley Indlela, Soweto, 9081",Bethlehem,Free State,9551,Sports development officer,Zulu,N/A
'TV69003,Thabani,Nkala,Male,1978-06-20,47,Citizen,Lesotho,73463750,Corporate Visa,2025-04-11,2027-05-29,VIS87930,N/A,0.67,zibuyile83@com,271-841-9348x486,"22 Thomas Indawo, Benoni, 6802",Welkom,Mpumalanga,7253,Volunteer coordinator,Zulu,12
'TV78128,Isaac,Joly,Male,1998-11-27,26,Citizen,France,736227322,Retirement Visa,2025-06-19,2026-12-11,VIS36519,N/A,0.81,margueritegauthier@fr,02 32 57 02 98,"48, rue Marion, 24633 Sainte Corinne",Rodriguez,Western Cape,25387,technicien de maintenance en génie climatique,French,17
'PR38255775,Thabisile,Sengwayo,Female,1971-09-25,54,Permanent Resident,Eswatini,77065858,Relative's Visa,2023-02-15,2033-02-12,PER90271,N/A,0.8,nhlapholungile@net,(482)370-2013,"2576 York Indawo, Middelburg, 2471",Newcastle,Northern Cape,9258,Higher education lecturer,Zulu,11
'6604066368072,Mzamo,Mngoma,Male,1966-04-06,59,Temporary Visa,South Africa,89730324,N/A,N/A,N/A,N/A,N/A,0.99,thabisile90@africa.com,265-660-2614,"921 Short Ithafa, Rustenburg, 9994",eThekwini,Limpopo,6811,Economist,Zulu,N/A
'5008200200042,Nozibusiso,Gazu,Female,1950-08-20,75,Citizen,South Africa,49830787,N/A,N/A,N/A,N/A,N/A,0.72,galulangalibalele@africa.com,+1-600-452-0424x428,"9319 Nelson Mandela Indlela, Klerksdorp, 8165",Centurion,North West,7983,Learning disability nurse,Zulu,N/A
'5010122393022,Simphiwe,Shelembe,Female,1950-10-12,74,Temporary Visa,South Africa,79213070,N/A,N/A,N/A,N/A,N/A,0.78,shabangumandlakhe@africa.com,837-970-7534x9873,"362 Adelaide Umgwaqo, Welkom, 4875",Bloemfontein,Eastern Cape,3649,Farm manager,Zulu,N/A
'5111299400041,Bhekani,Doncabe,Male,1951-11-29,73,Citizen,South Africa,39620518,N/A,N/A,N/A,N/A,N/A,0.77,znhleko@co.za,001-896-347-3999x648,"31 Gandhi Ithafa, Sasolburg, 9809",eThekwini,Gauteng,2611,"Designer, exhibition/display",Zulu,N/A
'PR50790136,Lungile,Nyokayebululu,Male,1986-02-27,39,Permanent Resident,Malawi,32483754,Business Visa,2023-12-06,2033-12-03,PER17492,N/A,0.85,hnhlabathi@org,319-436-8067x0819,"5752 Paul Kruger Indlela, Vanderbijlpark, 3967",Klerksdorp,Mpumalanga,9425,Colour technologist,Zulu,9
'7311271454082,Bhekizizwe,Mshiyane,Female,1973-11-27,51,Permanent Resident,South Africa,71062538,N/A,N/A,N/A,N/A,N/A,0.78,dlamdakasibusisiwe@africa.com,791-218-0456,"531 Elizabeth Ithafa, Polokwane, 9961",eThekwini,Western Cape,3885,Lobbyist,Zulu,N/A
'PR53596787,Sibongile,Mthabela,Female,1979-11-13,45,Citizen,Nigeria,N2314325,Study Visa,2024-09-27,2034-09-25,PER91179,N/A,0.76,thumbezaolwethu@com.ng,645.794.9983,"547 President Umgwaqo, Kimberley, 5188",Musina,Free State,6780,Dietitian,Zulu,1
'7902164064042,Sithembiso,Mcambe,Female,1979-02-16,46,Citizen,South Africa,39865126,N/A,N/A,N/A,N/A,N/A,0.97,ndumiso74@africa.com,+1-292-696-2058x834,"1968 West Ithafa, Vereeniging, 5477",Chatsworth,Mpumalanga,7845,Multimedia programmer,Zulu,N/A
'5105171800004,Olwethu,Hlongwane,Female,1951-05-17,74,Citizen,South Africa,38079933,N/A,N/A,N/A,N/A,N/A,0.98,imalambule@co.za,+1-830-868-5252x53916,"9446 Queen Indawo, Soweto, 2279",Benoni,Mpumalanga,5381,Aid worker,Zulu,N/A
'0312150623087,Siphesihle,Nkwaliyenkosi,Female,2003-12-15,21,Citizen,South Africa,38241747,N/A,N/A,N/A,N/A,N/A,0.89,nothando90@co.za,(454)216-9449,"8471 Main Ithafa, uMgungundlovu, 4288",Witbank,Northern Cape,9754,"Teacher, special educational needs",Zulu,N/A
'4607318655028,Mthokozisi,Mdaka,Male,1946-07-31,79,Citizen,South Africa,54617498,N/A,N/A,N/A,N/A,N/A,0.88,tnjinji@za.net,931-722-2581x85845,"6386 Frere Ithafa, Krugersdorp, 2747",eGoli,Eastern Cape,2309,Press sub,Zulu,N/A
'7506308794005,Mandla,Mnqamu,Male,1975-06-30,50,Permanent Resident,South Africa,54472440,N/A,N/A,N/A,N/A,N/A,0.73,mngwengwenobantu@co.za,2779643698,"560 Joseph Isitaladi, Upington, 2598",Boksburg,North West,4900,Planning and development surveyor,Zulu,N/A
'6104153970030,Bhekisisa,Somboni,Female,1961-04-15,64,Citizen,South Africa,25691349,N/A,N/A,N/A,N/A,N/A,0.87,zenzilesotobe@co.za,+1-265-884-7976x0783,"460 Milner Umgwaqo, Bethlehem, 7449",Chatsworth,North West,9339,"Engineer, electrical",Zulu,N/A
'PR26310882,Mlungisi,Mthiyane,Male,1987-05-05,38,Citizen,Lesotho,89471802,Work Visa,2022-12-02,2032-11-29,PER56009,N/A,0.71,ekhawula@com,984-389-4454x738,"872 George Umgwaqo, Mahikeng, 6218",Uitenhage,Western Cape,1693,Merchant navy officer,Zulu,5
'9604262520049,Thembeka,Dlodlo,Female,1996-04-26,29,Permanent Resident,South Africa,10913061,N/A,N/A,N/A,N/A,N/A,0.82,bhekisisahhoyiyane@za.net,620-423-6014x0991,"101 Church Isitaladi, Tembisa, 6411",Witbank,Gauteng,8594,"Scientist, product/process development",Zulu,N/A
'TV96923,René,Pichon,Male,1989-08-22,36,Citizen,United States,801604696,Relative's Visa,2024-02-28,2025-03-05,VIS73873,N/A,0.57,sylviemahe@us.com,05 40 81 64 78,"chemin de Chauvet, 49552 Ramos",Texier,Limpopo,50412,ingénieur recherche et développement (R&amp;D) en agroéquipement,French,12
'TV26614,Zenzele,Dwala,Male,2000-10-24,24,Asylum Seeker,Ghana,G4217397,Retirement Visa,2025-01-22,2026-04-15,VIS13865,N/A,0.66,thabisile19@com.gh,+1-285-598-0762x55842,"138 Long Isitaladi, iKapa, 3267",iKapa,KwaZulu-Natal,1678,"Runner, broadcasting/film/video",Zulu,15
'PR71137197,Thembile,Guliwe,Female,1996-09-02,29,Citizen,Botswana,BO990730,Work Visa,2024-07-19,2034-07-17,PER10243,N/A,0.68,thalente06@net,(608)468-7658,"54 Milner Indawo, Randfontein, 9517",uMgungundlovu,Eastern Cape,8031,Industrial buyer,Zulu,11
'AS137923,Owethu,Nzamela,Female,1974-01-05,51,Citizen,Ethiopia,86217399,Asylum Seeker Permit,2025-06-20,2027-06-20,ASP58453,Application Submitted,0.4,zndandali@org,245-511-5706x3213,"911 Jan Smuts Indawo, Vereeniging, 1469",Kathu,Limpopo,8206,Metallurgist,Zulu,13
'5908226769088,Sibonelo,Hlongwane,Male,1959-08-22,66,Citizen,South Africa,54577535,N/A,N/A,N/A,N/A,N/A,0.7,shadebe@co.za,(438)862-3863x3994,"587 Victoria Isitaladi, iBhayi, 7823",Benoni,Eastern Cape,8933,Financial manager,Zulu,N/A
'4311086147079,Thabani,Mbongwa,Male,1943-11-08,81,Citizen,South Africa,95308501,N/A,N/A,N/A,N/A,N/A,0.97,mabuyakhuluthuthukile@co.za,+1-307-574-3739x7208,"79 Milner Ithafa, Rustenburg, 4312",Polokwane,North West,5630,Chief Technology Officer,Zulu,N/A
'6401014763080,Nonhlanhla,Dlodlo,Female,1964-01-01,61,Citizen,South Africa,65850500,N/A,N/A,N/A,N/A,N/A,0.79,nobuhlempangazitha@africa.com,295.591.4703,"2393 Frere Umgwaqo, Rustenburg, 6173",Newcastle,Free State,9990,Teaching laboratory technician,Zulu,N/A
'7706091711026,Thembile,Mondise,Female,1977-06-09,48,Citizen,South Africa,57433990,N/A,N/A,N/A,N/A,N/A,0.88,thembisilemashiya@za.net,955-904-1002,"2722 Frere Indawo, uMgungundlovu, 3859",Klerksdorp,Western Cape,3447,Firefighter,Zulu,N/A
'4002045310074,Thabani,Hlongwane,Male,1940-02-04,85,Temporary Visa,South Africa,50763263,N/A,N/A,N/A,N/A,N/A,0.78,wsongiya@co.za,214.674.2988x1093,"363 King Indlela, eGoli, 4547",Krugersdorp,Western Cape,2108,"Restaurant manager, fast food",Zulu,N/A
'6309213279060,Bhekisisa,Bhovungana,Female,1963-09-21,62,Citizen,South Africa,21812046,N/A,N/A,N/A,N/A,N/A,0.96,shazinhlanhla@co.za,923.944.2283x036,"422 Charles Indlela, Kimberley, 1022",Sasolburg,Free State,4824,Leisure centre manager,Zulu,N/A
'AS703599,Zenzele,Majola,Male,1972-02-28,53,Citizen,Zimbabwe,ZI871718,Asylum Seeker Permit,2025-06-23,2027-06-23,ASP38294,Interview Scheduled,0.33,zenzilephewa@co.zw,567.716.3818x63505,"3728 Somerset Ithafa, eGoli, 8766",Musina,North West,4702,Counselling psychologist,Zulu,16
'PR94776426,Christiane,Leblanc,Female,1970-03-09,55,Permanent Resident,Democratic Republic of Congo,86785823,Business Visa,2023-05-28,2033-05-25,PER28286,N/A,0.94,margaux40@com,+33 5 64 48 70 77,"13, chemin Éric Thomas, 89274 LouisVille",Sainte Catherine,KwaZulu-Natal,86634,urbaniste,French,6
'7207311339014,Gugulethu,Ngobisi,Female,1972-07-31,53,Permanent Resident,South Africa,80906188,N/A,N/A,N/A,N/A,N/A,0.82,gugufenya@co.za,8579509519,"63 Prince Indlela, Chatsworth, 9181",Middelburg,North West,1540,Legal executive,Zulu,N/A
'5207287125049,Mcebisi,Maphumulo,Male,1952-07-28,73,Citizen,South Africa,32788434,N/A,N/A,N/A,N/A,N/A,0.95,nonjabulosameya@co.za,+1-259-250-5968x9747,"185 Elizabeth Isitaladi, Soweto, 2750",Kathu,Free State,2982,"Administrator, local government",Zulu,N/A
'AS821087,Musa,Dubazane,Male,2005-02-13,20,Permanent Resident,Eswatini,18943947,Asylum Seeker Permit,2023-12-16,2025-12-15,ASP71631,Rejected,0.47,qnduli@net,+1-641-757-9230,"352 George Indawo, Chatsworth, 8627",Vanderbijlpark,Gauteng,5515,"Surveyor, minerals",Zulu,17
'PR89781368,Minenhle,Sikobi,Male,2003-01-16,22,Citizen,Eswatini,14726532,Business Visa,2025-08-13,2035-08-11,PER85550,N/A,0.64,nokulungabinda@com,(617)806-9025x08141,"66 Short Indlela, Chatsworth, 8993",Stellenbosch,North West,8613,Broadcast journalist,Zulu,12
'6904163562058,Thandazile,Songiya,Female,1969-04-16,56,Citizen,South Africa,83602989,N/A,N/A,N/A,N/A,N/A,0.7,silondile93@co.za,(788)604-3553x7524,"12 Oxford Umgwaqo, Polokwane, 2999",Uitenhage,KwaZulu-Natal,9373,Charity officer,Zulu,N/A
'8411234286060,Busisiwe,Ngubeni,Female,1984-11-23,40,Citizen,South Africa,89249096,N/A,N/A,N/A,N/A,N/A,0.81,mncwabesiyabonga@africa.com,668.407.4484x326,"4049 Churchill Indawo, Mbombela, 4056",eThekwini,Gauteng,5411,Immigration officer,Zulu,N/A
'4712089057000,Mlungisi,Ndabansele,Male,1947-12-08,77,Citizen,South Africa,30596694,N/A,N/A,N/A,N/A,N/A,0.95,thalententanzi@za.net,(369)393-4767x72028,"83 George Indlela, iKapa, 9892",eGoli,Mpumalanga,8669,Insurance account manager,Zulu,N/A
'8507027182018,Luyanda,Msibi,Male,1985-07-02,40,Citizen,South Africa,18655209,N/A,N/A,N/A,N/A,N/A,0.83,lbikwayo@za.net,(655)440-6694x10428,"20 President Indlela, Polokwane, 6114",Chatsworth,Mpumalanga,2500,"Radiographer, therapeutic",Zulu,N/A
'TV16982,Rodrigo,Moura,Male,1970-02-05,55,Citizen,Mozambique,MO223855,Corporate Visa,2023-04-13,2025-07-21,VIS90185,N/A,0.87,qesteves@co.mz,960 812 865,"Av de Maia, 58, 5267-528 Chaves",Beja,Eastern Cape,5831-595,"Técnicos de galerias, bibliotecas, arquivos e museus",Portuguese,3
'4311080996053,Gugulethu,Makhunga,Female,1943-11-08,81,Citizen,South Africa,58211468,N/A,N/A,N/A,N/A,N/A,0.94,sgcumisa@co.za,(781)924-5445,"347 Prince Ithafa, Klerksdorp, 8270",Klerksdorp,North West,2982,Visual merchandiser,Zulu,N/A
'AS482855,Thembisile,Xaba,Female,1998-05-19,27,Citizen,Botswana,BO160312,Asylum Seeker Permit,2023-05-20,2025-05-19,ASP14813,Appeal Pending,0.37,thandiwemathunjwa@org,001-861-402-6294,"615 Prince Ithafa, Tembisa, 3082",iKapa,Limpopo,6008,Interpreter,Zulu,20
'TV65078,Francisco,Cunha,Male,2000-12-03,24,Citizen,Mozambique,MO219446,Retirement Visa,2023-04-21,2024-11-15,VIS66073,N/A,0.74,mourasantiago@mozambique.com,+351926349241,"R. Paulo Esteves, 9, 2999-473 Vila do Conde",Leiria,North West,1603-604,Enfermeiro de cuidados gerais,Portuguese,19
'PR24939555,Nomalanga,Ngwekazi,Female,1995-12-14,29,Citizen,Somalia,30623195,Business Visa,2023-07-08,2033-07-05,PER86747,N/A,0.69,ngcamanebhekani@com,847-343-8599,"971 Napier Isitaladi, Polokwane, 1437",Mahikeng,Limpopo,2301,Wellsite geologist,Zulu,15
'PR92348741,Luís,Pinho,Male,1975-02-21,50,Citizen,Mozambique,MO373684,Business Visa,2023-10-19,2033-10-16,PER27140,N/A,0.71,valentimassuncao@mozambique.com,+351963409865,"Avenida Escuro, 540, 9490-273 Viseu",Albufeira,Limpopo,2843-650,Técnico de operação de instalações de refinação de petróleo e gás natural,Portuguese,15
'6406285172089,Langalibalele,Dukada,Male,1964-06-28,61,Citizen,South Africa,97576703,N/A,N/A,N/A,N/A,N/A,0.9,rmakhulukhulu@za.net,(678)939-8895x91354,"6834 Stanley Indawo, Centurion, 5434",eThekwini,North West,7644,Facilities manager,Zulu,N/A
'PR39984338,秀荣,李,Female,1982-06-16,43,Citizen,China,13567451,Critical Skills Visa,2023-02-16,2033-02-13,PER99628,N/A,0.79,dufang@china.com,15523283791,四川省磊县涪城高路N座 391265,俊县,Eastern Cape,333809,经纪人/星探,Mandarin,20
'4703245615061,Langalibalele,Mthanti,Male,1947-03-24,78,Citizen,South Africa,12282025,N/A,N/A,N/A,N/A,N/A,0.88,sigegedenomalanga@co.za,(509)278-9693x645,"66 President Ithafa, Rustenburg, 1658",eThekwini,KwaZulu-Natal,5977,Mental health nurse,Zulu,N/A
'8909090422012,Thabisile,Manana,Female,1989-09-09,36,Citizen,South Africa,16745593,N/A,N/A,N/A,N/A,N/A,0.89,thuthukile92@co.za,+1-534-677-9803x5105,"941 Cecil Indlela, Klerksdorp, 3986",Tembisa,North West,5402,"Designer, interior/spatial",Zulu,N/A
'AS242718,志强,周,Male,1996-08-17,29,Citizen,China,73726433,Asylum Seeker Permit,2024-05-12,2026-05-12,ASP47167,Appeal Pending,0.37,lduan@china.com,14572910323,宁夏回族自治区平市长寿荆门路V座 932533,关岭市,Mpumalanga,374713,物料经理,Mandarin,4
'PR26755458,S'fiso,Jibela,Male,1983-09-01,42,Permanent Resident,Eswatini,10866134,Relative's Visa,2024-10-14,2034-10-12,PER72541,N/A,0.89,dumisanimhlambo@com,+1-256-785-9323x1627,"469 King Umgwaqo, Stellenbosch, 8074",Krugersdorp,Eastern Cape,7088,Dancer,Zulu,16
'7404060944075,Nomathalente,Magoza,Female,1974-04-06,51,Citizen,South Africa,43033255,N/A,N/A,N/A,N/A,N/A,0.87,khumbuzajabulani@africa.com,673.470.1652,"410 Edward Indlela, Benoni, 5868",Rustenburg,Eastern Cape,9442,Social researcher,Zulu,N/A
'AS398905,Nomusa,Bantwini,Female,1972-12-19,52,Citizen,Nigeria,N8373611,Asylum Seeker Permit,2024-08-29,2026-08-29,ASP97767,Appeal Pending,0.46,mcanyanaolwethu@nigeria.com,(870)743-9039x64924,"2919 Cecil Indawo, Chatsworth, 2779",Krugersdorp,North West,6109,Ship broker,Zulu,13
'6402298664033,Bandile,Mlambo,Male,1964-02-29,61,Citizen,South Africa,75003222,N/A,N/A,N/A,N/A,N/A,0.96,bhekokwakhemathunjwa@za.net,9376560323,"5574 Smith Indawo, Sasolburg, 9232",Thohoyandou,Limpopo,1521,"Administrator, arts",Zulu,N/A
'8109215486038,Luyanda,Nzama,Male,1981-09-21,44,Citizen,South Africa,74947399,N/A,N/A,N/A,N/A,N/A,0.74,maphumulomnqobi@za.net,978.395.0752,"260 Thomas Ithafa, Middelburg, 8819",eGoli,Gauteng,1860,Call centre manager,Zulu,N/A
'6201030881074,Thalente,Nyambose,Female,1962-01-03,63,Citizen,South Africa,24044473,N/A,N/A,N/A,N/A,N/A,0.9,dimbanisithembiso@africa.com,+1-849-678-3041x689,"922 William Ithafa, Vereeniging, 4817",Musina,Limpopo,8059,Dentist,Zulu,N/A
'TV74067,强,赵,Male,2002-10-30,22,Citizen,China,63564683,Retirement Visa,2024-10-30,2026-10-12,VIS39663,N/A,0.59,yangna@china.com,13374226708,广东省柳县淄川上海路S座 320740,莹市,Northern Cape,543068,涂料研发工程师,Mandarin,11
'4202108853067,Mandlakhe,Dingila,Male,1942-02-10,83,Asylum Seeker,South Africa,67539068,N/A,N/A,N/A,N/A,N/A,0.96,simphiwemantshinga@africa.com,789-959-2268x4602,"256 Charles Ithafa, Centurion, 8340",Soweto,Mpumalanga,5224,"Editor, commissioning",Zulu,N/A
'9102246174096,Andile,Mbembe,Male,1991-02-24,34,Asylum Seeker,South Africa,28436971,N/A,N/A,N/A,N/A,N/A,0.81,ntulizakhele@za.net,992.776.1403x4761,"748 Charles Indawo, Centurion, 1817",Randfontein,KwaZulu-Natal,8207,Lobbyist,Zulu,N/A
'9101126392094,Andile,Njiki,Male,1991-01-12,34,Citizen,South Africa,81130080,N/A,N/A,N/A,N/A,N/A,0.79,vmchunu@co.za,+1-747-791-9718x6575,"605 Nelson Mandela Indawo, Kathu, 8871",Klerksdorp,North West,5736,"Designer, graphic",Zulu,N/A
'PR78626730,Kirstin,Kramer,Female,1979-09-09,46,Citizen,Germany,907549246,Business Visa,2023-03-05,2033-03-02,PER74551,N/A,0.82,umentzel@de,+49(0)4322280242,"Ruppersbergerweg 97/92, 10031 Tübingen",Rastatt,Western Cape,29892,Designer,German,3
'7305316541063,Mlungisi,Magolwana,Male,1973-05-31,52,Citizen,South Africa,55885223,N/A,N/A,N/A,N/A,N/A,0.8,zvangisa@za.net,(300)535-5307x6680,"7463 Frere Indawo, iKapa, 8476",Sasolburg,Western Cape,6337,Public librarian,Zulu,N/A
'8609293097024,Nokulunga,Lembede,Female,1986-09-29,39,Citizen,South Africa,37955877,N/A,N/A,N/A,N/A,N/A,0.78,nomathalentembungela@africa.com,857-589-5427x641,"35 Long Indawo, Upington, 9616",Upington,Mpumalanga,5313,Exercise physiologist,Zulu,N/A
'5811121408006,Zakhele,Dinabantu,Female,1958-11-12,66,Citizen,South Africa,94316792,N/A,N/A,N/A,N/A,N/A,0.79,siyabongamthiyane@africa.com,(443)918-6165x80866,"24 Nelson Mandela Ithafa, Chatsworth, 2548",Mbombela,Eastern Cape,8359,Intelligence analyst,Zulu,N/A
'8104090371059,Nomathemba,Sikwayo,Female,1981-04-09,44,Citizen,South Africa,22282835,N/A,N/A,N/A,N/A,N/A,0.87,maphumulomthokozisi@co.za,001-815-948-1680,"7346 President Indawo, Paarl, 9558",uMgungundlovu,Gauteng,3005,Intelligence analyst,Zulu,N/A
'TV43559,Thandazile,Dinabantu,Female,1983-11-14,41,Citizen,Eswatini,13309903,Critical Skills Visa,2025-01-08,2027-03-28,VIS23646,N/A,0.82,nomathembamthimkhulu@org,+1-262-615-4932,"230 George Indlela, Chatsworth, 5621",Kathu,Gauteng,8443,Therapeutic radiographer,Zulu,13
'8801295911066,Siyabonga,Myeni,Male,1988-01-29,37,Citizen,South Africa,89840377,N/A,N/A,N/A,N/A,N/A,0.87,thembeka29@co.za,428-398-2682,"5035 Clarence Ithafa, eThekwini, 3309",Upington,Limpopo,1677,Special effects artist,Zulu,N/A
'TV58892,Siphesihle,Mhlanga,Female,2003-11-26,21,Citizen,Tanzania,78096204,Study Visa,2025-07-17,2028-01-17,VIS34628,N/A,0.67,thabisilemavundla@net,001-855-841-0245x353,"51 Adelaide Ithafa, Klerksdorp, 4326",Musina,North West,2628,"Engineer, materials",Zulu,19
'TV99906,Daniel,Traore,Male,1988-08-24,37,Permanent Resident,Democratic Republic of Congo,91141461,Retirement Visa,2025-01-02,2026-12-25,VIS36417,N/A,0.85,gonzalezdavid@com,+33 (0)4 92 54 00 95,"74, rue Fleury, 08602 Cousin",BernardVille,KwaZulu-Natal,06418,démographe,French,4
'8401105918066,Mcebisi,Memela,Male,1984-01-10,41,Citizen,South Africa,91440576,N/A,N/A,N/A,N/A,N/A,0.78,wasendlunkulunomathemba@africa.com,001-508-918-9004x007,"92 Paul Kruger Indawo, Tembisa, 7964",Witbank,Northern Cape,8839,"Journalist, magazine",Zulu,N/A
'7103094574004,Silondile,Shabalala,Female,1971-03-09,54,Citizen,South Africa,20018273,N/A,N/A,N/A,N/A,N/A,0.76,minenhlesangwani@za.net,610.453.9870x63672,"51 Cecil Ithafa, Kathu, 4915",Randfontein,Western Cape,4549,Immigration officer,Zulu,N/A
'AS556345,Fredy,Bien,Male,1978-06-30,47,Permanent Resident,Germany,232217517,Asylum Seeker Permit,2024-01-04,2026-01-03,ASP70756,Appeal Pending,0.37,julian04@de,+49 (0) 2642 932472,"Johannstr. 55/30, 60673 Garmisch-Partenkirchen",Nauen,Limpopo,64670,Medizininformatiker,German,9
'6604282417056,Noxolo,Madiba,Female,1966-04-28,59,Citizen,South Africa,30018078,N/A,N/A,N/A,N/A,N/A,0.81,jmntambo@za.net,+1-820-726-7730x73144,"665 Long Indawo, Vanderbijlpark, 1809",Klerksdorp,Limpopo,4039,Chief Executive Officer,Zulu,N/A
'7603272926058,Nokulunga,Mlotshwa,Female,1976-03-27,49,Citizen,South Africa,73775147,N/A,N/A,N/A,N/A,N/A,0.89,mmayeza@za.net,+1-373-550-8105x0774,"756 Cecil Isitaladi, Welkom, 4343",Newcastle,North West,4744,Counsellor,Zulu,N/A
'6611240157009,Thembile,Mavela,Female,1966-11-24,58,Citizen,South Africa,23411454,N/A,N/A,N/A,N/A,N/A,0.9,zibuyile76@co.za,264-416-0018x79383,"396 Oxford Ithafa, Newcastle, 8644",Vanderbijlpark,Mpumalanga,1917,Exercise physiologist,Zulu,N/A
'7409146157014,Mandlakhe,Dlebenkomo,Male,1974-09-14,51,Temporary Visa,South Africa,45426469,N/A,N/A,N/A,N/A,N/A,0.77,ndumisomntungwa@co.za,001-761-554-8945,"1292 Church Umgwaqo, iBhayi, 6894",Mbombela,North West,2810,Furniture designer,Zulu,N/A
'0005295877010,Njabulo,Nontanda,Male,2000-05-29,25,Permanent Resident,South Africa,10191372,N/A,N/A,N/A,N/A,N/A,0.91,gugu20@za.net,+1-849-370-7268,"414 William Umgwaqo, Randfontein, 8959",Klerksdorp,Western Cape,2711,Operations geologist,Zulu,N/A
'TV76261,Nomusa,Mlambo,Female,1979-04-27,46,Citizen,Somalia,78934572,Retirement Visa,2023-02-17,2025-12-13,VIS18488,N/A,0.77,sfisongcobo@net,204.701.1830x380,"20 Edward Umgwaqo, Welkom, 7802",Upington,Gauteng,3954,Newspaper journalist,Zulu,14
'6310067852054,Mlungisi,Nala,Male,1963-10-06,62,Citizen,South Africa,15328250,N/A,N/A,N/A,N/A,N/A,0.74,nkwakhazenzele@africa.com,001-308-209-1988,"26 Jan Smuts Umgwaqo, Upington, 6702",Potchefstroom,Western Cape,3826,Legal executive,Zulu,N/A
'PR12875443,मधुर,तमांग,Female,2000-02-15,25,Citizen,India,68747077,Relative's Visa,2024-06-21,2034-06-19,PER39258,N/A,0.93,sriinpuurnnimaa@co.in,+91 825 2650714,"5/5 अदिती चवन, भद्रक 638304",अनन्तपुर,Limpopo,744303,"Exhibitions officer, museum/gallery",Hindi,3
'6509187272038,Langalibalele,Nene,Male,1965-09-18,60,Permanent Resident,South Africa,43910187,N/A,N/A,N/A,N/A,N/A,0.85,thalentekhwela@africa.com,001-478-405-0032x6368,"72 Frere Umgwaqo, Potchefstroom, 4827",Musina,North West,1657,Web designer,Zulu,N/A
'7801027161058,Zenzele,Mkhumbuzi,Male,1978-01-02,47,Citizen,South Africa,10391609,N/A,N/A,N/A,N/A,N/A,0.96,mbuyazimzamo@za.net,508.610.9086x74489,"3831 Paul Kruger Indlela, Welkom, 1462",Krugersdorp,Gauteng,2743,Biomedical engineer,Zulu,N/A
'8611203961012,Thembile,Cibane,Female,1986-11-20,38,Permanent Resident,South Africa,16324896,N/A,N/A,N/A,N/A,N/A,0.93,thembile11@za.net,924.886.7425x693,"203 Short Indawo, Springs, 6689",Centurion,KwaZulu-Natal,6304,"Teacher, English as a foreign language",Zulu,N/A
'PR83017456,Laurence,Boulay,Female,1978-07-23,47,Citizen,Democratic Republic of Congo,73974195,Corporate Visa,2025-02-20,2035-02-18,PER68510,N/A,0.89,kgeorges@com,+33 1 45 46 95 12,"54, chemin Louise Hervé, 12812 Guilletboeuf",Duhamel,Northern Cape,76208,ingénieur de la police technique et scientifique,French,7
'0110042336056,Thembekile,Bantwini,Female,2001-10-04,24,Citizen,South Africa,80845067,N/A,N/A,N/A,N/A,N/A,0.85,ggoba@africa.com,+1-717-700-2938x438,"3132 James Isitaladi, Centurion, 7788",Boksburg,KwaZulu-Natal,9218,Waste management officer,Zulu,N/A
'7009257779039,Thabani,Shabalala,Male,1970-09-25,55,Citizen,South Africa,54613789,N/A,N/A,N/A,N/A,N/A,0.94,cxolo@co.za,219.682.8734,"9315 Church Umgwaqo, Stellenbosch, 3856",Randfontein,Gauteng,6257,Sport and exercise psychologist,Zulu,N/A
'4302102466013,Thalente,Mbhele,Female,1943-02-10,82,Asylum Seeker,South Africa,53030173,N/A,N/A,N/A,N/A,N/A,0.76,khanyisilemathonsi@co.za,916.283.7796x16265,"948 Milner Umgwaqo, Stellenbosch, 5969",Kimberley,Western Cape,5728,Civil Service fast streamer,Zulu,N/A
'7402019416036,Mcebisi,Gcaba,Male,1974-02-01,51,Asylum Seeker,South Africa,55036265,N/A,N/A,N/A,N/A,N/A,0.9,nobantumabanga@co.za,+1-786-909-3470x8197,"3703 Oxford Umgwaqo, George, 5251",Musina,KwaZulu-Natal,4813,Geochemist,Zulu,N/A
'0408059636039,Luyanda,Mwandla,Male,2004-08-05,21,Permanent Resident,South Africa,80181299,N/A,N/A,N/A,N/A,N/A,0.88,mcebisimwelase@za.net,516-737-4148,"36 Church Isitaladi, Musina, 9143",Witbank,Gauteng,7958,"Therapist, sports",Zulu,N/A
'7010212546017,Thabisa,Mavela,Female,1970-10-21,54,Citizen,South Africa,55171291,N/A,N/A,N/A,N/A,N/A,0.96,bhunganethabisa@co.za,847-879-2507,"738 Albertina Sisulu Isitaladi, eGoli, 3925",Musina,North West,2445,Automotive engineer,Zulu,N/A
'4810153864090,Amahle,Mabhoko,Female,1948-10-15,76,Citizen,South Africa,31854822,N/A,N/A,N/A,N/A,N/A,0.88,msimangsiyabonga@africa.com,527-631-9808x514,"508 Charles Umgwaqo, Witbank, 7387",iBhayi,North West,6271,Health and safety adviser,Zulu,N/A
'PR28441365,Ann,Jüttner,Female,1978-10-16,46,Citizen,Germany,466907683,Business Visa,2024-01-11,2034-01-08,PER63262,N/A,0.61,sibel44@de,+49(0)1630 24026,"Briemergasse 39/61, 78465 Eutin",Lemgo,KwaZulu-Natal,81007,Altenpfleger,German,20
'PR81179755,Adrien,Grenier,Male,1993-07-16,32,Temporary Visa,Democratic Republic of Congo,90407873,Retirement Visa,2024-10-14,2034-10-12,PER30756,N/A,0.63,helene49@com,+33 3 86 55 42 41,"35, rue de Julien, 77222 Dos Santos-les-Bains",Saint Matthieu,Mpumalanga,33266,secrétaire d'édition,French,16
'4403100815029,Thembisile,Nzama,Female,1944-03-10,81,Citizen,South Africa,97219315,N/A,N/A,N/A,N/A,N/A,0.96,mathibelaluyanda@za.net,428.620.4353x4303,"9634 President Ithafa, Randfontein, 8592",Polokwane,Free State,3967,"Biochemist, clinical",Zulu,N/A
'6003179817059,Jabulani,Malembe,Male,1960-03-17,65,Citizen,South Africa,72826065,N/A,N/A,N/A,N/A,N/A,0.99,vngomane@za.net,9806726711,"2061 Nelson Mandela Umgwaqo, Sasolburg, 8649",uMgungundlovu,Northern Cape,1205,Facilities manager,Zulu,N/A
'TV96915,Thalente,Mwandla,Female,1970-08-07,55,Citizen,Somalia,23644909,Business Visa,2025-07-25,2026-09-05,VIS65126,N/A,0.87,siwelenomasonto@org,(916)743-5812x37463,"53 Main Umgwaqo, Newcastle, 9131",Newcastle,Gauteng,5515,Animal technologist,Zulu,17
'0407038529087,Thando,Gambu,Male,2004-07-03,21,Temporary Visa,South Africa,85727024,N/A,N/A,N/A,N/A,N/A,0.79,gedezasphiwe@co.za,(681)404-3566x23582,"982 Grey Umgwaqo, Springs, 9825",Vanderbijlpark,Western Cape,2982,"Social research officer, government",Zulu,N/A
'PR55586682,Mzamo,Mngadi,Male,1973-05-30,52,Citizen,Botswana,BO551219,Critical Skills Visa,2023-06-30,2033-06-27,PER32248,N/A,0.74,nhlanhlaphoswa@net,001-835-999-2451x584,"29 Prince Umgwaqo, Potchefstroom, 6982",Uitenhage,Eastern Cape,9251,Insurance claims handler,Zulu,12
'4805036295060,Njabulo,Sangweni,Male,1948-05-03,77,Citizen,South Africa,30726482,N/A,N/A,N/A,N/A,N/A,0.73,thandeka95@africa.com,411-964-5609,"91 Victoria Isitaladi, Centurion, 1464",Klerksdorp,Western Cape,1883,"Investment banker, corporate",Zulu,N/A
'6808165824010,Andile,Sokhela,Male,1968-08-16,57,Citizen,South Africa,69308176,N/A,N/A,N/A,N/A,N/A,0.98,masikanenomagugu@africa.com,919-239-5324x978,"6348 Oxford Isitaladi, Newcastle, 6088",Randfontein,Free State,7821,Audiological scientist,Zulu,N/A
'0208311442020,Thandiwe,Nzimase,Female,2002-08-31,23,Citizen,South Africa,57148739,N/A,N/A,N/A,N/A,N/A,0.91,ndlandlamnqobi@africa.com,(715)346-5339,"47 Clarence Isitaladi, Welkom, 8347",Middelburg,Gauteng,6825,Ecologist,Zulu,N/A
'TV37442,Christiane,Lecoq,Female,1996-01-14,29,Citizen,Democratic Republic of Congo,57494976,Retirement Visa,2024-11-29,2027-07-24,VIS34463,N/A,0.58,christophe47@com,04 34 43 58 96,"rue de Roche, 84497 Jacquot",Saint Richard,Western Cape,20196,accessoiriste,French,7
'0409307914092,Thando,Nyide,Male,2004-09-30,21,Asylum Seeker,South Africa,73894677,N/A,N/A,N/A,N/A,N/A,0.8,thembile48@africa.com,997-820-5524x49871,"216 Walter Sisulu Indlela, Krugersdorp, 1069",Polokwane,Mpumalanga,3431,"Nurse, children's",Zulu,N/A
'5907254361025,Nomasonto,Mphahlwa,Female,1959-07-25,66,Citizen,South Africa,34278588,N/A,N/A,N/A,N/A,N/A,0.85,londiwe03@co.za,7838861512,"4604 Edward Ithafa, Uitenhage, 7801",Potchefstroom,KwaZulu-Natal,8008,"Embryologist, clinical",Zulu,N/A
'9906232369053,Nothando,Gebhezi,Female,1999-06-23,26,Permanent Resident,South Africa,31631891,N/A,N/A,N/A,N/A,N/A,0.93,khulusethembile@africa.com,+1-669-627-2933x38851,"96 Short Umgwaqo, Thohoyandou, 6209",Mahikeng,Northern Cape,5405,Intelligence analyst,Zulu,N/A
'PR16992493,Bárbara,Neves,Female,1979-09-16,46,Citizen,Mozambique,MO898999,Critical Skills Visa,2023-11-10,2033-11-07,PER55561,N/A,0.66,nfaria@mozambique.com,(351) 928378200,"Largo Carlos Figueiredo, 1, 5869-087 Viseu",Espinho,Free State,8130-731,Profissional paramédico,Portuguese,7
'TV54775,Nikolaus,Schmiedecke,Male,1972-06-19,53,Citizen,Germany,296597290,Study Visa,2023-09-08,2025-12-04,VIS16619,N/A,0.87,sieghardwilms@de,+49(0)1785984644,"Heinfried-Mende-Weg 4, 63454 Niesky",Kassel,North West,04613,Asphaltbauer,German,16
'AS580627,Sphiwe,Dimbane,Male,1992-01-12,33,Citizen,Eswatini,25869919,Asylum Seeker Permit,2022-11-12,2024-11-11,ASP32028,Application Submitted,0.5,madumathalente@org,597.806.2300x707,"1551 Victoria Umgwaqo, Polokwane, 3597",eGoli,Eastern Cape,5768,Psychotherapist,Zulu,1
'PR35050910,Londiwe,Khuyameni,Female,1993-12-11,31,Citizen,Kenya,K1716255,Business Visa,2024-10-04,2034-10-02,PER85677,N/A,0.65,magutshwathabani@kenya.com,(417)361-0444x8643,"554 Long Umgwaqo, Benoni, 5251",Newcastle,Free State,6258,Television production assistant,Zulu,18
'PR76401265,Raymond,Vidal,Male,1997-10-23,27,Citizen,United Kingdom,801289281,Relative's Visa,2022-12-06,2032-12-03,PER25624,N/A,0.94,legrostherese@uk.com,0478372701,"56, boulevard Michel, 32106 Sainte Adèle",Dijoux-la-Forêt,Northern Cape,92346,attaché d'administration,French,10
'8510247430079,Lwandile,Mbonambi,Male,1985-10-24,39,Permanent Resident,South Africa,47501288,N/A,N/A,N/A,N/A,N/A,0.97,londiwe55@co.za,001-935-930-6053x646,"56 Churchill Ithafa, Bethlehem, 8119",Vereeniging,Western Cape,9245,Medical secretary,Zulu,N/A
'AS928617,Nqobizitha,Mnyandu,Female,1973-06-11,52,Citizen,Botswana,BO118299,Asylum Seeker Permit,2024-04-20,2026-04-20,ASP35284,Under Review,0.42,nobantu23@com,+1-330-712-1111x86949,"511 Clarence Isitaladi, Polokwane, 1738",uMgungundlovu,Limpopo,5107,Electrical engineer,Zulu,17
'TV91492,Khanyisile,Mahamba,Female,1990-09-22,35,Citizen,Malawi,76694124,Work Visa,2024-10-20,2027-09-12,VIS68752,N/A,0.87,gwacelanoxolo@org,2042367062,"1226 Edward Ithafa, Bloemfontein, 5843",Paarl,KwaZulu-Natal,7548,"Horticulturist, amenity",Zulu,0
'6211163523077,Thandazile,Sibindi,Female,1962-11-16,62,Citizen,South Africa,72764321,N/A,N/A,N/A,N/A,N/A,0.89,mdlulisimphiwe@africa.com,(546)445-5525x136,"3088 Joseph Indawo, Boksburg, 7501",Mahikeng,North West,3414,Hydrologist,Zulu,N/A
'PR45354182,Nomcebo,Mbutho,Female,1973-03-20,52,Temporary Visa,Kenya,K3235328,Corporate Visa,2023-08-16,2033-08-13,PER56281,N/A,0.92,mmbulaze@kenya.com,001-466-348-4958,"7096 Rivonia Indlela, Potchefstroom, 7869",Witbank,Western Cape,5174,Futures trader,Zulu,0
'AS146913,Sihawukele,Masuku,Female,1989-07-16,36,Asylum Seeker,Botswana,BO436737,Asylum Seeker Permit,2024-07-28,2026-07-28,ASP49295,Interview Scheduled,0.66,nozizwe21@net,220-206-2417x827,"300 Smith Ithafa, Musina, 6638",Bethlehem,Free State,4615,Quantity surveyor,Zulu,4
'6802257339090,Andile,Soduba,Male,1968-02-25,57,Citizen,South Africa,42310382,N/A,N/A,N/A,N/A,N/A,0.74,nqobizitha52@co.za,470.344.2245,"8964 Gandhi Isitaladi, Tembisa, 6314",Rustenburg,KwaZulu-Natal,2401,Glass blower/designer,Zulu,N/A
'TV56747,Louis,Ferreira,Male,1973-06-25,52,Citizen,United Kingdom,126100162,Retirement Visa,2025-06-24,2026-12-30,VIS12933,N/A,0.54,dianemartin@uk.com,02 34 67 50 17,"45, avenue Huet, 86161 Danielnec",Langlois,Limpopo,20983,conseiller en génétique,French,3
'TV40378,Dumisile,Khubisa,Female,1973-11-17,51,Citizen,Malawi,50490456,Study Visa,2024-08-01,2027-07-10,VIS96291,N/A,0.71,ymakhedama@com,(709)229-9107,"92 Commissioner Umgwaqo, iKapa, 8593",Klerksdorp,Limpopo,2135,Professor Emeritus,Zulu,0
'PR50480428,शेखर,यादव,Male,1975-03-20,50,Temporary Visa,India,63889861,Retirement Visa,2023-04-30,2033-04-27,PER86124,N/A,0.65,hrshsubrmnnym@co.in,045-63109276,"59/33 मल्होत्रा, चित्तूर-165101",विस्तारण,Free State,958505,Musician,Hindi,17
'TV70706,मनीश,सेन,Male,1973-06-07,52,Citizen,India,40031724,Work Visa,2024-04-29,2026-04-12,VIS61171,N/A,0.83,kssitij47@india.com,+91 8660512264,"35 जगदीश सेन, देवगढ़-541781",अनन्तपुर,Eastern Cape,937700,Market researcher,Hindi,19
'PR20168709,Bhekizizwe,Malinga,Female,1994-08-22,31,Permanent Resident,Zambia,24350419,Work Visa,2023-01-03,2032-12-31,PER31792,N/A,0.69,mtshalithabani@net,988-274-5908,"752 Walter Sisulu Umgwaqo, Middelburg, 4347",Soweto,Limpopo,7394,Museum education officer,Zulu,13
'PR83092514,Joseph,Thomas,Male,1991-07-24,34,Temporary Visa,United Kingdom,126612437,Study Visa,2025-08-27,2035-08-25,PER79299,N/A,0.81,odette73@uk.com,03 76 91 46 02,"36, rue Meunier, 65804 Alves-sur-Thibault",Bertrand,Limpopo,60687,ingénieur structures,French,19
'9907026566013,Jabulani,Hlumakazi,Male,1999-07-02,26,Asylum Seeker,South Africa,43946569,N/A,N/A,N/A,N/A,N/A,0.92,qphakathwayo@za.net,(214)832-5500,"8519 Joseph Indawo, Newcastle, 9164",Uitenhage,Gauteng,1794,"Scientist, research (physical sciences)",Zulu,N/A
'PR45494056,Bhekokwakhe,Mzoneli,Female,1972-05-10,53,Citizen,Ghana,G2558933,Critical Skills Visa,2023-05-14,2033-05-11,PER43432,N/A,0.76,nxamalalazinhle@com.gh,734.901.9487x0651,"979 Gandhi Isitaladi, Paarl, 9132",Vereeniging,North West,3658,Food technologist,Zulu,16
'4201298229082,Langalibalele,Khosini,Male,1942-01-29,83,Permanent Resident,South Africa,24658740,N/A,N/A,N/A,N/A,N/A,0.97,mmvuyana@za.net,6663396107,"804 Edward Indawo, Newcastle, 4955",Tembisa,Mpumalanga,8281,"Programme researcher, broadcasting/film/video",Zulu,N/A
'PR51372988,Nhlanhla,Dlamane,Male,1981-09-15,44,Citizen,Ghana,G8073742,Relative's Visa,2024-01-26,2034-01-23,PER82646,N/A,0.61,nhlanhlalange@ghana.com,271.419.4226x6731,"1199 Gandhi Indlela, Bloemfontein, 6056",Musina,Gauteng,7556,"Exhibitions officer, museum/gallery",Zulu,7
'7201108498077,Mzamo,Ndawonde,Male,1972-01-10,53,Permanent Resident,South Africa,24103258,N/A,N/A,N/A,N/A,N/A,0.81,silondilegobhozi@co.za,001-604-319-0712x35417,"21 Churchill Umgwaqo, Thohoyandou, 2187",Witbank,Mpumalanga,6863,"Restaurant manager, fast food",Zulu,N/A
'4910168403044,Mlungisi,Sikhosana,Male,1949-10-16,75,Temporary Visa,South Africa,35224384,N/A,N/A,N/A,N/A,N/A,0.84,masangogugu@africa.com,+1-559-273-9795x013,"864 President Ithafa, Kathu, 8689",Vanderbijlpark,Free State,1238,Games developer,Zulu,N/A
'8510036001057,SimphiweyiNkosi,Malambule,Male,1985-10-03,40,Citizen,South Africa,14936482,N/A,N/A,N/A,N/A,N/A,0.89,omadela@za.net,(481)304-6916,"6035 President Isitaladi, Mahikeng, 1207",Tembisa,Limpopo,3206,Plant breeder/geneticist,Zulu,N/A
'4012089861083,Sibusiso,Ndlala,Male,1940-12-08,84,Temporary Visa,South Africa,63698869,N/A,N/A,N/A,N/A,N/A,0.9,ddonda@africa.com,986-860-7572x04080,"24 Stanley Indlela, Vanderbijlpark, 1748",Tembisa,Western Cape,3844,"Surveyor, commercial/residential",Zulu,N/A
'5907061791018,Sihawukele,Jali,Female,1959-07-06,66,Temporary Visa,South Africa,64366242,N/A,N/A,N/A,N/A,N/A,0.91,ngemasphiwe@za.net,+1-833-398-8952x68790,"45 Rivonia Umgwaqo, Newcastle, 9482",Upington,Limpopo,9430,Financial trader,Zulu,N/A
'6903223263013,Nozibusiso,Mdlanyoka,Female,1969-03-22,56,Temporary Visa,South Africa,59160702,N/A,N/A,N/A,N/A,N/A,0.99,sangweninhlanhla@co.za,370.222.4898x99549,"81 King Umgwaqo, Krugersdorp, 3573",Soweto,Gauteng,6040,"Radiographer, diagnostic",Zulu,N/A
'9906233945002,Nkazimulo,Mboko,Female,1999-06-23,26,Citizen,South Africa,47812556,N/A,N/A,N/A,N/A,N/A,0.78,thabisilethabekhulu@za.net,521-218-8568x90932,"2883 Joseph Isitaladi, Uitenhage, 1009",Bethlehem,Western Cape,1408,Contracting civil engineer,Zulu,N/A
'6111022147035,Sihawukele,Cebisa,Female,1961-11-02,63,Citizen,South Africa,75365105,N/A,N/A,N/A,N/A,N/A,0.75,sotholenomthandazo@co.za,+1-667-512-2925x212,"18 Adelaide Indlela, Krugersdorp, 4903",Vereeniging,Limpopo,1570,Education administrator,Zulu,N/A
'6812266044053,Mlungisi,Dimbane,Male,1968-12-26,56,Permanent Resident,South Africa,17268600,N/A,N/A,N/A,N/A,N/A,0.97,jabulani69@za.net,(776)270-2046,"1646 Prince Indlela, iKapa, 1592",Witbank,Mpumalanga,6533,Recycling officer,Zulu,N/A
'6002225542048,Sphiwe,Mngwemkhulu,Male,1960-02-22,65,Citizen,South Africa,27147249,N/A,N/A,N/A,N/A,N/A,0.8,zenzele74@za.net,(871)833-0183x6535,"251 Somerset Isitaladi, Tembisa, 4453",Uitenhage,KwaZulu-Natal,1242,"Doctor, hospital",Zulu,N/A
'6909196107082,Vusumuzi,Fenya,Male,1969-09-19,56,Citizen,South Africa,55634884,N/A,N/A,N/A,N/A,N/A,0.94,sibongileswazi@za.net,(421)246-6902x0023,"496 Main Indlela, Boksburg, 3872",Benoni,Mpumalanga,6458,Risk analyst,Zulu,N/A
'PR29399340,Luyanda,Ncala,Male,1970-07-14,55,Temporary Visa,Ethiopia,80092331,Corporate Visa,2023-02-07,2033-02-04,PER94398,N/A,0.79,hsikhakhane@net,(948)293-9445x6965,"25 York Isitaladi, Bloemfontein, 2234",Springs,KwaZulu-Natal,3901,"Engineer, agricultural",Zulu,7
'4111061566094,Nomalanga,Sangwani,Female,1941-11-06,83,Citizen,South Africa,48181186,N/A,N/A,N/A,N/A,N/A,0.95,khulubhekani@za.net,001-576-680-9639x8187,"19 George Indawo, Newcastle, 8874",eThekwini,Free State,4475,"Administrator, sports",Zulu,N/A
'PR65583790,Noxolo,Khwela,Female,2000-09-24,25,Citizen,Nigeria,N1257736,Relative's Visa,2025-05-16,2035-05-14,PER56628,N/A,0.77,nonhlanhlamahulube@nigeria.com,2768373912,"2903 Paul Kruger Ithafa, Tembisa, 9947",Mahikeng,Eastern Cape,6389,Cytogeneticist,Zulu,11
'PR97456714,Claire,Marie,Female,1984-10-11,40,Citizen,United States,891544464,Study Visa,2023-01-05,2033-01-02,PER84397,N/A,0.79,mendesgerard@com,0687690286,"85, chemin Faivre, 75761 Neveuboeuf",Lévy,Free State,13341,professeur de musique et de danse,French,1
'7703140612046,Zakhele,Mkhize,Female,1977-03-14,48,Citizen,South Africa,70582245,N/A,N/A,N/A,N/A,N/A,0.9,inkala@africa.com,995.571.8018x585,"891 High Indlela, Upington, 2105",Klerksdorp,Free State,9537,"Designer, graphic",Zulu,N/A
'TV89869,Nomathemba,Mnomiya,Female,1981-01-20,44,Citizen,Lesotho,64264115,Study Visa,2025-06-28,2026-10-26,VIS49767,N/A,0.87,hmazibuko@org,001-359-562-5384x29948,"842 Elizabeth Isitaladi, eThekwini, 3583",Middelburg,Gauteng,6308,"Designer, television/film set",Zulu,15
'4407050761032,Nonhlanhla,Mlawula,Female,1944-07-05,81,Citizen,South Africa,14925883,N/A,N/A,N/A,N/A,N/A,0.72,khumalonomusa@za.net,+1-630-969-1498x943,"74 Gandhi Indawo, Randfontein, 6291",Centurion,Western Cape,3944,Furniture conservator/restorer,Zulu,N/A
'8708304336094,Nomalanga,Phuthini,Female,1987-08-30,38,Citizen,South Africa,94235535,N/A,N/A,N/A,N/A,N/A,0.72,thembisile33@za.net,+1-597-353-4384x2347,"462 George Isitaladi, Vereeniging, 4196",Mahikeng,Limpopo,1843,Herbalist,Zulu,N/A
'0103286845012,Sibusiso,Ncube,Male,2001-03-28,24,Permanent Resident,South Africa,81909288,N/A,N/A,N/A,N/A,N/A,0.78,mcebisi51@co.za,207.423.3494,"24 Oxford Indlela, Tembisa, 7373",Polokwane,Northern Cape,3830,Fish farm manager,Zulu,N/A
'5101054345038,Thembisile,Mphemba,Female,1951-01-05,74,Citizen,South Africa,32296363,N/A,N/A,N/A,N/A,N/A,0.88,zmdlanyoka@co.za,(598)472-9169,"891 George Indlela, Krugersdorp, 7190",eGoli,Limpopo,8254,Systems analyst,Zulu,N/A
'7109155989007,S'fiso,Mbuyazi,Male,1971-09-15,54,Citizen,South Africa,55148110,N/A,N/A,N/A,N/A,N/A,0.85,nonhlanhlabhedleni@za.net,3952093356,"83 Frere Ithafa, Mahikeng, 4694",Bloemfontein,Northern Cape,9550,"Programmer, multimedia",Zulu,N/A
'4201273688069,Zibuyile,Dube,Female,1942-01-27,83,Citizen,South Africa,60928787,N/A,N/A,N/A,N/A,N/A,0.95,nomusa19@za.net,728.938.7665x628,"7097 Frere Isitaladi, Mahikeng, 1710",Bloemfontein,North West,4585,"Education officer, environmental",Zulu,N/A
'0108279174066,Langalibalele,Mdonswa,Male,2001-08-27,24,Citizen,South Africa,34459344,N/A,N/A,N/A,N/A,N/A,0.74,nomcebomafobo@za.net,001-336-273-0167x29113,"83 Queen Isitaladi, Welkom, 5699",Bloemfontein,Limpopo,6635,Illustrator,Zulu,N/A
'9606046318090,Mandla,Bhedleni,Male,1996-06-04,29,Permanent Resident,South Africa,43795353,N/A,N/A,N/A,N/A,N/A,0.71,mbhobhosfiso@za.net,485.740.8033x308,"6676 William Indlela, Chatsworth, 6317",Newcastle,North West,2702,Broadcast journalist,Zulu,N/A
'PR48591069,Alice,Lejeune,Female,1979-04-27,46,Citizen,France,349441902,Corporate Visa,2023-01-04,2033-01-01,PER36884,N/A,0.83,perezanne@france.com,+33 (0)5 17 86 86 47,"43, avenue Laroche, 46885 Lambertboeuf",Valette,Eastern Cape,07880,scripte,French,3
'7209108263031,S'fiso,Mntimande,Male,1972-09-10,53,Citizen,South Africa,65436403,N/A,N/A,N/A,N/A,N/A,0.9,gncongwane@za.net,(439)461-6920x59925,"6098 Elizabeth Ithafa, Tembisa, 6682",Tembisa,KwaZulu-Natal,3152,Computer games developer,Zulu,N/A
'8503286458070,Jabulani,Mbongwa,Male,1985-03-28,40,Citizen,South Africa,41896938,N/A,N/A,N/A,N/A,N/A,0.82,jabulanigcumisa@za.net,(836)588-7030,"66 Cecil Umgwaqo, Potchefstroom, 9982",Boksburg,North West,8153,Hotel manager,Zulu,N/A
'PR40040083,Bhekokwakhe,Mchunu,Female,1981-10-26,43,Citizen,Zimbabwe,ZI789431,Corporate Visa,2023-07-23,2033-07-20,PER40775,N/A,0.65,nonhlanhla67@co.zw,001-553-904-7687x96184,"7826 King Indawo, Randfontein, 8364",Vereeniging,Free State,8970,Petroleum engineer,Zulu,5
'5211182507017,Thalente,Ndlandla,Female,1952-11-18,72,Citizen,South Africa,32130724,N/A,N/A,N/A,N/A,N/A,0.88,sphiwebhebhe@co.za,749-525-0207x81996,"62 Cecil Umgwaqo, Bethlehem, 1899",Middelburg,Limpopo,9569,"Pilot, airline",Zulu,N/A
'0008202865034,Nomthandazo,Nkundlande,Female,2000-08-20,25,Permanent Resident,South Africa,55472749,N/A,N/A,N/A,N/A,N/A,0.92,gmantshinga@co.za,539-601-2242x056,"1146 Joseph Umgwaqo, Randfontein, 5564",eThekwini,Limpopo,3806,Government social research officer,Zulu,N/A
'PR95303707,Nomvula,Masina,Female,1980-09-28,45,Citizen,Kenya,K6597252,Critical Skills Visa,2024-08-06,2034-08-04,PER15447,N/A,0.88,dungezinhle@kenya.com,001-801-381-6874x12403,"8591 William Isitaladi, Kimberley, 8167",George,Western Cape,4105,Accommodation manager,Zulu,1
'8706248995073,Luyanda,Majoka,Male,1987-06-24,38,Citizen,South Africa,36690865,N/A,N/A,N/A,N/A,N/A,0.76,fdunge@africa.com,(424)477-0764,"971 Jan Smuts Isitaladi, Bethlehem, 6113",Kimberley,Gauteng,4083,"Scientist, biomedical",Zulu,N/A
'TV79287,Thalente,Duze,Female,1992-05-27,33,Citizen,Kenya,K5161706,Corporate Visa,2024-10-19,2025-03-25,VIS19252,N/A,0.87,dmawanda@kenya.com,001-901-637-9174x3553,"28 York Indlela, George, 6862",Welkom,KwaZulu-Natal,9839,Manufacturing systems engineer,Zulu,19
'0309103549088,Thabisa,Nkwakha,Female,2003-09-10,22,Temporary Visa,South Africa,65680949,N/A,N/A,N/A,N/A,N/A,0.94,gkhathini@co.za,2795321566,"80 Short Umgwaqo, Polokwane, 9623",Randfontein,Limpopo,7439,"Designer, furniture",Zulu,N/A
'TV73104,Nomagugu,Mcambi,Female,1994-08-25,31,Citizen,Botswana,BO253066,Corporate Visa,2024-03-30,2026-07-28,VIS60442,N/A,0.53,mngomaamahle@com,427.209.5335,"94 Napier Indlela, Witbank, 4386",Krugersdorp,North West,1146,"Therapist, sports",Zulu,9
'6411083087099,Gugulethu,Mphahlwa,Female,1964-11-08,60,Asylum Seeker,South Africa,53166327,N/A,N/A,N/A,N/A,N/A,0.98,nhlanhlamncwabe@co.za,242-847-7905,"9177 Voortrekker Indawo, Vereeniging, 5202",Mahikeng,Northern Cape,3205,Data scientist,Zulu,N/A
'0011123657058,Nobantu,Mkhwananzi,Female,2000-11-12,24,Temporary Visa,South Africa,17801806,N/A,N/A,N/A,N/A,N/A,0.97,langalibalelemtuswa@africa.com,908-923-2380x0906,"163 Frere Indawo, Randfontein, 6133",Paarl,North West,4583,Special educational needs teacher,Zulu,N/A
'PR91119716,Minenhle,Made,Male,1976-12-30,48,Citizen,Malawi,99115531,Business Visa,2022-11-09,2032-11-06,PER46852,N/A,0.61,thangonomusa@net,228.886.1962x23766,"5282 Elizabeth Indlela, Polokwane, 4802",Kimberley,Free State,9104,Medical physicist,Zulu,11
'9703309832047,Siyabonga,Myeza,Male,1997-03-30,28,Citizen,South Africa,42623758,N/A,N/A,N/A,N/A,N/A,0.85,zibuyilesoduba@africa.com,(938)504-8295x81054,"3501 Smith Umgwaqo, Klerksdorp, 8400",Mbombela,Free State,8025,"Clinical scientist, histocompatibility and immunogenetics",Zulu,N/A
'7911190463022,Nokulunga,Thabethe,Female,1979-11-19,45,Temporary Visa,South Africa,49037538,N/A,N/A,N/A,N/A,N/A,0.74,thabisilenomndayi@africa.com,736.789.2123x03219,"130 Victoria Indlela, Sasolburg, 6067",Springs,North West,2609,"Teacher, secondary school",Zulu,N/A
'PR11960126,Laurence,Bodin,Female,1988-09-27,37,Citizen,United States,459485520,Corporate Visa,2023-05-27,2033-05-24,PER50592,N/A,0.91,stephanie59@com,+33 2 69 31 64 04,"7, boulevard Émilie Picard, 90890 Gérard",Schmitt-les-Bains,Gauteng,36536,ingénieur en génie climatique,French,11
'5406245502042,Sandile,Ndlondlo,Male,1954-06-24,71,Citizen,South Africa,98428309,N/A,N/A,N/A,N/A,N/A,0.72,bdimbane@co.za,(337)626-9115x60003,"63 Frere Indlela, Mbombela, 9969",Chatsworth,North West,5268,Amenity horticulturist,Zulu,N/A
'6406123925000,Nozizwe,Siyeshe,Female,1964-06-12,61,Citizen,South Africa,30492115,N/A,N/A,N/A,N/A,N/A,0.7,mshibase@co.za,725.519.4017x7255,"551 Walter Sisulu Indlela, Chatsworth, 5974",Randfontein,Northern Cape,2059,"Scientist, audiological",Zulu,N/A
'PR90809225,Amahle,Bhensela,Female,1996-09-15,29,Citizen,Zambia,80335177,Work Visa,2023-09-12,2033-09-09,PER33888,N/A,0.68,dumisile40@org,(841)786-3429,"512 York Indawo, Vereeniging, 2128",Randfontein,Eastern Cape,5461,"Development worker, community",Zulu,19
'TV89285,Londiwe,Nzimase,Female,2000-12-08,24,Citizen,Tanzania,89640689,Corporate Visa,2023-06-25,2024-06-11,VIS96857,N/A,0.62,thando10@net,(589)299-1985x9780,"3196 Victoria Ithafa, Polokwane, 1876",Welkom,Mpumalanga,8923,Building control surveyor,Zulu,4
'PR64029544,Zakhele,Mpunzana,Female,1975-11-15,49,Citizen,Zambia,23473787,Corporate Visa,2024-10-25,2034-10-23,PER98570,N/A,0.89,nomasonto51@org,5698736398,"50 Voortrekker Umgwaqo, Musina, 1856",Rustenburg,Limpopo,2751,"Surveyor, land/geomatics",Zulu,13
'5202190124064,Nomcebo,Gwamanda,Female,1952-02-19,73,Citizen,South Africa,22211812,N/A,N/A,N/A,N/A,N/A,0.73,zibuyile03@za.net,(874)672-8243,"630 Main Indlela, Boksburg, 7291",Potchefstroom,Gauteng,2524,"Scientist, clinical (histocompatibility and immunogenetics)",Zulu,N/A
'5010270112097,Thembekile,Makhanya,Female,1950-10-27,74,Citizen,South Africa,26582186,N/A,N/A,N/A,N/A,N/A,0.9,nomathalentejele@za.net,528-608-9724x15920,"4659 York Indawo, Mahikeng, 4353",eThekwini,KwaZulu-Natal,1616,Advertising account planner,Zulu,N/A
'PR86905194,Paul,Barbier,Male,1971-07-30,54,Permanent Resident,United Kingdom,164111855,Relative's Visa,2023-09-26,2033-09-23,PER65766,N/A,0.89,aurore43@co.uk,+33 5 53 46 28 91,"avenue Nathalie Robert, 37198 Leblancdan",Laurentdan,North West,66443,électronicien automobile,French,5
'PR26640323,मालती,पाटिल,Female,1997-10-01,28,Asylum Seeker,India,36438959,Retirement Visa,2022-12-17,2032-12-14,PER59851,N/A,0.68,shivaaliitaambe@co.in,+91 8589903203,"7/1 कदम, लखनऊ 525341",अजमेर,Western Cape,472871,Ecologist,Hindi,10
'0411231989084,Siphesihle,Ndabansele,Female,2004-11-23,20,Citizen,South Africa,28664993,N/A,N/A,N/A,N/A,N/A,0.77,nomasonto47@africa.com,(995)727-6238x378,"87 Jan Smuts Ithafa, Rustenburg, 2317",Middelburg,Western Cape,4684,Agricultural consultant,Zulu,N/A
'TV71172,Mlungisi,Sontuli,Male,1984-10-04,41,Citizen,Zimbabwe,ZI767537,Work Visa,2022-11-21,2025-01-28,VIS98940,N/A,0.61,bhekizizwekhoza@co.zw,737-949-5804,"648 Main Indlela, Vanderbijlpark, 2185",Randfontein,Eastern Cape,8085,"Accountant, chartered public finance",Zulu,6
'TV31632,Ludger,Scholl,Male,1992-08-26,33,Citizen,Germany,353158028,Work Visa,2025-02-26,2025-11-20,VIS64865,N/A,0.6,dobesgerdi@germany.com,02929 235073,"Hendriksring 21/55, 46077 Bogen",Greiz,North West,22210,Binnenschiffer,German,9
'4204254365022,Nobuhle,Maduma,Female,1942-04-25,83,Citizen,South Africa,89420255,N/A,N/A,N/A,N/A,N/A,0.88,ingcolosi@africa.com,619.207.0151x7929,"4919 Gandhi Ithafa, Boksburg, 8541",eGoli,Gauteng,6333,"Designer, textile",Zulu,N/A
'7902269386042,S'fiso,Ndandali,Male,1979-02-26,46,Permanent Resident,South Africa,23288828,N/A,N/A,N/A,N/A,N/A,0.97,lmlondo@co.za,+1-720-745-8245x067,"3968 Cecil Ithafa, Benoni, 9999",Middelburg,North West,2731,Glass blower/designer,Zulu,N/A
'6309057011085,Jabulani,Mtolo,Male,1963-09-05,62,Permanent Resident,South Africa,83963139,N/A,N/A,N/A,N/A,N/A,0.73,nomathalentemashinini@co.za,851-571-9774x5172,"491 George Indlela, Mahikeng, 9604",Mahikeng,Western Cape,3560,Fish farm manager,Zulu,N/A
'6505142514020,Bhekokwakhe,Shangase,Female,1965-05-14,60,Permanent Resident,South Africa,75587115,N/A,N/A,N/A,N/A,N/A,0.75,nhlanhlathwala@co.za,317-484-4121,"4686 Thomas Isitaladi, eGoli, 8697",Rustenburg,Northern Cape,9821,Equities trader,Zulu,N/A
'PR53291270,Niels,Gertz,Male,1986-12-18,38,Citizen,Germany,254753783,Corporate Visa,2024-09-14,2034-09-12,PER77302,N/A,0.74,etzoldhiltrud@de,+49 (0) 4767 252163,"Albersallee 85/58, 85899 Schwandorf",Fallingbostel,Free State,01064,Pilot,German,10
'TV86380,Vincent,Guyon,Male,1985-01-07,40,Permanent Resident,United States,843231935,Critical Skills Visa,2024-11-24,2026-05-15,VIS89264,N/A,0.59,lucymenard@us.com,+33 (0)1 34 65 93 21,"31, avenue Dorothée Lucas, 57918 Saint Laure-les-Bains",Fabrenec,Mpumalanga,93994,ingénieur RD en énergies renouvelables,French,7
'TV77949,Mzamo,Madlala,Male,1975-05-17,50,Citizen,Nigeria,N7705508,Retirement Visa,2024-10-05,2026-07-30,VIS15666,N/A,0.77,amahle67@nigeria.com,810-866-2735,"991 Grey Umgwaqo, iKapa, 3723",George,Limpopo,5737,Dispensing optician,Zulu,19
'AS147792,Nonjabulo,Hlatshwayo,Female,1992-06-15,33,Citizen,Lesotho,41282678,Asylum Seeker Permit,2024-08-04,2026-08-04,ASP95479,Rejected,0.65,thangosiphesihle@com,001-332-448-4095x2255,"8081 Prince Isitaladi, Newcastle, 8226",Krugersdorp,Limpopo,6488,"Designer, blown glass/stained glass",Zulu,11
'8504204938063,Bhekokwakhe,Mahlinza,Female,1985-04-20,40,Citizen,South Africa,13449082,N/A,N/A,N/A,N/A,N/A,0.94,vusumuzimaduma@africa.com,+1-850-331-6367,"98 Joseph Umgwaqo, Rustenburg, 4412",Krugersdorp,Free State,9362,Furniture conservator/restorer,Zulu,N/A
'9507256471070,Siyabonga,Thusi,Male,1995-07-25,30,Citizen,South Africa,82521477,N/A,N/A,N/A,N/A,N/A,0.98,isangwani@co.za,531-657-4845,"802 Nelson Mandela Ithafa, George, 9743",Kathu,North West,3641,"Designer, multimedia",Zulu,N/A
'6802065491083,Langalibalele,Maphisa,Male,1968-02-06,57,Citizen,South Africa,89578828,N/A,N/A,N/A,N/A,N/A,0.84,mabangazenzele@za.net,001-976-721-1099x83205,"3541 Gandhi Umgwaqo, eGoli, 1734",Vanderbijlpark,Mpumalanga,1296,"Horticulturist, commercial",Zulu,N/A
'PR23266459,Benjamin,Besnard,Male,1977-06-12,48,Citizen,United Kingdom,650013952,Business Visa,2023-04-03,2033-03-31,PER37259,N/A,0.93,palves@co.uk,+33 (0)4 67 02 75 65,"7, rue Nathalie François, 83250 Barbier",Perrin,Free State,32983,ingénieur combustion et brûleurs,French,12
'0209044544052,Nomathemba,Mboyisa,Female,2002-09-04,23,Citizen,South Africa,79185816,N/A,N/A,N/A,N/A,N/A,0.75,busisiwemzilankatha@co.za,849-908-9507x44058,"4565 Paul Kruger Isitaladi, Musina, 8819",Kathu,Eastern Cape,8660,Electronics engineer,Zulu,N/A
'AS186379,Sphiwe,Hlongwane,Male,1983-03-23,42,Citizen,Eswatini,31159312,Asylum Seeker Permit,2023-01-09,2025-01-08,ASP91793,Application Submitted,0.49,fmangena@net,(380)622-0179,"4304 Short Indawo, Paarl, 4148",iBhayi,Eastern Cape,3942,Passenger transport manager,Zulu,4
'5002191114076,Dumisile,Sikhakhane,Female,1950-02-19,75,Citizen,South Africa,11680383,N/A,N/A,N/A,N/A,N/A,0.8,zibuyiledlamini@co.za,(523)865-5264,"797 James Ithafa, iBhayi, 7840",Middelburg,Gauteng,5540,Professor Emeritus,Zulu,N/A
'0405206038070,Mandlakhe,Delwayo,Male,2004-05-20,21,Citizen,South Africa,89535098,N/A,N/A,N/A,N/A,N/A,0.89,qmthembu@co.za,298-296-0589x29121,"402 Walter Sisulu Indlela, Stellenbosch, 1401",eGoli,Limpopo,3869,Ophthalmologist,Zulu,N/A
'8903100367049,Dumisile,Phetha,Female,1989-03-10,36,Permanent Resident,South Africa,76172447,N/A,N/A,N/A,N/A,N/A,0.84,xmsweli@za.net,988.570.2802x91844,"24 Charles Indlela, Upington, 5875",Potchefstroom,Limpopo,4122,Plant breeder/geneticist,Zulu,N/A
'PR20221114,André,Jacques,Male,1997-02-19,28,Permanent Resident,United Kingdom,283340533,Corporate Visa,2023-01-14,2033-01-11,PER38328,N/A,0.78,andrevallee@uk.com,04 66 70 04 18,"60, chemin Grenier, 87386 Fontaine-sur-De Oliveira",Dos Santos,Free State,01927,éducateur spécialisé spécialisée,French,10
'PR52123130,Nonhlanhla,Mncwanga,Female,1988-06-26,37,Citizen,Ethiopia,10245927,Business Visa,2025-05-26,2035-05-24,PER52221,N/A,0.64,lgagashe@org,636.252.7788x64357,"3891 West Umgwaqo, Polokwane, 4336",Potchefstroom,Western Cape,6998,"Psychologist, clinical",Zulu,19
'0202167096027,Luyanda,Ngwazi,Male,2002-02-16,23,Citizen,South Africa,13239550,N/A,N/A,N/A,N/A,N/A,0.73,ithobeni@za.net,(233)510-2023x442,"3820 Milner Indlela, Rustenburg, 6949",Krugersdorp,Limpopo,1823,Air cabin crew,Zulu,N/A
'6804173800054,Thembisile,Mkhithi,Female,1968-04-17,57,Citizen,South Africa,95661780,N/A,N/A,N/A,N/A,N/A,0.83,psandanezwe@za.net,891-761-2676,"9450 Elizabeth Indlela, Upington, 7556",Klerksdorp,Eastern Cape,6659,Health visitor,Zulu,N/A
'0310034932002,Nobantu,Kheswa,Female,2003-10-03,22,Citizen,South Africa,90308558,N/A,N/A,N/A,N/A,N/A,0.95,pximba@africa.com,810.572.0115,"7107 Rivonia Ithafa, eGoli, 4707",uMgungundlovu,Northern Cape,2762,"Teacher, music",Zulu,N/A
'6501261801099,Londiwe,Khwane,Female,1965-01-26,60,Citizen,South Africa,82609949,N/A,N/A,N/A,N/A,N/A,0.81,zakhele81@za.net,649.379.5492x4313,"823 Victoria Indlela, eThekwini, 1065",Springs,KwaZulu-Natal,5927,Environmental manager,Zulu,N/A
'8902217586021,Mandlakhe,Ncwaba,Male,1989-02-21,36,Citizen,South Africa,27881559,N/A,N/A,N/A,N/A,N/A,0.89,dikanenjabulo@co.za,001-912-876-7371x386,"632 Stanley Indawo, Stellenbosch, 5299",Boksburg,Limpopo,5694,Computer games developer,Zulu,N/A
'4205171171067,Nkazimulo,Gagashe,Female,1942-05-17,83,Permanent Resident,South Africa,34658587,N/A,N/A,N/A,N/A,N/A,0.91,owethuxulu@za.net,620-483-9663x884,"54 Walter Sisulu Ithafa, Uitenhage, 9238",Stellenbosch,North West,9185,Personal assistant,Zulu,N/A
'7707292609096,Thabisile,Fanisa,Female,1977-07-29,48,Citizen,South Africa,28134612,N/A,N/A,N/A,N/A,N/A,0.76,njabulodubazane@africa.com,(768)455-2902,"271 Albertina Sisulu Isitaladi, Newcastle, 1749",Springs,Northern Cape,7135,"Surveyor, hydrographic",Zulu,N/A
'5904030776072,Sibusisiwe,Ncwaba,Female,1959-04-03,66,Asylum Seeker,South Africa,82143881,N/A,N/A,N/A,N/A,N/A,0.73,nokulunga12@za.net,001-634-859-9770x66409,"759 Clarence Indawo, Kimberley, 2240",George,Western Cape,3691,Analytical chemist,Zulu,N/A
'7501242150001,Silondile,Thusini,Female,1975-01-24,50,Permanent Resident,South Africa,94651118,N/A,N/A,N/A,N/A,N/A,0.82,thalentebinda@africa.com,615-416-6932,"978 Commissioner Umgwaqo, Bethlehem, 5109",Stellenbosch,Free State,6707,Barrister's clerk,Zulu,N/A
'0308074381073,Londiwe,Sonqandile,Female,2003-08-07,22,Asylum Seeker,South Africa,79076743,N/A,N/A,N/A,N/A,N/A,0.7,thumbelaamahle@africa.com,788-643-3757,"19 Stanley Umgwaqo, Benoni, 1762",Kathu,Mpumalanga,8909,Town planner,Zulu,N/A
'6308191635060,Thandiwe,Nyawo,Female,1963-08-19,62,Citizen,South Africa,32069688,N/A,N/A,N/A,N/A,N/A,0.93,ndumisojuqula@africa.com,+1-708-422-7394,"694 William Indawo, Vereeniging, 7626",Mahikeng,Mpumalanga,9121,Fisheries officer,Zulu,N/A
'9312191590007,Ndumiso,Mabuza,Female,1993-12-19,31,Citizen,South Africa,12353339,N/A,N/A,N/A,N/A,N/A,0.76,jabulanindlangamandla@africa.com,475.449.5647,"779 Cecil Indlela, Chatsworth, 3862",Centurion,North West,2168,Social worker,Zulu,N/A
'0102060248010,Bhekokwakhe,Hangala,Female,2001-02-06,24,Citizen,South Africa,83574703,N/A,N/A,N/A,N/A,N/A,0.93,sihawukele87@za.net,+1-908-600-2577,"38 Cecil Isitaladi, Stellenbosch, 9014",Rustenburg,Western Cape,8427,Astronomer,Zulu,N/A
'7210152476018,Sithembiso,Thumbela,Female,1972-10-15,52,Citizen,South Africa,69421979,N/A,N/A,N/A,N/A,N/A,0.83,thalentebhebhe@co.za,296-793-2349,"920 Stanley Ithafa, Springs, 8766",George,Gauteng,5629,Sports development officer,Zulu,N/A
'7710177003096,Langalibalele,Khukhuza,Male,1977-10-17,47,Citizen,South Africa,49970200,N/A,N/A,N/A,N/A,N/A,0.9,mthokozisimkholo@za.net,001-436-825-2898x6922,"7663 George Indawo, Benoni, 3114",Newcastle,KwaZulu-Natal,6708,Television production assistant,Zulu,N/A
'PR25213399,संजना,मैती,Female,1994-01-30,31,Citizen,India,17862163,Study Visa,2024-10-07,2034-10-05,PER10090,N/A,0.8,qmistrii@india.com,+91 070 4115932,"63/92 शिव मेनन, धर्मापुरी 156185",बहादुरगढ,Western Cape,140933,Clinical biochemist,Hindi,14
'5510157419096,Sibonelo,Gcwabe,Male,1955-10-15,69,Citizen,South Africa,59060782,N/A,N/A,N/A,N/A,N/A,0.96,sfisosishiya@za.net,001-356-921-5934,"286 Paul Kruger Indawo, Middelburg, 5711",Randfontein,KwaZulu-Natal,4392,Electrical engineer,Zulu,N/A
'5908271858077,Nomcebo,Mncube,Female,1959-08-27,66,Citizen,South Africa,26817982,N/A,N/A,N/A,N/A,N/A,0.94,sibusisiwe52@africa.com,+1-907-877-6014x315,"5756 Albertina Sisulu Indlela, Middelburg, 8357",Kathu,North West,2524,Higher education lecturer,Zulu,N/A
'6104115170000,Lwandile,Nkwaliyenkosi,Male,1961-04-11,64,Citizen,South Africa,56454838,N/A,N/A,N/A,N/A,N/A,0.81,thando09@africa.com,001-426-919-7411,"568 Long Ithafa, Kathu, 3065",George,Free State,8245,"Teacher, music",Zulu,N/A
'8809117946080,Thando,Mbutho,Male,1988-09-11,37,Permanent Resident,South Africa,19489613,N/A,N/A,N/A,N/A,N/A,0.81,ymtimande@africa.com,807.375.7612,"102 Walter Sisulu Ithafa, Thohoyandou, 6363",Uitenhage,Northern Cape,6529,Waste management officer,Zulu,N/A
'5512095430005,Nhlanhla,Mvubu,Male,1955-12-09,69,Permanent Resident,South Africa,59069812,N/A,N/A,N/A,N/A,N/A,0.78,busisiwemahlobo@co.za,001-311-375-0204x87127,"82 West Isitaladi, Boksburg, 1578",Chatsworth,North West,8537,Probation officer,Zulu,N/A
'TV90138,Busisiwe,Ndlangamandla,Female,1977-01-10,48,Citizen,Zambia,30255013,Business Visa,2024-10-10,2027-02-06,VIS70779,N/A,0.66,zakhelembotho@net,+1-680-713-4405x3083,"981 Grey Indawo, Soweto, 6566",Bethlehem,Free State,4135,Ship broker,Zulu,1
'PR65178478,Annelene,Ruppersberger,Female,1995-02-02,30,Temporary Visa,Germany,578228525,Study Visa,2025-06-18,2035-06-16,PER35733,N/A,0.89,gackermann@de,0647088315,"Enver-Adolph-Straße 73/72, 41671 Quedlinburg",Wismar,North West,04186,Friseur,German,17
'8312281817049,Amahle,Nyawo,Female,1983-12-28,41,Permanent Resident,South Africa,53396252,N/A,N/A,N/A,N/A,N/A,0.94,lwandilemsani@africa.com,6214492902,"63 Commissioner Umgwaqo, iBhayi, 1144",Soweto,KwaZulu-Natal,2846,Adult guidance worker,Zulu,N/A
'0401204267025,Nokulunga,Mabika,Female,2004-01-20,21,Citizen,South Africa,55629150,N/A,N/A,N/A,N/A,N/A,0.79,nqobizitha43@co.za,296-206-2749x3160,"925 Short Umgwaqo, Bethlehem, 7560",Mahikeng,Mpumalanga,5124,Office manager,Zulu,N/A
'5005156672036,Mlungisi,Mgenge,Male,1950-05-15,75,Citizen,South Africa,19468560,N/A,N/A,N/A,N/A,N/A,0.75,mnqobinonyana@co.za,(504)754-2967x2825,"308 Church Ithafa, Sasolburg, 5485",eThekwini,Free State,6966,Waste management officer,Zulu,N/A
'TV95833,Londiwe,Ndlovu,Female,1989-06-03,36,Permanent Resident,Eswatini,97381009,Relative's Visa,2023-08-15,2025-09-08,VIS40961,N/A,0.51,nobuhlemvuyana@net,001-256-549-6362x043,"49 Short Isitaladi, Kimberley, 3195",Middelburg,Western Cape,3378,"Doctor, hospital",Zulu,15
'TV63241,Adrien,Gros,Male,2002-01-12,23,Citizen,France,876485634,Work Visa,2022-12-26,2025-11-02,VIS19344,N/A,0.73,anastasiepottier@france.com,0358463678,"53, rue Diane Hoareau, 27569 Fernandesnec",Marion,Eastern Cape,97169,directeur des services pénitentiaires,French,4
'TV43233,Lorraine,Barbier,Female,2002-11-21,22,Citizen,Democratic Republic of Congo,75221234,Critical Skills Visa,2024-12-12,2026-11-11,VIS72703,N/A,0.74,philippe58@net,04 83 59 15 46,"boulevard Dupont, 15799 Marie-la-Forêt",Menard-sur-Renaud,Free State,51461,médecin spécialiste,French,8
'5606237016002,Vusumuzi,Mkholo,Male,1956-06-23,69,Citizen,South Africa,37698165,N/A,N/A,N/A,N/A,N/A,0.89,zmbonane@za.net,668.207.9677,"4929 Stanley Isitaladi, Mahikeng, 8069",Tembisa,Gauteng,8559,Environmental health practitioner,Zulu,N/A
'PR89140541,Olwethu,Jobe,Female,1994-12-30,30,Citizen,Zambia,35317016,Study Visa,2023-05-02,2033-04-29,PER47276,N/A,0.84,mkhithiluyanda@org,802.956.0266x2992,"556 Church Ithafa, Bethlehem, 1208",Stellenbosch,Limpopo,9217,"Scientist, research (maths)",Zulu,1
'9808081376001,Thembekile,Mahlaba,Female,1998-08-08,27,Permanent Resident,South Africa,97249200,N/A,N/A,N/A,N/A,N/A,0.94,gamedenomasonto@co.za,572.588.0673,"2719 York Umgwaqo, Bloemfontein, 8322",Stellenbosch,Free State,9297,"Surveyor, insurance",Zulu,N/A
'6607218120073,Lungile,Cwalile,Male,1966-07-21,59,Citizen,South Africa,20497274,N/A,N/A,N/A,N/A,N/A,0.99,masikanenozizwe@africa.com,+1-467-563-4779x086,"97 Jan Smuts Umgwaqo, Uitenhage, 5990",Witbank,Gauteng,3590,"Designer, textile",Zulu,N/A
'4708048204010,SimphiweyiNkosi,Qomazitha,Male,1947-08-04,78,Permanent Resident,South Africa,21799097,N/A,N/A,N/A,N/A,N/A,0.89,andile70@co.za,501.242.9483x791,"98 Commissioner Isitaladi, Middelburg, 2372",Potchefstroom,Eastern Cape,9417,Warehouse manager,Zulu,N/A
'AS942392,Zakhele,Mdakane,Female,1996-09-16,29,Citizen,Lesotho,30449566,Asylum Seeker Permit,2024-10-29,2026-10-29,ASP55821,Appeal Pending,0.37,olwethu36@net,+1-431-785-2583x1226,"9579 Cecil Indawo, Musina, 6631",Upington,Gauteng,4724,Personnel officer,Zulu,3
'PR84986099,Nomathemba,Mdlalose,Female,2001-12-18,23,Citizen,Zambia,94248839,Critical Skills Visa,2023-12-23,2033-12-20,PER39968,N/A,0.7,sithembisontanzi@com,(350)863-2561x0052,"88 President Indawo, Uitenhage, 8008",Springs,North West,6272,Amenity horticulturist,Zulu,8
'5503149671016,Bandile,Ngcamu,Male,1955-03-14,70,Citizen,South Africa,45053931,N/A,N/A,N/A,N/A,N/A,0.85,isibeko@africa.com,632.209.3020,"81 George Indlela, iBhayi, 3151",uMgungundlovu,Free State,1837,Accommodation manager,Zulu,N/A
'TV93973,Mzamo,Madlula,Male,1982-07-31,43,Permanent Resident,Ethiopia,29444392,Retirement Visa,2025-05-29,2026-09-25,VIS84131,N/A,0.83,thandokhonjwayo@net,895.912.6996,"25 Elizabeth Umgwaqo, Musina, 5463",Bloemfontein,Limpopo,3699,Ambulance person,Zulu,18
'TV90295,Emmanuelle,Henry,Female,1990-09-26,35,Citizen,United Kingdom,702567282,Business Visa,2025-09-03,2027-11-19,VIS94058,N/A,0.55,simone65@uk.com,0479227853,"2, rue Maury, 74136 GuichardBourg",Sainte Guillaume-les-Bains,KwaZulu-Natal,20942,technicien en optique de précision,French,17
'5711159265098,Mandla,Sotobe,Male,1957-11-15,67,Temporary Visa,South Africa,13909671,N/A,N/A,N/A,N/A,N/A,1.0,langalibalelemthombeni@co.za,001-463-973-1743x19831,"8155 High Isitaladi, Mahikeng, 9565",Vanderbijlpark,KwaZulu-Natal,1707,Multimedia specialist,Zulu,N/A
'9106093717080,Nomasonto,Ngonini,Female,1991-06-09,34,Citizen,South Africa,40599013,N/A,N/A,N/A,N/A,N/A,0.83,sihawukelekhanyeza@africa.com,323-224-6571,"466 Churchill Umgwaqo, Vanderbijlpark, 6346",Witbank,Mpumalanga,6913,"Geologist, wellsite",Zulu,N/A
'AS952152,Zenzele,Ntanzi,Male,1972-01-15,53,Temporary Visa,Zimbabwe,ZI142966,Asylum Seeker Permit,2024-05-29,2026-05-29,ASP34679,Interview Scheduled,0.72,sihawukeledludla@co.zw,001-854-957-0224,"20 Nelson Mandela Indlela, Mbombela, 3612",Soweto,Gauteng,3766,Patent attorney,Zulu,6
'4506116960009,Nhlanhla,Mlambo,Male,1945-06-11,80,Permanent Resident,South Africa,98369497,N/A,N/A,N/A,N/A,N/A,0.95,mngungunyana@africa.com,362.366.8936x99018,"4738 Charles Indawo, eThekwini, 9261",Vereeniging,KwaZulu-Natal,3930,Insurance risk surveyor,Zulu,N/A
'7209237438047,Njabulo,Dlungwana,Male,1972-09-23,53,Citizen,South Africa,64650446,N/A,N/A,N/A,N/A,N/A,0.96,lwandile64@africa.com,001-615-509-5453x0509,"67 Somerset Umgwaqo, Klerksdorp, 3302",Thohoyandou,Gauteng,8928,Charity fundraiser,Zulu,N/A
'5704103956076,Nomagugu,Nhlanhla,Female,1957-04-10,68,Citizen,South Africa,20298324,N/A,N/A,N/A,N/A,N/A,0.83,gagashenozizwe@co.za,001-715-902-6506x859,"5184 Elizabeth Indawo, Welkom, 2895",Tembisa,KwaZulu-Natal,4244,Records manager,Zulu,N/A
'8107177602007,Jabulani,Mangena,Male,1981-07-17,44,Permanent Resident,South Africa,69210662,N/A,N/A,N/A,N/A,N/A,0.94,wsishiya@africa.com,255.612.0680x72701,"343 Commissioner Isitaladi, Chatsworth, 8573",Potchefstroom,Western Cape,6571,Aeronautical engineer,Zulu,N/A
'6702269140082,Siyabonga,Hlongwa,Male,1967-02-26,58,Citizen,South Africa,71081513,N/A,N/A,N/A,N/A,N/A,0.76,mandlakhenkundlande@co.za,629.580.7469,"99 Jan Smuts Ithafa, Tembisa, 8744",Middelburg,Eastern Cape,5921,Chief Executive Officer,Zulu,N/A
'9303127551025,Nhlanhla,Mlalazi,Male,1993-03-12,32,Permanent Resident,South Africa,19071428,N/A,N/A,N/A,N/A,N/A,0.93,bhekisisa44@za.net,994.953.9842,"7867 William Indlela, eGoli, 7051",Vanderbijlpark,North West,7858,Building services engineer,Zulu,N/A
'5401166520042,SimphiweyiNkosi,Lakaza,Male,1954-01-16,71,Citizen,South Africa,78234727,N/A,N/A,N/A,N/A,N/A,0.89,vusumuzi02@africa.com,364-768-0186,"7904 Gandhi Indawo, Mbombela, 8603",Kimberley,Mpumalanga,4642,"Engineer, agricultural",Zulu,N/A
'8810147227047,Lungile,Dlabazane,Male,1988-10-14,36,Permanent Resident,South Africa,33663655,N/A,N/A,N/A,N/A,N/A,0.98,hlatshwayomandla@za.net,001-381-565-9993x67961,"8694 Gandhi Ithafa, Rustenburg, 2577",Springs,Northern Cape,8062,Community pharmacist,Zulu,N/A
'5301121911018,Dumisani,Songiya,Female,1953-01-12,72,Temporary Visa,South Africa,90382175,N/A,N/A,N/A,N/A,N/A,0.87,nmaphalala@za.net,+1-425-736-7325x647,"665 Albertina Sisulu Indawo, Vanderbijlpark, 8508",Welkom,Western Cape,5382,Economist,Zulu,N/A
'5604135146071,Mlungisi,Mahlase,Male,1956-04-13,69,Permanent Resident,South Africa,33149347,N/A,N/A,N/A,N/A,N/A,0.87,thembekalanga@co.za,355.706.3177x5053,"250 Grey Umgwaqo, Kimberley, 9732",Paarl,Northern Cape,5472,Sub,Zulu,N/A
'TV55947,Nonjabulo,Mahlobo,Female,2000-06-04,25,Citizen,Kenya,K1943346,Business Visa,2024-08-17,2027-02-12,VIS67251,N/A,0.89,hnongalo@co.ke,(736)329-7427x695,"254 Clarence Umgwaqo, Chatsworth, 5758",Benoni,Northern Cape,9307,"Lecturer, further education",Zulu,10
'6801280864048,Nomvula,Nhlanhlampofu,Female,1968-01-28,57,Citizen,South Africa,41651692,N/A,N/A,N/A,N/A,N/A,0.78,busisiwe41@za.net,+1-337-783-2620x88369,"26 Joseph Umgwaqo, Sasolburg, 6078",George,Eastern Cape,1632,Research scientist (medical),Zulu,N/A
'6501035292000,Sandile,Mnqamu,Male,1965-01-03,60,Citizen,South Africa,52306586,N/A,N/A,N/A,N/A,N/A,0.94,lakazasimphiwe@co.za,206.557.5970x8073,"889 President Ithafa, Kathu, 4296",Bloemfontein,Western Cape,7491,Sales executive,Zulu,N/A
'5804135146036,Thando,Ntombela,Male,1958-04-13,67,Permanent Resident,South Africa,34909925,N/A,N/A,N/A,N/A,N/A,0.88,ynhlanhla@co.za,805-394-1747,"655 Oxford Indawo, Chatsworth, 6420",Polokwane,Limpopo,6502,Physiological scientist,Zulu,N/A
'5911250048019,Bhekisisa,Nyokayebululu,Female,1959-11-25,65,Citizen,South Africa,16708961,N/A,N/A,N/A,N/A,N/A,0.96,ndlovusfiso@co.za,989-370-0892,"89 George Indlela, Bethlehem, 7746",Uitenhage,KwaZulu-Natal,6968,Town planner,Zulu,N/A
'6109057505027,Langalibalele,Sonqandile,Male,1961-09-05,64,Citizen,South Africa,69206608,N/A,N/A,N/A,N/A,N/A,0.71,zenzilemgabhi@co.za,+1-359-599-9105x6650,"17 Rivonia Umgwaqo, Rustenburg, 3467",Centurion,Gauteng,1481,Pathologist,Zulu,N/A
'9404161953017,Nkazimulo,Makhedama,Female,1994-04-16,31,Citizen,South Africa,72991017,N/A,N/A,N/A,N/A,N/A,0.98,owethunene@co.za,928.240.5360x750,"4652 Thomas Indawo, Boksburg, 9748",eGoli,Free State,5967,Dance movement psychotherapist,Zulu,N/A
'AS933182,Océane,Auger,Female,1981-02-21,44,Citizen,France,661987449,Asylum Seeker Permit,2024-06-17,2026-06-17,ASP84090,Interview Scheduled,0.38,richardcollin@france.com,+33 (0)5 19 25 14 37,"76, avenue Bernadette Raymond, 39575 Martins",Saint Claire,Limpopo,68327,professeur de lycée professionnel,French,16
'7111085448051,Mthokozisi,Phakathwayo,Male,1971-11-08,53,Citizen,South Africa,21361279,N/A,N/A,N/A,N/A,N/A,0.88,zibuyilemjadu@za.net,(914)257-9695x674,"3132 Thomas Isitaladi, Randfontein, 5508",iBhayi,North West,8731,"Lecturer, higher education",Zulu,N/A
'8305146937082,Sandile,Sothole,Male,1983-05-14,42,Citizen,South Africa,80631717,N/A,N/A,N/A,N/A,N/A,0.78,mvuyanathembeka@za.net,001-869-708-3966x44809,"53 Somerset Indlela, Sasolburg, 2644",Randfontein,Limpopo,2502,Economist,Zulu,N/A
'6110015982078,Bandile,Khwela,Male,1961-10-01,64,Temporary Visa,South Africa,47981632,N/A,N/A,N/A,N/A,N/A,0.81,mandla49@africa.com,964.555.3733,"8060 Main Umgwaqo, uMgungundlovu, 3244",Mahikeng,Gauteng,9053,Dramatherapist,Zulu,N/A
'8505135793067,Bhekani,Njinji,Male,1985-05-13,40,Citizen,South Africa,77214395,N/A,N/A,N/A,N/A,N/A,0.83,gdingila@za.net,903-798-1270,"300 President Indawo, Springs, 2949",Vanderbijlpark,Limpopo,4262,Sales promotion account executive,Zulu,N/A
'AS701651,Hélène,Richard,Female,1973-08-19,52,Citizen,Democratic Republic of Congo,79146761,Asylum Seeker Permit,2024-01-13,2026-01-12,ASP29303,Refugee Status Granted,0.54,juleslesage@net,06 78 86 48 64,"27, boulevard de Ruiz, 65587 LeclercqBourg",Lagarde,North West,81399,géologue,French,9
'AS153207,Nomagugu,Lakaza,Female,1994-01-06,31,Citizen,Somalia,35593862,Asylum Seeker Permit,2025-02-12,2027-02-12,ASP80916,Interview Scheduled,0.75,zlange@org,301-582-0950x881,"27 Victoria Umgwaqo, iBhayi, 1068",Tembisa,North West,3115,Camera operator,Zulu,7
'TV93805,Pénélope,Chauvin,Female,1996-08-11,29,Citizen,Democratic Republic of Congo,40406997,Relative's Visa,2023-11-22,2024-02-20,VIS82946,N/A,0.7,simonebuisson@net,02 50 85 29 97,"avenue Tristan Pelletier, 86874 Sainte Marcel",Chauvin-sur-Mer,Eastern Cape,89503,chef de projet multimédia,French,7
'9502053800009,Nomalanga,Nonyana,Female,1995-02-05,30,Citizen,South Africa,20310734,N/A,N/A,N/A,N/A,N/A,0.86,thabani01@za.net,(318)922-6003x5836,"490 Cecil Indawo, Newcastle, 5032",Centurion,Northern Cape,6163,Science writer,Zulu,N/A
'5607023192017,Gugulethu,Motha,Female,1956-07-02,69,Citizen,South Africa,39848459,N/A,N/A,N/A,N/A,N/A,0.99,lukhelesibusisiwe@africa.com,435-587-6680,"17 Church Umgwaqo, eThekwini, 3357",Centurion,Gauteng,4335,Public relations account executive,Zulu,N/A
'4504119963046,Sphiwe,Mbekwa,Male,1945-04-11,80,Asylum Seeker,South Africa,49511142,N/A,N/A,N/A,N/A,N/A,0.92,andile30@co.za,468.453.7139,"7021 Church Indawo, Sasolburg, 2170",Newcastle,Eastern Cape,9971,Special effects artist,Zulu,N/A
'5809200402060,Thembekile,Fihlela,Female,1958-09-20,67,Asylum Seeker,South Africa,86214537,N/A,N/A,N/A,N/A,N/A,0.77,wmalevu@africa.com,001-995-593-7733,"331 Charles Indawo, Welkom, 2507",iBhayi,Eastern Cape,9565,Insurance claims handler,Zulu,N/A
'0405200005085,Londiwe,Gumede,Female,2004-05-20,21,Citizen,South Africa,64285397,N/A,N/A,N/A,N/A,N/A,0.86,maphangathembisile@co.za,001-506-751-6396x8644,"8830 Church Isitaladi, Bloemfontein, 4086",Thohoyandou,Mpumalanga,3557,Statistician,Zulu,N/A
'9409106696028,S'fiso,Mfeka,Male,1994-09-10,31,Temporary Visa,South Africa,25786354,N/A,N/A,N/A,N/A,N/A,0.73,thabisa24@africa.com,636-859-5875x409,"34 Main Indlela, Stellenbosch, 4477",Springs,Free State,2634,"Engineer, chemical",Zulu,N/A
'5803145285022,Jabulani,Godide,Male,1958-03-14,67,Citizen,South Africa,60953790,N/A,N/A,N/A,N/A,N/A,0.78,ngibamandlakhe@co.za,380.298.1826x5967,"360 Main Ithafa, Vereeniging, 7089",Boksburg,Limpopo,4668,"Designer, television/film set",Zulu,N/A
'7811282729041,Amahle,Mhlophe,Female,1978-11-28,46,Citizen,South Africa,73412599,N/A,N/A,N/A,N/A,N/A,0.76,nenzinothando@za.net,928.813.4735x5588,"39 George Isitaladi, Kimberley, 9976",Sasolburg,Free State,7615,"Therapist, art",Zulu,N/A
'6404249753025,Jabulani,Mwandla,Male,1964-04-24,61,Citizen,South Africa,81950637,N/A,N/A,N/A,N/A,N/A,0.78,sigagunokulunga@za.net,582-874-1841,"34 Main Indlela, uMgungundlovu, 9278",Musina,Mpumalanga,2842,Banker,Zulu,N/A
'AS221213,Siphesihle,Mdonswa,Female,1978-10-10,46,Citizen,Kenya,K5754022,Asylum Seeker Permit,2025-02-04,2027-02-04,ASP12539,Refugee Status Granted,0.43,thabisiledlangamandla@co.ke,+1-417-498-7859x89618,"570 Rivonia Isitaladi, Potchefstroom, 8559",Rustenburg,Northern Cape,5622,"Engineer, civil (contracting)",Zulu,15
'5012146974046,Andile,Hlatshwayo,Male,1950-12-14,74,Permanent Resident,South Africa,95822424,N/A,N/A,N/A,N/A,N/A,0.89,thandeka76@za.net,807.578.4442x09343,"164 Cecil Indawo, uMgungundlovu, 2836",Tembisa,Western Cape,4078,Print production planner,Zulu,N/A
'PR28603279,Jeanne,Lemonnier,Female,1972-02-07,53,Temporary Visa,United Kingdom,463496679,Critical Skills Visa,2023-02-14,2033-02-11,PER56594,N/A,0.83,marcvallet@co.uk,+33 4 85 53 52 52,"795, rue Millet, 65387 Weiss",Lenoir,Mpumalanga,51947,électromécanicien,French,16
'7310253074028,Mnqobi,Mbulazi,Female,1973-10-25,51,Citizen,South Africa,20008961,N/A,N/A,N/A,N/A,N/A,0.93,masikanezenzele@co.za,(851)910-7344,"4760 Adelaide Umgwaqo, Mbombela, 3407",Krugersdorp,Eastern Cape,4744,"Surveyor, quantity",Zulu,N/A
'TV88343,Nomthandazo,Nsindane,Female,1972-06-14,53,Citizen,Malawi,78158660,Relative's Visa,2022-12-21,2024-08-06,VIS86213,N/A,0.81,nomasonto65@org,4089552074,"4784 Edward Umgwaqo, Mbombela, 5787",Randfontein,Mpumalanga,9768,Prison officer,Zulu,3
'7408177772097,Vusumuzi,Mbongwe,Male,1974-08-17,51,Permanent Resident,South Africa,45947132,N/A,N/A,N/A,N/A,N/A,0.96,sibonelomemela@co.za,(595)485-7668x4141,"83 Thomas Umgwaqo, Mbombela, 4042",Bloemfontein,KwaZulu-Natal,6142,Occupational psychologist,Zulu,N/A
'9806166300040,Langalibalele,Nala,Male,1998-06-16,27,Temporary Visa,South Africa,30703431,N/A,N/A,N/A,N/A,N/A,0.96,sandile19@africa.com,(920)284-3983x794,"3618 King Isitaladi, Bloemfontein, 6521",Boksburg,Western Cape,4084,Risk manager,Zulu,N/A
'4108106925047,Lwandile,Fenya,Male,1941-08-10,84,Citizen,South Africa,28030586,N/A,N/A,N/A,N/A,N/A,0.86,nomusamangcamane@africa.com,403-537-6216,"1063 Victoria Umgwaqo, Musina, 1658",Springs,Gauteng,1799,Web designer,Zulu,N/A
'PR32138707,Nadeschda,Werner,Female,1982-09-29,43,Citizen,Germany,137334565,Study Visa,2025-04-12,2035-04-10,PER84397,N/A,0.92,anna-luise09@de,(08530) 90438,"Steinbergplatz 19-71, 37335 Brand",Hildburghausen,Northern Cape,69477,Forstwirt,German,1
'4304012784003,Silondile,Ngcobo,Female,1943-04-01,82,Citizen,South Africa,58646186,N/A,N/A,N/A,N/A,N/A,0.92,qmyeza@za.net,273.327.0030,"442 Gandhi Indawo, eGoli, 1822",Upington,Mpumalanga,7487,Fashion designer,Zulu,N/A
'PR34417803,Jeannine,Delaunay,Female,1977-06-26,48,Citizen,Democratic Republic of Congo,77388815,Critical Skills Visa,2025-07-13,2035-07-11,PER46156,N/A,0.84,xdescamps@com,03 57 24 58 34,"1, chemin De Sousa, 97114 Vallet",Nguyendan,Mpumalanga,75509,chef de projet biodiversité,French,13
'5105283221048,Nobuhle,Sithenjwa,Female,1951-05-28,74,Citizen,South Africa,92190647,N/A,N/A,N/A,N/A,N/A,0.96,bdlabane@africa.com,001-573-441-2128,"46 Napier Ithafa, Krugersdorp, 6783",Welkom,KwaZulu-Natal,4100,Lobbyist,Zulu,N/A
'9608267534031,Thabani,Nkumane,Male,1996-08-26,29,Citizen,South Africa,79595578,N/A,N/A,N/A,N/A,N/A,0.88,ndawothembeka@za.net,001-524-943-2160x270,"167 Grey Umgwaqo, Springs, 3674",Uitenhage,Eastern Cape,5449,"Radiographer, therapeutic",Zulu,N/A
'9302156106034,Sibusiso,Khwane,Male,1993-02-15,32,Citizen,South Africa,44127396,N/A,N/A,N/A,N/A,N/A,0.75,mphakathi@africa.com,470.395.7641x5143,"35 Voortrekker Indlela, Tembisa, 9024",Kimberley,Northern Cape,1438,"Scientist, research (physical sciences)",Zulu,N/A
'7301145689047,Vusumuzi,Lembede,Male,1973-01-14,52,Citizen,South Africa,42683503,N/A,N/A,N/A,N/A,N/A,0.74,lmalinga@za.net,962-215-7901,"2856 Main Isitaladi, Randfontein, 9016",Klerksdorp,Northern Cape,7708,"Administrator, education",Zulu,N/A
'9603256699094,Musa,Mngadi,Male,1996-03-25,29,Citizen,South Africa,49243755,N/A,N/A,N/A,N/A,N/A,0.75,nomasontondiyema@za.net,001-573-934-8412x258,"6818 George Isitaladi, Vanderbijlpark, 6376",Centurion,Free State,4670,Insurance claims handler,Zulu,N/A
'6403305752021,Andile,Mbokazi,Male,1964-03-30,61,Citizen,South Africa,32743134,N/A,N/A,N/A,N/A,N/A,0.73,thabani41@africa.com,001-715-332-9510x248,"5184 Nelson Mandela Indawo, Uitenhage, 8072",Middelburg,Northern Cape,9861,Geoscientist,Zulu,N/A
'PR64692370,Wieslaw,Steuer,Male,2005-02-01,20,Citizen,Germany,154633228,Retirement Visa,2025-03-04,2035-03-02,PER48516,N/A,0.83,korbinian56@germany.com,04160 52083,"Hellwigallee 37, 97600 Chemnitz",Döbeln,North West,01536,Bäcker,German,17
'9701052543064,Thembeka,Vunisa,Female,1997-01-05,28,Citizen,South Africa,18801232,N/A,N/A,N/A,N/A,N/A,0.84,mhlangalondisizwe@za.net,001-417-259-9609,"52 Prince Indlela, Potchefstroom, 4534",Stellenbosch,Eastern Cape,6500,Exhibition designer,Zulu,N/A
'7910225247042,Sphiwe,Mdluli,Male,1979-10-22,45,Citizen,South Africa,85406672,N/A,N/A,N/A,N/A,N/A,0.89,jamahle@za.net,691.799.1306x4066,"9990 Prince Umgwaqo, Witbank, 3760",Paarl,North West,6183,Maintenance engineer,Zulu,N/A
'TV93454,Njabulo,Ndlala,Male,1972-12-16,52,Permanent Resident,Somalia,33799178,Business Visa,2023-02-18,2024-08-07,VIS26764,N/A,0.63,fcenge@net,611-245-9868x456,"48 York Isitaladi, Soweto, 5863",Polokwane,Limpopo,7426,"Programme researcher, broadcasting/film/video",Zulu,2
'8812247381070,Mthokozisi,Ntshiza,Male,1988-12-24,36,Citizen,South Africa,61873689,N/A,N/A,N/A,N/A,N/A,0.92,mkhumbuzithandazile@za.net,+1-816-506-8373x73981,"558 Main Isitaladi, iKapa, 6000",Witbank,Free State,7204,Database administrator,Zulu,N/A
'6604280161068,Nkazimulo,Phathwayo,Female,1966-04-28,59,Citizen,South Africa,57498197,N/A,N/A,N/A,N/A,N/A,0.95,nobantumkhumbuzi@za.net,230.639.4199x3822,"983 President Indawo, Bloemfontein, 9189",Polokwane,Limpopo,1377,Waste management officer,Zulu,N/A
'6711111545040,Nomathemba,Mhlongwane,Female,1967-11-11,57,Permanent Resident,South Africa,79431145,N/A,N/A,N/A,N/A,N/A,0.94,bikelwayosilondile@za.net,656.597.4116x06255,"34 Walter Sisulu Ithafa, Springs, 7313",Upington,Eastern Cape,7103,Cabin crew,Zulu,N/A
'TV68844,Tristan,Julien,Male,1993-03-30,32,Citizen,United Kingdom,881948309,Retirement Visa,2023-04-24,2023-12-26,VIS83160,N/A,0.65,rdufour@uk.com,01 44 38 45 00,"88, rue Marchal, 92543 Chauvin",Chauveau-sur-Mer,North West,92987,directeur d'hôpital,French,15
'7309174906072,Owethu,Nombela,Female,1973-09-17,52,Temporary Visa,South Africa,63199482,N/A,N/A,N/A,N/A,N/A,0.79,tmnyandu@za.net,5109675801,"900 Victoria Indawo, Soweto, 4016",uMgungundlovu,Gauteng,1805,Patent examiner,Zulu,N/A
'6605264895033,Thabisile,Mathebela,Female,1966-05-26,59,Permanent Resident,South Africa,49387995,N/A,N/A,N/A,N/A,N/A,0.85,mthokozisi82@za.net,278.916.5293x1142,"158 High Indlela, Newcastle, 3550",Upington,Northern Cape,4844,Radiation protection practitioner,Zulu,N/A
'6505279011011,Lungile,Ndlangamandla,Male,1965-05-27,60,Temporary Visa,South Africa,57458063,N/A,N/A,N/A,N/A,N/A,0.86,khanyileandile@za.net,001-644-587-9751x973,"905 Victoria Indawo, iBhayi, 5791",Paarl,Free State,6560,"Civil engineer, consulting",Zulu,N/A
'PR11741389,Thando,Gwamanda,Male,1985-11-17,39,Citizen,Zambia,38769213,Corporate Visa,2023-04-06,2033-04-03,PER66858,N/A,0.87,nobantumcanyana@org,(600)903-1038,"693 West Umgwaqo, Mahikeng, 6826",Sasolburg,Western Cape,2305,Curator,Zulu,19
'PR66145670,Nozizwe,Sithuli,Female,1971-12-26,53,Citizen,Nigeria,N4891363,Critical Skills Visa,2023-07-04,2033-07-01,PER71557,N/A,0.64,mbongwelungile@nigeria.com,803-735-9405,"9266 King Umgwaqo, Kimberley, 7051",Potchefstroom,Limpopo,9328,"Sound technician, broadcasting/film/video",Zulu,14
'AS641609,Mzamo,Mzobe,Male,1980-02-06,45,Citizen,Kenya,K4733837,Asylum Seeker Permit,2023-12-13,2025-12-12,ASP38998,Under Review,0.44,hthembela@co.ke,737-609-3167,"24 Commissioner Umgwaqo, Soweto, 3125",Rustenburg,Western Cape,4725,Forensic scientist,Zulu,14
'8505041666091,Nqobizitha,Khaba,Female,1985-05-04,40,Temporary Visa,South Africa,29851145,N/A,N/A,N/A,N/A,N/A,0.84,nothando93@za.net,+1-296-677-4899,"352 Elizabeth Umgwaqo, Sasolburg, 5594",Bloemfontein,Limpopo,5968,"Psychologist, counselling",Zulu,N/A
'7112174243000,Nomalanga,Phingoshe,Female,1971-12-17,53,Citizen,South Africa,36903827,N/A,N/A,N/A,N/A,N/A,0.86,lukhelenomalanga@co.za,8472255365,"92 Oxford Indlela, iBhayi, 7317",Thohoyandou,Limpopo,7143,Occupational therapist,Zulu,N/A
'PR37841139,Luyanda,Sonqandile,Male,1985-04-21,40,Permanent Resident,Lesotho,50379344,Critical Skills Visa,2023-01-28,2033-01-25,PER60621,N/A,0.72,jibelankazimulo@org,(626)695-1588x41134,"9807 York Indawo, Randfontein, 1398",uMgungundlovu,Northern Cape,1019,Purchasing manager,Zulu,7
'6808212075098,Nomusa,Nontanda,Female,1968-08-21,57,Temporary Visa,South Africa,53621278,N/A,N/A,N/A,N/A,N/A,0.83,lwandile40@za.net,(335)332-3147,"95 Milner Indawo, Benoni, 4567",iKapa,Limpopo,4022,Office manager,Zulu,N/A
'PR57608131,Sibusisiwe,Gatsheni,Female,2004-01-09,21,Temporary Visa,Tanzania,61122840,Work Visa,2023-11-25,2033-11-22,PER52729,N/A,0.92,pgwija@com,+1-318-339-1849x6648,"7371 Joseph Umgwaqo, Sasolburg, 9000",Paarl,KwaZulu-Natal,1192,"Runner, broadcasting/film/video",Zulu,1
'TV36830,楠,张,Male,1976-05-02,49,Asylum Seeker,China,81639483,Work Visa,2024-12-04,2027-03-29,VIS93723,N/A,0.89,chaoqian@china.com,18148115154,广西壮族自治区长春县魏都大冶街H座 495985,玉县,North West,909435,音乐/美术教师,Mandarin,9
'0306037908086,Sibonelo,Sikhunyana,Male,2003-06-03,22,Permanent Resident,South Africa,49614392,N/A,N/A,N/A,N/A,N/A,0.72,vgobhozi@africa.com,933-959-3669x89656,"96 Stanley Indawo, Stellenbosch, 7614",Kimberley,North West,1291,Paramedic,Zulu,N/A
'9410285286046,Mandla,Nyawo,Male,1994-10-28,30,Citizen,South Africa,67658173,N/A,N/A,N/A,N/A,N/A,0.74,thandekavumisa@za.net,(429)269-0640x165,"61 West Ithafa, Musina, 1661",Chatsworth,Free State,5412,"Conservation officer, nature",Zulu,N/A
'TV40495,Jacques,Guillon,Male,1999-08-12,26,Citizen,United States,209064907,Relative's Visa,2025-05-06,2027-09-24,VIS82583,N/A,0.6,eliseguichard@us.com,0492481356,"98, chemin de Lemoine, 95271 Lombard",Saint Jules,KwaZulu-Natal,81462,démographe,French,10
'7307293904078,Olwethu,Mkhonza,Female,1973-07-29,52,Citizen,South Africa,28402519,N/A,N/A,N/A,N/A,N/A,0.9,siyabongampumuza@africa.com,(757)596-1196x26875,"5972 Milner Indlela, Stellenbosch, 8011",Uitenhage,Limpopo,9036,Field seismologist,Zulu,N/A
'7411026675070,Luyanda,Nsibanyoni,Male,1974-11-02,50,Citizen,South Africa,90415995,N/A,N/A,N/A,N/A,N/A,0.84,shezizenzele@africa.com,586.610.8541x17055,"1206 Voortrekker Indawo, Stellenbosch, 4566",Vanderbijlpark,Limpopo,6393,"Research officer, trade union",Zulu,N/A
'AS992689,婷,梁,Female,1985-03-01,40,Citizen,China,11678212,Asylum Seeker Permit,2024-12-20,2026-12-20,ASP46995,Refugee Status Granted,0.68,cuiping@china.com,14589131610,湖北省巢湖县双滦宜都街G座 999577,雪梅市,KwaZulu-Natal,916521,网店店铺管理员,Mandarin,15
'4506060321063,Thembeka,Gebashe,Female,1945-06-06,80,Citizen,South Africa,88802139,N/A,N/A,N/A,N/A,N/A,0.7,khambulesfiso@co.za,+1-534-877-1188x9719,"203 Milner Umgwaqo, Stellenbosch, 2964",Polokwane,Western Cape,8570,Event organiser,Zulu,N/A
'PR63189755,Mandlakhe,Mlalane,Male,1970-12-30,54,Citizen,Tanzania,99275736,Critical Skills Visa,2025-01-27,2035-01-25,PER50606,N/A,0.75,ndumisokhawula@com,(539)568-2086x924,"7111 Stanley Ithafa, Chatsworth, 4313",Welkom,KwaZulu-Natal,4398,"Conservation officer, historic buildings",Zulu,10
'9410212089026,Bhekokwakhe,Shamase,Female,1994-10-21,30,Permanent Resident,South Africa,28499341,N/A,N/A,N/A,N/A,N/A,0.9,lungile24@africa.com,(808)476-8845x125,"6562 Queen Isitaladi, Sasolburg, 3729",Bloemfontein,Western Cape,8574,Clinical psychologist,Zulu,N/A
'5607231514045,Nomathalente,Madi,Female,1956-07-23,69,Citizen,South Africa,89862365,N/A,N/A,N/A,N/A,N/A,0.93,nomusa84@africa.com,621-899-9057,"55 George Umgwaqo, George, 5908",Stellenbosch,Free State,3420,Leisure centre manager,Zulu,N/A
'5906271606036,Thandazile,Dingila,Female,1959-06-27,66,Citizen,South Africa,45288763,N/A,N/A,N/A,N/A,N/A,0.75,sibusisiwe86@co.za,+1-594-258-6041x45964,"532 York Ithafa, Potchefstroom, 2287",iKapa,North West,5200,Hydrologist,Zulu,N/A
'0009213638092,Nkazimulo,Madela,Female,2000-09-21,25,Permanent Resident,South Africa,87988369,N/A,N/A,N/A,N/A,N/A,0.82,nomalangadlawuza@africa.com,413-728-6092x6885,"704 Frere Umgwaqo, Rustenburg, 8803",Krugersdorp,Mpumalanga,5408,"Designer, furniture",Zulu,N/A
'AS914254,Alfred,Dias,Male,1990-10-19,34,Citizen,France,100346196,Asylum Seeker Permit,2024-06-17,2026-06-17,ASP94986,Application Submitted,0.36,yvesperrier@fr,+33 6 98 41 05 10,"45, avenue Leleu, 43399 Launay",Letellierdan,Free State,33100,accompagnateur en moyenne montagne,French,15
'0010146947064,Luyanda,Hlubi,Male,2000-10-14,24,Citizen,South Africa,74579173,N/A,N/A,N/A,N/A,N/A,0.9,dhadebe@za.net,330.319.2572x3058,"8318 Stanley Indlela, Tembisa, 7021",Kathu,KwaZulu-Natal,3429,Museum/gallery conservator,Zulu,N/A
'6411063925003,Amahle,Mbokazi,Female,1964-11-06,60,Citizen,South Africa,24646011,N/A,N/A,N/A,N/A,N/A,0.86,indabansele@co.za,(947)905-2641x52542,"8224 Albertina Sisulu Indawo, eThekwini, 8385",Kimberley,Western Cape,3371,Chief Executive Officer,Zulu,N/A
'4604024284048,Silondile,Khambule,Female,1946-04-02,79,Permanent Resident,South Africa,32270452,N/A,N/A,N/A,N/A,N/A,0.96,nozibusisosibanda@co.za,257-680-5582x93661,"77 Oxford Indlela, eThekwini, 3107",Vereeniging,Eastern Cape,2717,Materials engineer,Zulu,N/A
'7601276947025,Sphiwe,Mfusi,Male,1976-01-27,49,Asylum Seeker,South Africa,37403744,N/A,N/A,N/A,N/A,N/A,0.72,swazinobuhle@co.za,+1-923-797-3212x7398,"8589 Smith Isitaladi, Rustenburg, 3426",Middelburg,Northern Cape,2332,Hospital pharmacist,Zulu,N/A
'9002201826049,Thandeka,Nsukuza,Female,1990-02-20,35,Citizen,South Africa,21339349,N/A,N/A,N/A,N/A,N/A,0.86,zinhledimbani@za.net,571.857.6202,"855 Jan Smuts Umgwaqo, Springs, 2074",Uitenhage,KwaZulu-Natal,2522,Sports coach,Zulu,N/A
'5711268234064,Sandile,Msokazi,Male,1957-11-26,67,Temporary Visa,South Africa,49677368,N/A,N/A,N/A,N/A,N/A,0.89,nokulungasongiya@za.net,(503)635-4328,"420 Milner Indawo, Vereeniging, 9752",Tembisa,Mpumalanga,2223,TEFL teacher,Zulu,N/A
'9808250336075,Thabisile,Magolwana,Female,1998-08-25,27,Citizen,South Africa,14634339,N/A,N/A,N/A,N/A,N/A,0.97,bandilemfeka@co.za,(637)536-4256,"5382 Joseph Ithafa, Paarl, 9247",Randfontein,Western Cape,4655,Film/video editor,Zulu,N/A
'PR58522751,Rafael,Cruz,Male,1990-10-21,34,Citizen,Mozambique,MO635752,Critical Skills Visa,2025-05-02,2035-04-30,PER26592,N/A,0.75,esantos@co.mz,(351) 202 100 601,"Rua de Oliveira, 1, 6876-224 São Salvador de Lordelo",Cartaxo,Northern Cape,3952-357,Trabalhador qualificado em isolamentos acústicos e térmicos,Portuguese,9
'7508268527084,Luyanda,Mangede,Male,1975-08-26,50,Citizen,South Africa,35402100,N/A,N/A,N/A,N/A,N/A,0.76,nomathembampila@africa.com,+1-997-533-5470x8106,"6428 Joseph Indlela, Stellenbosch, 9450",Boksburg,Gauteng,9227,Magazine features editor,Zulu,N/A
'9007093203060,Nobantu,Gubeshe,Female,1990-07-09,35,Citizen,South Africa,67182115,N/A,N/A,N/A,N/A,N/A,0.85,thembeka85@co.za,776.840.6180x297,"16 Albertina Sisulu Ithafa, iBhayi, 9779",Tembisa,KwaZulu-Natal,4537,"Civil engineer, contracting",Zulu,N/A
'9803209589065,Zenzele,Duma,Male,1998-03-20,27,Temporary Visa,South Africa,75982273,N/A,N/A,N/A,N/A,N/A,0.71,zenzelethusi@africa.com,(386)778-8098,"114 Milner Indlela, Rustenburg, 1576",Klerksdorp,Northern Cape,4329,"Conservator, museum/gallery",Zulu,N/A
'5505083797048,Sibongile,Dumisa,Female,1955-05-08,70,Citizen,South Africa,18231839,N/A,N/A,N/A,N/A,N/A,0.95,makhazalangalibalele@za.net,+1-511-833-8057,"30 Charles Indawo, Paarl, 1437",Polokwane,Mpumalanga,4912,Chartered loss adjuster,Zulu,N/A
'7111308169088,Lungile,Gadlela,Male,1971-11-30,53,Citizen,South Africa,52857122,N/A,N/A,N/A,N/A,N/A,0.81,nongalazabandile@za.net,+1-793-578-8054x43917,"7697 Napier Ithafa, Benoni, 9826",Kathu,Gauteng,4850,Agricultural engineer,Zulu,N/A
'0105210275042,Sihawukele,Mnqayi,Female,2001-05-21,24,Citizen,South Africa,85834808,N/A,N/A,N/A,N/A,N/A,0.95,sandilemahlalela@za.net,(724)749-1381x436,"7733 Long Indawo, Newcastle, 5811",Welkom,Mpumalanga,9473,Land,Zulu,N/A
'4210163604071,Thembekile,Mangethe,Female,1942-10-16,82,Citizen,South Africa,67026258,N/A,N/A,N/A,N/A,N/A,0.75,bhembemandla@africa.com,+1-306-831-7051,"2530 Milner Umgwaqo, Kathu, 5238",Benoni,Mpumalanga,9209,"Journalist, newspaper",Zulu,N/A
'0509265389006,Andile,Makhedama,Male,2005-09-26,20,Permanent Resident,South Africa,99908250,N/A,N/A,N/A,N/A,N/A,0.79,mkhungonokulunga@co.za,001-308-677-5338x45790,"7633 Grey Ithafa, Vereeniging, 3059",iKapa,Limpopo,7622,"Editor, film/video",Zulu,N/A
'4111172623001,Nobantu,Mboyisa,Female,1941-11-17,83,Asylum Seeker,South Africa,53098889,N/A,N/A,N/A,N/A,N/A,0.99,nobuhlemtshali@africa.com,6523304765,"4678 Church Isitaladi, Uitenhage, 2581",eGoli,KwaZulu-Natal,8399,Freight forwarder,Zulu,N/A
'7610226164092,Andile,Qomazitha,Male,1976-10-22,48,Citizen,South Africa,39808667,N/A,N/A,N/A,N/A,N/A,0.82,nomasontoncama@za.net,263.651.0082x0630,"98 Churchill Umgwaqo, Chatsworth, 3820",Sasolburg,Mpumalanga,5405,"Scientist, research (physical sciences)",Zulu,N/A
'8611030048097,Thandiwe,Mnangwe,Female,1986-11-03,38,Citizen,South Africa,66660949,N/A,N/A,N/A,N/A,N/A,0.88,ymngomezulu@za.net,001-400-400-1196x61099,"678 Commissioner Ithafa, Potchefstroom, 5456",Polokwane,Free State,5195,Ambulance person,Zulu,N/A
'PR10909773,Sihawukele,Ngazitha,Female,1984-09-03,41,Citizen,Malawi,91303707,Study Visa,2024-01-30,2034-01-27,PER22418,N/A,0.72,zenzileshabangu@net,(987)297-3267,"877 Commissioner Ithafa, Rustenburg, 3622",Bloemfontein,North West,7730,"Psychologist, occupational",Zulu,1
'AS100147,Njabulo,Gcugcwa,Male,1982-08-09,43,Permanent Resident,Ethiopia,38289202,Asylum Seeker Permit,2023-03-09,2025-03-08,ASP24928,Appeal Pending,0.59,zibuyile03@org,(947)682-3690,"720 West Umgwaqo, uMgungundlovu, 9588",Krugersdorp,Northern Cape,7272,Lawyer,Zulu,1
'6211136326013,Minenhle,Nontanda,Male,1962-11-13,62,Permanent Resident,South Africa,13492661,N/A,N/A,N/A,N/A,N/A,0.86,thabisa41@za.net,001-978-998-0851x074,"947 Victoria Ithafa, Paarl, 6689",Bloemfontein,Free State,1634,Arts administrator,Zulu,N/A
'PR90831045,Frédérique,Blondel,Female,1999-08-30,26,Citizen,United Kingdom,577530377,Study Visa,2024-01-08,2034-01-05,PER26377,N/A,0.76,charpentieralice@uk.com,+33 6 31 53 93 67,"69, avenue Chantal Michel, 47486 Potier",Techer,Western Cape,15813,monteur en installations thermiques et climatiques,French,3
'8412163600003,Thuthukile,Mathebula,Female,1984-12-16,40,Citizen,South Africa,11877979,N/A,N/A,N/A,N/A,N/A,0.93,xnzimande@co.za,619.982.4390x9355,"219 Clarence Umgwaqo, Paarl, 4684",Vereeniging,Northern Cape,4744,Make,Zulu,N/A
'PR17608788,SimphiweyiNkosi,Mdlenevu,Male,2001-05-10,24,Temporary Visa,Ethiopia,20468852,Study Visa,2023-05-18,2033-05-15,PER63096,N/A,0.67,mtolonjabulo@com,001-601-558-1990,"689 Churchill Isitaladi, Bethlehem, 5040",Vereeniging,Limpopo,1185,Contracting civil engineer,Zulu,8
'4605187038027,Thando,Anele,Male,1946-05-18,79,Permanent Resident,South Africa,46917000,N/A,N/A,N/A,N/A,N/A,0.9,bnsindane@co.za,267-309-3634x91194,"549 High Indawo, Musina, 1152",Thohoyandou,Eastern Cape,5963,Health service manager,Zulu,N/A
'PR26822060,प्रभाकर,सुब्रमण्यम,Male,2003-12-02,21,Permanent Resident,India,53039646,Study Visa,2025-06-13,2035-06-11,PER87479,N/A,0.94,daamodr21@co.in,+91 8821274464,"33/22 नित्य शुक्ला, मोकामा 463650",हैदराबाद,Free State,002622,Archaeologist,Hindi,16
'TV67014,Gustavo,Borges,Male,1974-01-30,51,Citizen,Mozambique,MO713422,Study Visa,2025-04-01,2025-10-12,VIS97564,N/A,0.54,barrospaulo@mozambique.com,930 313 421,"Avenida Lourenço, 32, 2931-509 Anadia",Cantanhede,North West,1374-206,Técnico de inspeção de veículos,Portuguese,2
'TV91241,शिवाली,मैती,Female,1983-12-10,41,Citizen,India,26749486,Critical Skills Visa,2023-04-10,2024-01-10,VIS46047,N/A,0.56,xmenn@co.in,+91 2371215867,"10 अमृत मिस्त्री, बहादुरगंज-943893",अनंतनाग,Eastern Cape,259650,Emergency planning/management officer,Hindi,4
'9007308196062,Mandla,Khuzwayo,Male,1990-07-30,35,Citizen,South Africa,16451807,N/A,N/A,N/A,N/A,N/A,0.96,kmaphumulo@africa.com,001-444-474-3207x1052,"95 Commissioner Indlela, Kathu, 4665",Musina,North West,7942,Archivist,Zulu,N/A
'4312225513044,Langalibalele,Nkala,Male,1943-12-22,81,Citizen,South Africa,96533347,N/A,N/A,N/A,N/A,N/A,0.78,zenzilegagashe@za.net,538.897.9130x134,"35 Churchill Ithafa, Chatsworth, 5908",Newcastle,Mpumalanga,9081,Learning mentor,Zulu,N/A
'4502103909062,Bhekizizwe,Dlamane,Female,1945-02-10,80,Citizen,South Africa,15041153,N/A,N/A,N/A,N/A,N/A,0.99,vusumuzilukhele@za.net,617-844-1127x44065,"3119 Queen Isitaladi, eGoli, 8704",Vanderbijlpark,Northern Cape,9473,Architect,Zulu,N/A
'4709153547005,Sibongile,Hlophe,Female,1947-09-15,78,Temporary Visa,South Africa,57386589,N/A,N/A,N/A,N/A,N/A,0.74,mcanconomathemba@za.net,900.323.6352x8215,"69 Joseph Umgwaqo, iBhayi, 3937",Bloemfontein,Eastern Cape,2576,"Sound technician, broadcasting/film/video",Zulu,N/A
'8010127556004,Lwandile,Mlondo,Male,1980-10-12,44,Citizen,South Africa,72616799,N/A,N/A,N/A,N/A,N/A,0.95,nyawosezenzile@africa.com,(446)829-0788x67222,"60 Victoria Indlela, Potchefstroom, 3916",Bethlehem,North West,5567,"Engineer, civil (consulting)",Zulu,N/A
'5304307267001,Sibonelo,Mdunge,Male,1953-04-30,72,Citizen,South Africa,79667106,N/A,N/A,N/A,N/A,N/A,0.85,thabisa69@africa.com,421-650-3223x033,"9490 Napier Indlela, Chatsworth, 8402",Klerksdorp,Free State,9208,Trade union research officer,Zulu,N/A
'5803208211098,Jabulani,Biyase,Male,1958-03-20,67,Citizen,South Africa,95325068,N/A,N/A,N/A,N/A,N/A,0.88,nomusasishangwe@za.net,(565)535-3830x11283,"151 James Isitaladi, iBhayi, 1694",Bethlehem,KwaZulu-Natal,5152,"Clinical scientist, histocompatibility and immunogenetics",Zulu,N/A
'AS267156,Bhekisisa,Nongalo,Female,1973-09-30,52,Permanent Resident,Zimbabwe,ZI516034,Asylum Seeker Permit,2024-11-19,2026-11-19,ASP54588,Refugee Status Granted,0.36,xkhambule@co.zw,7529807205,"83 Short Umgwaqo, Bethlehem, 8852",Kimberley,Limpopo,4584,Licensed conveyancer,Zulu,1
'PR75724623,Josette,Bernard,Female,1975-04-26,50,Permanent Resident,Democratic Republic of Congo,95787355,Study Visa,2024-10-06,2034-10-04,PER33738,N/A,0.68,jsimon@com,+33 4 77 81 64 91,"avenue de Joubert, 41612 Parisboeuf",Guillon-la-Forêt,Mpumalanga,94379,acheteur d'espaces publicitaires,French,11
'7706220645022,Noxolo,Mhlangu,Female,1977-06-22,48,Citizen,South Africa,65504030,N/A,N/A,N/A,N/A,N/A,0.91,nkomosesithembiso@co.za,001-232-742-3495,"966 Commissioner Ithafa, Chatsworth, 1313",iBhayi,Northern Cape,9664,Ranger/warden,Zulu,N/A
'4307033366006,Nomasonto,Lutholoni,Female,1943-07-03,82,Citizen,South Africa,25905213,N/A,N/A,N/A,N/A,N/A,0.92,simphiwe89@za.net,(696)559-2625x4133,"5192 Jan Smuts Indawo, Mbombela, 3907",Thohoyandou,Western Cape,9036,Advertising art director,Zulu,N/A
'AS515994,Londisizwe,Ncusi,Female,1995-05-19,30,Citizen,Tanzania,42193939,Asylum Seeker Permit,2024-03-29,2026-03-29,ASP72627,Refugee Status Granted,0.53,ekhukhuza@com,(289)942-1128,"45 Joseph Indlela, Tembisa, 3058",Newcastle,Gauteng,5022,Fisheries officer,Zulu,20
'9010279025085,Siyabonga,Mathibela,Male,1990-10-27,34,Citizen,South Africa,36858689,N/A,N/A,N/A,N/A,N/A,0.71,siwelevusumuzi@za.net,+1-365-862-6135x603,"14 Somerset Indawo, Vanderbijlpark, 1967",Krugersdorp,Limpopo,6971,Horticultural therapist,Zulu,N/A
'8212137287071,Luyanda,Ngungunyana,Male,1982-12-13,42,Citizen,South Africa,91582397,N/A,N/A,N/A,N/A,N/A,0.78,sgugushe@africa.com,871-642-1670x656,"4706 Albertina Sisulu Indawo, Mbombela, 4911",Welkom,KwaZulu-Natal,6322,"Conservation officer, historic buildings",Zulu,N/A
'4405118825040,Musa,Majola,Male,1944-05-11,81,Citizen,South Africa,98178742,N/A,N/A,N/A,N/A,N/A,0.91,mathebulavusumuzi@za.net,543-969-4622x259,"4995 Napier Ithafa, Mahikeng, 9431",Vanderbijlpark,Western Cape,9679,Ship broker,Zulu,N/A
'AS832337,Alexandrie,Navarro,Female,1996-01-29,29,Citizen,United Kingdom,811546983,Asylum Seeker Permit,2023-04-19,2025-04-18,ASP72869,Appeal Pending,0.66,emilie83@co.uk,0169964930,"54, chemin Joly, 54349 Wagner",Coste,Free State,56282,guide de haute montagne,French,9
'PR17912509,Maurice,Regnier,Male,1976-01-25,49,Citizen,United States,227350859,Work Visa,2024-07-03,2034-07-01,PER95618,N/A,0.94,aloiseau@us.com,0444821245,"767, boulevard Clémence Samson, 16748 Barre-la-Forêt",Sainte Henriette,North West,81196,technicien chimiste,French,13
'6009082933036,Silondile,Magwaza,Female,1960-09-08,65,Permanent Resident,South Africa,45802668,N/A,N/A,N/A,N/A,N/A,0.71,thuthukilegengeshe@co.za,001-999-742-2023x38602,"446 Queen Indlela, Rustenburg, 5170",Middelburg,Limpopo,1919,"Programme researcher, broadcasting/film/video",Zulu,N/A
'8303262262011,Nqobizitha,Sotobe,Female,1983-03-26,42,Citizen,South Africa,51301335,N/A,N/A,N/A,N/A,N/A,0.97,mthimkhulunokulunga@africa.com,437-236-3460,"659 Victoria Umgwaqo, uMgungundlovu, 4736",Witbank,Mpumalanga,8465,Naval architect,Zulu,N/A
'4002244062056,Siphesihle,Shabangu,Female,1940-02-24,85,Permanent Resident,South Africa,31704449,N/A,N/A,N/A,N/A,N/A,0.95,ndiyemasibusisiwe@co.za,(537)252-2997,"595 Commissioner Ithafa, Boksburg, 8207",Vereeniging,Free State,8937,Proofreader,Zulu,N/A
'PR43852920,Chantal,Guillaume,Female,1984-05-19,41,Citizen,Democratic Republic of Congo,27577058,Study Visa,2024-08-24,2034-08-22,PER87431,N/A,0.77,rodrigueslaetitia@net,+33 (0)4 80 90 20 95,"887, chemin Lemoine, 67408 Seguin-les-Bains",Albert,Northern Cape,18596,officier de police,French,3
'TV92998,Khanyisile,Dlamane,Female,1996-07-12,29,Citizen,Eswatini,78893811,Corporate Visa,2023-08-05,2026-02-23,VIS78756,N/A,0.64,hyengwayo@net,259-911-3874x0144,"7467 Cecil Isitaladi, Musina, 9063",Bloemfontein,North West,1297,"Psychotherapist, dance movement",Zulu,6
'9602076881009,Nhlanhla,Thusini,Male,1996-02-07,29,Permanent Resident,South Africa,72140708,N/A,N/A,N/A,N/A,N/A,0.92,busisiwe19@africa.com,422.257.0292,"3501 Somerset Ithafa, Sasolburg, 6359",Centurion,Limpopo,4740,Higher education careers adviser,Zulu,N/A
'6212186817091,Sibusiso,Madide,Male,1962-12-18,62,Citizen,South Africa,92977519,N/A,N/A,N/A,N/A,N/A,0.83,mandlamjoli@africa.com,+1-421-922-6496x20545,"491 Commissioner Indlela, Newcastle, 4672",Mbombela,Mpumalanga,1791,Translator,Zulu,N/A
'PR83516043,Mzamo,Dlakela,Male,2003-04-18,22,Citizen,Kenya,K6292650,Study Visa,2023-06-08,2033-06-05,PER90415,N/A,0.67,mcebisimangede@kenya.com,7362635010,"5290 Main Isitaladi, Rustenburg, 4038",iBhayi,Limpopo,6607,Retail merchandiser,Zulu,5
'PR55800642,Nobantu,Mhlongwane,Female,1999-12-01,25,Citizen,Botswana,BO259993,Corporate Visa,2025-04-21,2035-04-19,PER47329,N/A,0.69,lwandile14@com,313-246-0343x1740,"6626 Adelaide Umgwaqo, Krugersdorp, 4946",Vanderbijlpark,Northern Cape,1146,Radiation protection practitioner,Zulu,2
'PR80038976,Mandla,Cebisa,Male,1980-01-02,45,Citizen,Malawi,27652668,Study Visa,2025-03-28,2035-03-26,PER50246,N/A,0.75,xmgilija@net,(942)532-4320,"91 Long Indawo, Randfontein, 2311",Boksburg,KwaZulu-Natal,2249,Commercial/residential surveyor,Zulu,6
'AS942256,Nonjabulo,Mshibe,Female,1975-08-25,50,Citizen,Kenya,K5488245,Asylum Seeker Permit,2024-06-05,2026-06-05,ASP77576,Under Review,0.7,zinhle13@co.ke,904-734-3761,"40 Commissioner Umgwaqo, Randfontein, 5983",Benoni,Mpumalanga,1115,"Producer, radio",Zulu,6
'7506291803041,Nomthandazo,Mcwaye,Female,1975-06-29,50,Temporary Visa,South Africa,64636605,N/A,N/A,N/A,N/A,N/A,0.97,nkazimulo89@co.za,735.532.2365,"9603 Frere Isitaladi, iBhayi, 8394",Sasolburg,Gauteng,5944,Microbiologist,Zulu,N/A
'9609135208008,Thabani,Ndwandwe,Male,1996-09-13,29,Citizen,South Africa,94093196,N/A,N/A,N/A,N/A,N/A,0.88,dwalanomathemba@africa.com,(989)635-9405x1891,"4649 Nelson Mandela Umgwaqo, Springs, 7603",Uitenhage,Eastern Cape,2209,Oceanographer,Zulu,N/A
'PR72185776,Mandla,Gwija,Male,1973-04-19,52,Citizen,Kenya,K5218448,Relative's Visa,2024-12-02,2034-11-30,PER60730,N/A,0.66,mjadusibusisiwe@kenya.com,322-714-8391x385,"867 Thomas Isitaladi, Stellenbosch, 4895",Uitenhage,Gauteng,8790,Medical sales representative,Zulu,10
'5203288095024,Langalibalele,Somfula,Male,1952-03-28,73,Permanent Resident,South Africa,99080990,N/A,N/A,N/A,N/A,N/A,0.95,ntselemandla@co.za,479-791-6133,"38 Walter Sisulu Indlela, Musina, 4499",Kimberley,Mpumalanga,6040,Historic buildings inspector/conservation officer,Zulu,N/A
'5102069287060,Luyanda,Ncanana,Male,1951-02-06,74,Citizen,South Africa,79701170,N/A,N/A,N/A,N/A,N/A,0.98,sibayanomvula@co.za,998-370-8115,"235 Gandhi Umgwaqo, iKapa, 6959",iBhayi,Gauteng,1278,"Engineer, control and instrumentation",Zulu,N/A
'PR30461563,Thandeka,Nsele,Female,1993-10-10,31,Citizen,Nigeria,N9952036,Corporate Visa,2024-09-28,2034-09-26,PER83100,N/A,0.94,sibusiso81@com.ng,696.520.6501x6206,"313 Nelson Mandela Indlela, Newcastle, 4546",Thohoyandou,Free State,2088,"Scientist, research (maths)",Zulu,0
'8604118696078,Minenhle,Sibaya,Male,1986-04-11,39,Citizen,South Africa,70573151,N/A,N/A,N/A,N/A,N/A,0.88,lwandlesihawukele@co.za,801-408-2436x7511,"366 President Indlela, iKapa, 8469",Chatsworth,Western Cape,6955,Visual merchandiser,Zulu,N/A
'0303194501066,Sibusisiwe,Mthethwa,Female,2003-03-19,22,Citizen,South Africa,33555052,N/A,N/A,N/A,N/A,N/A,0.71,nobuhlemaluleka@co.za,(516)390-1687x25124,"1445 Edward Umgwaqo, Krugersdorp, 8073",Polokwane,Northern Cape,9675,"Designer, interior/spatial",Zulu,N/A
'7712153634070,Nomthandazo,Sikhunyana,Female,1977-12-15,47,Citizen,South Africa,72058100,N/A,N/A,N/A,N/A,N/A,0.87,zmangede@co.za,001-339-308-0371x527,"56 Walter Sisulu Isitaladi, Springs, 2926",Boksburg,Free State,1286,"Scientist, forensic",Zulu,N/A
'7108279607083,Jabulani,Siyeshe,Male,1971-08-27,54,Permanent Resident,South Africa,92076031,N/A,N/A,N/A,N/A,N/A,0.99,nkazimulomnqamu@africa.com,559.375.1582,"96 Victoria Ithafa, Kathu, 3355",Chatsworth,KwaZulu-Natal,7091,Textile designer,Zulu,N/A
'8007056569003,Bhekani,Mhlongwane,Male,1980-07-05,45,Citizen,South Africa,53287566,N/A,N/A,N/A,N/A,N/A,0.73,khambulejabulani@africa.com,001-208-549-1067x7811,"511 James Ithafa, iKapa, 4180",eThekwini,Mpumalanga,5061,Television/film/video producer,Zulu,N/A
'8601208661084,Zenzele,Ngidi,Male,1986-01-20,39,Citizen,South Africa,98287632,N/A,N/A,N/A,N/A,N/A,0.71,dumisilegumede@za.net,526.531.4116,"554 Napier Indlela, Witbank, 3269",Potchefstroom,Gauteng,8514,"Scientist, research (maths)",Zulu,N/A
'6812033623031,Zakhele,Luthuli,Female,1968-12-03,56,Citizen,South Africa,57430592,N/A,N/A,N/A,N/A,N/A,0.83,mlabanobantu@co.za,(219)337-1306x3880,"42 West Indlela, Vanderbijlpark, 5722",Kathu,Northern Cape,3742,Geoscientist,Zulu,N/A
'6804082516052,Simphiwe,Gotsholo,Female,1968-04-08,57,Citizen,South Africa,46339299,N/A,N/A,N/A,N/A,N/A,0.98,biyasesimphiweyinkosi@africa.com,001-316-658-3792x7760,"1011 High Isitaladi, Stellenbosch, 7318",iKapa,Limpopo,9960,"Psychologist, clinical",Zulu,N/A
'9011024703086,Zenzile,Mahlobo,Female,1990-11-02,34,Citizen,South Africa,90084181,N/A,N/A,N/A,N/A,N/A,0.79,khanyisile52@co.za,352-380-1309x7180,"89 Albertina Sisulu Indawo, Newcastle, 6900",Tembisa,North West,8773,Ship broker,Zulu,N/A
'9206103501003,Dumisile,Mphankomo,Female,1992-06-10,33,Permanent Resident,South Africa,57336557,N/A,N/A,N/A,N/A,N/A,0.95,zibuyile17@africa.com,(827)842-9429,"65 Grey Indawo, Polokwane, 3527",Benoni,North West,6041,Musician,Zulu,N/A
'TV21875,Thandeka,Gotsholo,Female,1996-10-01,29,Asylum Seeker,Zambia,25104205,Retirement Visa,2023-05-06,2025-12-07,VIS42487,N/A,0.61,siyabongamsibi@com,001-355-581-8163x685,"49 Napier Isitaladi, Upington, 1530",Rustenburg,North West,6628,"Sound technician, broadcasting/film/video",Zulu,9
'6702265614062,Mthokozisi,Khumbuza,Male,1967-02-26,58,Citizen,South Africa,65050780,N/A,N/A,N/A,N/A,N/A,0.99,malembejabulani@za.net,001-871-388-3427x269,"840 William Umgwaqo, Paarl, 3165",Musina,Free State,1820,Field seismologist,Zulu,N/A
'4801246663027,Mlungisi,Mkhandlela,Male,1948-01-24,77,Citizen,South Africa,90970921,N/A,N/A,N/A,N/A,N/A,0.83,khawulavusumuzi@africa.com,001-202-857-4692x45414,"4665 Long Indlela, Musina, 3386",Newcastle,Eastern Cape,4179,"Physicist, medical",Zulu,N/A
'9403270204080,Zakhele,Ncusi,Female,1994-03-27,31,Asylum Seeker,South Africa,15843283,N/A,N/A,N/A,N/A,N/A,0.86,thembeka83@za.net,001-880-968-0308x80122,"431 Cecil Indlela, Bethlehem, 7332",Bethlehem,Eastern Cape,9165,"Psychologist, prison and probation services",Zulu,N/A
'5806085770096,Vusumuzi,Mbeje,Male,1958-06-08,67,Citizen,South Africa,16512619,N/A,N/A,N/A,N/A,N/A,0.73,dmbamali@co.za,(785)939-3688x3109,"944 Oxford Indlela, Soweto, 9033",Stellenbosch,Eastern Cape,6834,Politician's assistant,Zulu,N/A
'PR59696926,Luyanda,Ngwazi,Male,2004-05-05,21,Permanent Resident,Ghana,G9920226,Retirement Visa,2022-10-09,2032-10-06,PER52050,N/A,0.93,tmlalazi@ghana.com,001-693-601-8206x167,"375 Main Indlela, eThekwini, 7227",iBhayi,Northern Cape,2053,Chief Technology Officer,Zulu,20
'4405028031050,Minenhle,Msindazwe,Male,1944-05-02,81,Asylum Seeker,South Africa,40942563,N/A,N/A,N/A,N/A,N/A,0.99,omlungisi@co.za,905-548-0390,"51 Jan Smuts Umgwaqo, Mahikeng, 8316",eGoli,Northern Cape,2996,Consulting civil engineer,Zulu,N/A
'8603217901044,Sandile,Dlawuza,Male,1986-03-21,39,Temporary Visa,South Africa,96030230,N/A,N/A,N/A,N/A,N/A,0.8,thembekamabuya@africa.com,001-723-849-6075,"9754 Somerset Indawo, Paarl, 8349",Rustenburg,Western Cape,7248,Further education lecturer,Zulu,N/A
'6003269119067,Sphiwe,Mngwemkhulu,Male,1960-03-26,65,Citizen,South Africa,75582012,N/A,N/A,N/A,N/A,N/A,0.98,masingasihawukele@africa.com,872-725-6253,"8863 Voortrekker Indlela, uMgungundlovu, 8923",Sasolburg,North West,6710,"Scientist, research (maths)",Zulu,N/A
'9112301244047,Thembisile,Mchunu,Female,1991-12-30,33,Citizen,South Africa,56784830,N/A,N/A,N/A,N/A,N/A,0.94,bhekizizwemadondo@co.za,+1-685-271-7841x4839,"52 Paul Kruger Isitaladi, Kathu, 4200",Bethlehem,KwaZulu-Natal,4239,"Teacher, music",Zulu,N/A
'5909149671043,S'fiso,Ncube,Male,1959-09-14,66,Permanent Resident,South Africa,85947372,N/A,N/A,N/A,N/A,N/A,0.97,mtumaselimandla@africa.com,798.824.8473,"25 George Indawo, Sasolburg, 1376",Soweto,Mpumalanga,8847,Phytotherapist,Zulu,N/A
'6910280872068,Sibusisiwe,Nkumane,Female,1969-10-28,55,Citizen,South Africa,95194936,N/A,N/A,N/A,N/A,N/A,0.81,silondile78@africa.com,554-451-2261x974,"70 Paul Kruger Umgwaqo, Middelburg, 5650",Sasolburg,KwaZulu-Natal,2960,Systems developer,Zulu,N/A
'0301256675021,Sibusiso,Langa,Male,2003-01-25,22,Temporary Visa,South Africa,55611517,N/A,N/A,N/A,N/A,N/A,0.95,nomasontosigagu@co.za,661.411.6855x4937,"2746 West Umgwaqo, Bethlehem, 6431",iKapa,Western Cape,5449,"Engineer, biomedical",Zulu,N/A
'4002234432064,Thandiwe,Sishiya,Female,1940-02-23,85,Citizen,South Africa,23521500,N/A,N/A,N/A,N/A,N/A,0.77,thabisile30@co.za,+1-387-457-3016x653,"87 Long Ithafa, Centurion, 3983",Sasolburg,Free State,2150,Ergonomist,Zulu,N/A
'PR61444041,Mzamo,Mkhize,Male,1999-07-15,26,Citizen,Tanzania,93301103,Study Visa,2024-01-28,2034-01-25,PER18362,N/A,0.92,nozizwe28@org,+1-552-539-1958x727,"393 Charles Umgwaqo, Middelburg, 7536",Potchefstroom,Gauteng,8272,Medical laboratory scientific officer,Zulu,1
'TV79623,Charles,Speer,Male,1990-08-14,35,Citizen,Germany,507393922,Corporate Visa,2024-09-09,2025-08-28,VIS20665,N/A,0.7,rzaenker@de,01800 144739,"Lieschen-Faust-Ring 32, 60952 Ueckermünde",Mallersdorf,Limpopo,15381,Elektroniker,German,5
'AS119824,Thando,Khathi,Male,1970-01-28,55,Permanent Resident,Ethiopia,70778641,Asylum Seeker Permit,2022-12-31,2024-12-30,ASP43393,Application Submitted,0.47,xshibase@com,859.805.9334x8773,"968 Paul Kruger Ithafa, Musina, 3410",Mahikeng,Eastern Cape,7770,"Engineer, electrical",Zulu,3
'9605300812072,Dumisile,Mlondo,Female,1996-05-30,29,Citizen,South Africa,38294977,N/A,N/A,N/A,N/A,N/A,0.97,busisiwe89@co.za,665.890.2442x4033,"71 Long Ithafa, Upington, 9530",eGoli,Northern Cape,7603,IT consultant,Zulu,N/A
'8111157315025,S'fiso,Dlamlenze,Male,1981-11-15,43,Asylum Seeker,South Africa,88246279,N/A,N/A,N/A,N/A,N/A,0.99,shlongwane@africa.com,858-596-5863x588,"8658 Main Indlela, Mbombela, 7484",Potchefstroom,North West,7501,"Teacher, adult education",Zulu,N/A
'6801072431083,Thembeka,Dlamdaka,Female,1968-01-07,57,Citizen,South Africa,37222592,N/A,N/A,N/A,N/A,N/A,0.81,mgaselasibongile@africa.com,001-895-594-2489x3039,"39 Churchill Ithafa, Musina, 7100",Musina,KwaZulu-Natal,1150,Sub,Zulu,N/A
'5203093959068,Thuthukile,Mkholo,Female,1952-03-09,73,Citizen,South Africa,71912265,N/A,N/A,N/A,N/A,N/A,0.7,jabulanidubandlela@africa.com,+1-225-969-5716x396,"1144 Elizabeth Isitaladi, Mbombela, 4546",Musina,Western Cape,5179,Primary school teacher,Zulu,N/A
'TV99160,Alice,Nogueira,Female,1994-05-10,31,Citizen,Mozambique,MO436050,Business Visa,2023-05-11,2024-12-09,VIS69036,N/A,0.65,lisandrolopes@mozambique.com,+351258632293,"R. de Gomes, 6, 9244-462 Fundão",Santa Comba Dão,Northern Cape,0511-062,Bordador,Portuguese,8
'0001169204029,Langalibalele,Madiba,Male,2000-01-16,25,Citizen,South Africa,17209692,N/A,N/A,N/A,N/A,N/A,0.99,dlebenkomosiphesihle@africa.com,001-921-404-8550x3878,"1928 High Indawo, Uitenhage, 7430",Musina,KwaZulu-Natal,6009,Adult nurse,Zulu,N/A
'PR73053459,José,Azevedo,Male,1981-10-27,43,Citizen,Mozambique,MO587537,Corporate Visa,2023-11-09,2033-11-06,PER60998,N/A,0.87,teixeiraemanuel@mozambique.com,(351) 913728579,"Travessa de Morais, S/N, 0627-825 Estarreja",Vizela,KwaZulu-Natal,5344-097,Outro pessoal dos serviços de proteção e segurança,Portuguese,2
'4610033866035,Thandeka,Shoba,Female,1946-10-03,79,Citizen,South Africa,25126326,N/A,N/A,N/A,N/A,N/A,0.91,fgcaba@africa.com,3503568900,"481 Victoria Umgwaqo, Potchefstroom, 6456",iBhayi,Mpumalanga,2115,"Surveyor, hydrographic",Zulu,N/A
'AS284811,Gabrielle,Durand,Female,1981-01-04,44,Temporary Visa,United States,430758075,Asylum Seeker Permit,2022-11-19,2024-11-18,ASP99754,Application Submitted,0.74,tlacombe@com,02 21 00 28 24,"boulevard de Gallet, 27924 LoiseauVille",Lefort,Eastern Cape,84472,technicien en métrologie,French,18
'9511264920080,Nqobizitha,Nkosi,Female,1995-11-26,29,Temporary Visa,South Africa,98173539,N/A,N/A,N/A,N/A,N/A,0.96,ujiyane@za.net,902-891-3825x822,"67 Oxford Umgwaqo, George, 8979",Bloemfontein,Northern Cape,2990,"Civil engineer, consulting",Zulu,N/A
'0212296685005,Zenzele,Mdunge,Male,2002-12-29,22,Citizen,South Africa,99405675,N/A,N/A,N/A,N/A,N/A,0.98,madonselamcebisi@co.za,427-460-2952x338,"8032 Rivonia Indawo, Centurion, 4225",Polokwane,Limpopo,7917,Field seismologist,Zulu,N/A
'4912064854074,Thembeka,Thole,Female,1949-12-06,75,Asylum Seeker,South Africa,78156816,N/A,N/A,N/A,N/A,N/A,0.82,simphiweyinkosimakhoba@co.za,3726355113,"26 William Indawo, Thohoyandou, 8936",Centurion,Western Cape,3383,Dentist,Zulu,N/A
'AS823328,Thembile,Maziya,Female,1987-08-12,38,Citizen,Malawi,55486245,Asylum Seeker Permit,2024-02-10,2026-02-09,ASP35221,Interview Scheduled,0.57,njikithembisile@com,330-258-4262x1869,"498 Frere Ithafa, Boksburg, 3752",Randfontein,Mpumalanga,9806,"Scientist, research (medical)",Zulu,3
'9601084605023,Nothando,Nkomose,Female,1996-01-08,29,Permanent Resident,South Africa,62766971,N/A,N/A,N/A,N/A,N/A,0.99,nobuhlemnomiya@co.za,840.495.7801x975,"455 Milner Indawo, Kimberley, 8114",Bethlehem,Mpumalanga,4043,Market researcher,Zulu,N/A
'5308199199003,Langalibalele,Manzezulu,Male,1953-08-19,72,Citizen,South Africa,60400233,N/A,N/A,N/A,N/A,N/A,0.86,nozibusisokubheka@co.za,246.821.9903x71666,"590 Frere Indawo, Mahikeng, 6383",Sasolburg,Gauteng,4139,Engineering geologist,Zulu,N/A
'4410147626032,Siyabonga,Mphahlwa,Male,1944-10-14,80,Citizen,South Africa,92540657,N/A,N/A,N/A,N/A,N/A,0.84,amgenge@africa.com,001-464-846-5411,"1173 Stanley Ithafa, Vereeniging, 6996",Potchefstroom,Mpumalanga,7733,Writer,Zulu,N/A
'PR82080997,Londisizwe,Ntaka,Female,1992-01-18,33,Asylum Seeker,Lesotho,90058841,Corporate Visa,2024-09-30,2034-09-28,PER86486,N/A,0.91,bhekisisa00@org,+1-404-831-6906,"8351 Grey Indawo, Soweto, 7347",Newcastle,Northern Cape,9807,"Engineer, land",Zulu,8
'PR62838037,Mnqobi,Dlamini,Female,1977-02-19,48,Citizen,Kenya,K3438153,Study Visa,2025-07-07,2035-07-05,PER75501,N/A,0.85,nombelathalente@kenya.com,661.958.2351,"2067 Grey Ithafa, Benoni, 5092",Centurion,Western Cape,5468,Industrial/product designer,Zulu,1
'0411055721084,Sibonelo,Luqe,Male,2004-11-05,20,Temporary Visa,South Africa,40026345,N/A,N/A,N/A,N/A,N/A,0.83,thandonkomoye@za.net,318.892.6437,"1889 Clarence Umgwaqo, Uitenhage, 3466",Centurion,KwaZulu-Natal,9905,Planning and development surveyor,Zulu,N/A
'7302130974012,Thabisa,Binda,Female,1973-02-13,52,Citizen,South Africa,48381157,N/A,N/A,N/A,N/A,N/A,0.79,juqulabhekokwakhe@co.za,3853270416,"43 Smith Ithafa, Vereeniging, 3278",Soweto,Gauteng,2178,"Scientist, marine",Zulu,N/A
'4807067139041,Thalente,Sokhwebula,Male,1948-07-06,77,Citizen,South Africa,26223186,N/A,N/A,N/A,N/A,N/A,0.76,mthokozisi62@co.za,(999)506-2742x3381,"553 George Umgwaqo, eThekwini, 5645",Witbank,Western Cape,7913,Broadcast engineer,Zulu,N/A
'PR44576908,峰,胡,Male,1989-04-19,36,Permanent Resident,China,50838586,Study Visa,2024-11-21,2034-11-19,PER88011,N/A,0.9,zhongchao@china.com,15152711390,内蒙古自治区太原市新城张家港路i座 236095,颖市,North West,168930,房地产评估,Mandarin,0
'8806193152051,Thalente,Mfusi,Female,1988-06-19,37,Citizen,South Africa,75343045,N/A,N/A,N/A,N/A,N/A,0.73,mahlabankazimulo@co.za,3835256104,"32 King Isitaladi, Chatsworth, 7692",Rustenburg,Gauteng,6107,Advertising copywriter,Zulu,N/A
'9801313202051,Thandeka,Phathwayo,Female,1998-01-31,27,Citizen,South Africa,72786012,N/A,N/A,N/A,N/A,N/A,0.86,mhlanyanomvula@co.za,(823)552-6906,"147 Church Ithafa, Uitenhage, 4498",Thohoyandou,Free State,2065,Tree surgeon,Zulu,N/A
'PR87344020,Laurence,Lefèvre,Female,1981-11-14,43,Permanent Resident,United States,728401178,Retirement Visa,2024-11-21,2034-11-19,PER92449,N/A,0.84,bernardmallet@com,0468363705,"58, rue de Julien, 87675 Saint Martinedan",Techerdan,Gauteng,97376,serrurier-métallier,French,12
'PR47037757,Julie,Carpentier,Female,1973-11-07,51,Citizen,France,661555394,Critical Skills Visa,2022-10-29,2032-10-26,PER22438,N/A,0.84,dumontmichelle@france.com,+33 (0)4 13 34 29 02,"18, rue de Camus, 51928 Dupuy",Faure-les-Bains,Western Cape,79317,technicien de maintenance industrielle,French,16
'6004120683070,Nobantu,Mahlaba,Female,1960-04-12,65,Citizen,South Africa,38161221,N/A,N/A,N/A,N/A,N/A,0.96,ngcemudumisani@co.za,707-417-3095x1390,"8414 Thomas Indawo, Bloemfontein, 9493",Sasolburg,Western Cape,6826,"Designer, multimedia",Zulu,N/A
'7511258544031,Lwandile,Mnqayi,Male,1975-11-25,49,Citizen,South Africa,73853187,N/A,N/A,N/A,N/A,N/A,0.83,edoncabe@za.net,315.844.6562,"6996 Queen Indlela, Upington, 4799",Witbank,Western Cape,5671,"Engineer, manufacturing",Zulu,N/A
'AS918212,Liane,Seip,Female,1988-10-12,36,Asylum Seeker,Germany,925891695,Asylum Seeker Permit,2025-06-21,2027-06-21,ASP57249,Refugee Status Granted,0.43,corina31@germany.com,+49(0) 589092948,"Jörg-Peter-Hecker-Allee 5/6, 94869 Pfaffenhofen an der Ilm",Reutlingen,KwaZulu-Natal,24931,Bäcker,German,5
'4007290578001,Nozizwe,Khaba,Female,1940-07-29,85,Citizen,South Africa,48127694,N/A,N/A,N/A,N/A,N/A,0.75,jsotobe@co.za,+1-339-580-5490x32129,"114 President Indawo, Welkom, 6488",Thohoyandou,KwaZulu-Natal,3245,Ergonomist,Zulu,N/A
'4406051493007,Nothando,Khezokhulu,Female,1944-06-05,81,Citizen,South Africa,85199338,N/A,N/A,N/A,N/A,N/A,0.96,omnqayi@co.za,(248)938-9006x8285,"9109 Commissioner Isitaladi, Newcastle, 9526",eGoli,Limpopo,9497,Museum/gallery conservator,Zulu,N/A
'TV37676,Sibusisiwe,Maphumulo,Female,1993-07-31,32,Permanent Resident,Ghana,G9423098,Work Visa,2023-05-18,2026-02-10,VIS71048,N/A,0.79,sibonelonkamzwayo@ghana.com,500.512.3960,"7211 King Isitaladi, Witbank, 2287",Kimberley,Eastern Cape,8183,Film/video editor,Zulu,9
'5107199087059,Minenhle,Sotobe,Male,1951-07-19,74,Permanent Resident,South Africa,17887405,N/A,N/A,N/A,N/A,N/A,0.72,nozizwesigagu@za.net,+1-242-884-9154x11878,"44 Main Umgwaqo, Upington, 9491",Benoni,Western Cape,4811,"Therapist, occupational",Zulu,N/A
'5502075677047,Andile,Jamasijadu,Male,1955-02-07,70,Citizen,South Africa,66925773,N/A,N/A,N/A,N/A,N/A,0.93,zenzele88@za.net,001-530-210-1217x8679,"2421 Voortrekker Isitaladi, Thohoyandou, 8976",Rustenburg,Free State,3614,Aeronautical engineer,Zulu,N/A
'5902245433065,Mthokozisi,Nontanda,Male,1959-02-24,66,Temporary Visa,South Africa,95651452,N/A,N/A,N/A,N/A,N/A,0.97,rshabane@co.za,(216)599-0493x06952,"114 Napier Indlela, Witbank, 8093",George,Free State,7831,Interpreter,Zulu,N/A
'6909222771012,Thembeka,Khukhuza,Female,1969-09-22,56,Citizen,South Africa,92964038,N/A,N/A,N/A,N/A,N/A,0.99,khambulesihawukele@africa.com,892.322.9996x6598,"9639 Stanley Umgwaqo, George, 1737",Kimberley,North West,7281,Publishing rights manager,Zulu,N/A
'8110305706040,Mthokozisi,Gambuse,Male,1981-10-30,43,Citizen,South Africa,49409181,N/A,N/A,N/A,N/A,N/A,0.78,rndabansele@co.za,678-270-1728x814,"80 Napier Isitaladi, Welkom, 1007",Mahikeng,Eastern Cape,9248,Proofreader,Zulu,N/A
'TV50637,Dumisani,Gxabhashe,Female,1991-08-14,34,Asylum Seeker,Malawi,37257739,Corporate Visa,2024-07-24,2026-07-31,VIS69304,N/A,0.51,rmafobo@com,(714)907-9178,"926 Milner Isitaladi, Thohoyandou, 1111",Krugersdorp,Limpopo,5179,Soil scientist,Zulu,20
'7006266190059,Siyabonga,Ngazitha,Male,1970-06-26,55,Citizen,South Africa,42290724,N/A,N/A,N/A,N/A,N/A,1.0,emncwabe@africa.com,3919668318,"7270 Smith Umgwaqo, iKapa, 7638",Boksburg,North West,8230,IT trainer,Zulu,N/A
'0212179119075,Mthokozisi,Mhlanya,Male,2002-12-17,22,Temporary Visa,South Africa,20366963,N/A,N/A,N/A,N/A,N/A,0.98,wkhukhuza@za.net,001-331-585-8305,"33 Rivonia Indawo, Paarl, 6812",Rustenburg,Eastern Cape,3155,Industrial buyer,Zulu,N/A
'0406010171050,Nomusa,Mazalankosi,Female,2004-06-01,21,Citizen,South Africa,89097875,N/A,N/A,N/A,N/A,N/A,0.77,impumuza@co.za,(791)425-1941x68375,"7566 Napier Ithafa, Vereeniging, 6023",Potchefstroom,Gauteng,8316,"Surveyor, commercial/residential",Zulu,N/A
'TV62167,Vusumuzi,Madlanduna,Male,1991-03-30,34,Citizen,Somalia,88452554,Work Visa,2023-07-11,2024-02-12,VIS48421,N/A,0.64,gugulethumashimane@org,341.876.3929,"961 Nelson Mandela Umgwaqo, Klerksdorp, 1424",Polokwane,KwaZulu-Natal,5282,"Conservation officer, nature",Zulu,14
'PR18324339,Amélie,Fabre,Female,1990-01-23,35,Asylum Seeker,United States,195809826,Relative's Visa,2023-03-31,2033-03-28,PER33092,N/A,0.89,capucinemary@us.com,+33 4 98 03 06 13,"72, rue Hoarau, 77998 Hubert",Sainte Benjamin,Northern Cape,33592,technicien d'exploitation de l'eau,French,18
'TV56245,Siyabonga,Mangcamane,Male,2005-06-16,20,Citizen,Zambia,91006116,Work Visa,2024-07-31,2024-12-02,VIS89540,N/A,0.57,nozibusiso42@org,7735267719,"257 George Isitaladi, Tembisa, 5548",Thohoyandou,Free State,1102,Nature conservation officer,Zulu,15
'PR68082356,इन्दिरा,मैती,Female,1973-01-01,52,Citizen,India,96004209,Retirement Visa,2024-09-24,2034-09-22,PER63776,N/A,0.84,arvind32@india.com,+91 9261901213,"9549 दुत्ता, चंडीगढ 582300",रानीताल,North West,406365,IT sales professional,Hindi,3
'TV64323,Jabulani,Mpikela,Male,1975-09-20,50,Citizen,Nigeria,N7124350,Critical Skills Visa,2024-06-12,2026-12-17,VIS17962,N/A,0.56,ichiliza@com.ng,001-598-845-4810,"596 York Indawo, Mbombela, 4179",George,Western Cape,8962,Quality manager,Zulu,19
'7506291805035,Silondile,Mhlophe,Female,1975-06-29,50,Citizen,South Africa,60329516,N/A,N/A,N/A,N/A,N/A,0.91,thabani60@co.za,405-314-9333,"7931 Milner Isitaladi, Potchefstroom, 6702",Vanderbijlpark,Western Cape,3306,"Accountant, chartered certified",Zulu,N/A
'7301250743075,Bhekisisa,Sigegede,Female,1973-01-25,52,Citizen,South Africa,28514374,N/A,N/A,N/A,N/A,N/A,0.71,khanyezaolwethu@za.net,001-777-315-8866x75823,"3056 Victoria Indawo, Tembisa, 8770",Sasolburg,Limpopo,1807,"Surveyor, building",Zulu,N/A
'5808235283006,Siyabonga,Amahle,Male,1958-08-23,67,Permanent Resident,South Africa,74553201,N/A,N/A,N/A,N/A,N/A,0.93,ndumiso22@za.net,2712898245,"81 Rivonia Indlela, Bloemfontein, 2835",Krugersdorp,Western Cape,2864,English as a second language teacher,Zulu,N/A
'5409037712053,Thabani,Shange,Male,1954-09-03,71,Citizen,South Africa,61009005,N/A,N/A,N/A,N/A,N/A,0.8,bsibaya@co.za,711-954-6514x94743,"635 Commissioner Indlela, Bethlehem, 9258",Kimberley,Eastern Cape,2695,Further education lecturer,Zulu,N/A
'0406123377072,Nonhlanhla,Mbekwa,Female,2004-06-12,21,Citizen,South Africa,52809016,N/A,N/A,N/A,N/A,N/A,0.7,vdube@africa.com,961.592.3498x10458,"70 Main Umgwaqo, Boksburg, 8527",Bethlehem,Mpumalanga,5433,"Investment banker, operational",Zulu,N/A
'AS832401,विद्या,मेनन,Female,2005-02-16,20,Citizen,India,95021627,Asylum Seeker Permit,2023-08-05,2025-08-04,ASP61907,Interview Scheduled,0.65,ussaa37@co.in,+91 4008013917,"07 सैनी, लखनऊ-186232",चंडीगढ,Gauteng,611646,Fitness centre manager,Hindi,12
'PR24508740,Langalibalele,Phuthini,Male,1978-02-05,47,Permanent Resident,Zimbabwe,ZI477309,Relative's Visa,2023-07-24,2033-07-21,PER53858,N/A,0.78,zibuyile18@co.zw,648-373-0648x21430,"969 Oxford Indlela, Springs, 8478",Sasolburg,Gauteng,8480,Microbiologist,Zulu,3
'9611176689018,Mcebisi,Madide,Male,1996-11-17,28,Permanent Resident,South Africa,33929820,N/A,N/A,N/A,N/A,N/A,0.81,gadlelakhanyisile@za.net,378-224-0995x653,"505 Clarence Isitaladi, Thohoyandou, 8200",Krugersdorp,Western Cape,4142,Chief Operating Officer,Zulu,N/A
'6408182024040,Nozibusiso,Dlaba,Female,1964-08-18,61,Citizen,South Africa,37756765,N/A,N/A,N/A,N/A,N/A,0.82,sibusisiwefihlela@za.net,8339261678,"6244 Long Isitaladi, Stellenbosch, 5269",Welkom,Northern Cape,8875,"Administrator, sports",Zulu,N/A
'PR84941810,सुधीर,चवन,Male,1977-08-09,48,Citizen,India,33258216,Study Visa,2025-06-04,2035-06-02,PER31001,N/A,0.8,cturvediihrendr@co.in,06836876666,"74/99 सुनीती पाण्डेय, सभापतिने-022456",देवास,North West,900744,Jewellery designer,Hindi,16
'8206202591035,Nonjabulo,Mabaso,Female,1982-06-20,43,Citizen,South Africa,93037054,N/A,N/A,N/A,N/A,N/A,0.78,bjali@za.net,001-982-554-5169x12778,"951 Commissioner Isitaladi, uMgungundlovu, 2788",George,Eastern Cape,3499,Magazine features editor,Zulu,N/A
'AS644883,Bianca,Jesus,Female,1993-11-05,31,Citizen,Mozambique,MO268350,Asylum Seeker Permit,2024-03-15,2026-03-15,ASP95354,Interview Scheduled,0.57,brunovaz@mozambique.com,(351) 923 743 220,"Travessa de Pinho, 7, 3983-422 Paredes",Sabugal,Limpopo,5919-271,Correeiro,Portuguese,8
'8804024645046,Owethu,Ngidi,Female,1988-04-02,37,Citizen,South Africa,45519521,N/A,N/A,N/A,N/A,N/A,0.84,wandamusa@co.za,692.427.0841,"20 Milner Indawo, George, 6676",Benoni,Eastern Cape,2149,Estate manager/land agent,Zulu,N/A
'7012282094024,Khanyisile,Nombela,Female,1970-12-28,54,Citizen,South Africa,16648691,N/A,N/A,N/A,N/A,N/A,0.85,simphiweyinkosi06@africa.com,(857)777-2089x283,"3681 Thomas Ithafa, Stellenbosch, 8670",Thohoyandou,Limpopo,5971,"Engineer, biomedical",Zulu,N/A
'AS753165,Christophe,Fournier,Male,1974-01-27,51,Citizen,France,188733129,Asylum Seeker Permit,2023-10-12,2025-10-11,ASP87470,Refugee Status Granted,0.57,thibaultnoel@fr,+33 2 98 85 77 93,"434, rue Adèle Georges, 56424 Saint Adélaïdenec",Brunel,KwaZulu-Natal,51401,généticien,French,7
'9803258768044,Nhlanhla,Shangase,Male,1998-03-25,27,Citizen,South Africa,12213551,N/A,N/A,N/A,N/A,N/A,0.84,khanyisile00@co.za,+1-708-570-5863x58874,"647 Gandhi Isitaladi, Kimberley, 2524",Thohoyandou,Limpopo,3409,Catering manager,Zulu,N/A
'6707061117000,Dumisani,Maseko,Female,1967-07-06,58,Temporary Visa,South Africa,14635169,N/A,N/A,N/A,N/A,N/A,0.73,nmthalane@africa.com,985-932-9049x84283,"15 Short Indlela, Polokwane, 7157",Rustenburg,Eastern Cape,9941,"Teacher, adult education",Zulu,N/A
'6912014833052,Londiwe,Bele,Female,1969-12-01,55,Citizen,South Africa,51586605,N/A,N/A,N/A,N/A,N/A,0.97,zibuyile50@co.za,(936)281-0262x8403,"1599 Elizabeth Umgwaqo, Stellenbosch, 5332",Paarl,North West,5315,"Surveyor, commercial/residential",Zulu,N/A
'9001203334034,Nomathemba,Nhlanhlampofu,Female,1990-01-20,35,Citizen,South Africa,69883927,N/A,N/A,N/A,N/A,N/A,0.77,thalente04@co.za,310.378.2487x52689,"105 Paul Kruger Isitaladi, Uitenhage, 1829",Kimberley,KwaZulu-Natal,4398,"Administrator, sports",Zulu,N/A
'9501035365074,Sphiwe,Wasendlunkulu,Male,1995-01-03,30,Citizen,South Africa,30000518,N/A,N/A,N/A,N/A,N/A,0.86,boyabenyathizenzile@za.net,001-637-930-5155x925,"80 Adelaide Isitaladi, Chatsworth, 3330",Rustenburg,Free State,6252,Clinical embryologist,Zulu,N/A
'TV59482,Maurice,Fernandez,Male,1997-10-30,27,Citizen,United Kingdom,487161637,Retirement Visa,2024-01-08,2024-09-04,VIS78759,N/A,0.77,patricklaroche@co.uk,+33 3 56 94 65 99,"73, avenue Andrée Marty, 56905 Lefèvre-sur-Mer",Becker,KwaZulu-Natal,79678,sportif de haut niveau,French,1
'9007096660095,Andile,Mbembe,Male,1990-07-09,35,Citizen,South Africa,88488426,N/A,N/A,N/A,N/A,N/A,0.8,ogasa@co.za,8447338201,"877 Cecil Umgwaqo, Newcastle, 7926",Welkom,North West,3698,"Production assistant, radio",Zulu,N/A
'6308206486068,Mcebisi,Ngema,Male,1963-08-20,62,Citizen,South Africa,32654963,N/A,N/A,N/A,N/A,N/A,0.78,lgininda@africa.com,859-721-5572,"80 King Ithafa, Chatsworth, 2708",uMgungundlovu,Gauteng,2928,Haematologist,Zulu,N/A
'4012134960080,Thabisile,Mzizi,Female,1940-12-13,84,Citizen,South Africa,65195852,N/A,N/A,N/A,N/A,N/A,0.74,ykhuba@co.za,(683)735-7237x953,"52 Edward Isitaladi, Rustenburg, 4132",Paarl,North West,1424,Risk manager,Zulu,N/A
'4103136524029,Musa,Mgilija,Male,1941-03-13,84,Citizen,South Africa,98577633,N/A,N/A,N/A,N/A,N/A,0.71,khanyisile73@za.net,777-874-6322x91398,"38 Thomas Indawo, Newcastle, 9873",Springs,Northern Cape,6087,Fisheries officer,Zulu,N/A
'TV31708,Nonjabulo,Hadebe,Female,1996-04-09,29,Citizen,Zimbabwe,ZI104560,Relative's Visa,2023-02-13,2026-02-09,VIS45005,N/A,0.62,bophelasibonelo@co.zw,772-685-6968x6144,"2933 James Ithafa, Bloemfontein, 7208",Upington,Eastern Cape,3749,Contractor,Zulu,18
'5901172610054,Nozizwe,Mseleku,Female,1959-01-17,66,Permanent Resident,South Africa,96437925,N/A,N/A,N/A,N/A,N/A,0.81,shabanendumiso@za.net,+1-575-434-9031,"86 Milner Isitaladi, Klerksdorp, 5744",Polokwane,Free State,9583,"Engineer, civil (consulting)",Zulu,N/A
'4505140593060,Thembeka,Khambule,Female,1945-05-14,80,Permanent Resident,South Africa,83435230,N/A,N/A,N/A,N/A,N/A,0.85,gatshenisimphiweyinkosi@co.za,713-600-5272x7828,"1512 Churchill Umgwaqo, eThekwini, 4734",Welkom,North West,5574,Fish farm manager,Zulu,N/A
'TV77545,Nomasonto,Dingila,Female,1986-11-12,38,Citizen,Zimbabwe,ZI972441,Relative's Visa,2023-08-19,2026-07-23,VIS58284,N/A,0.65,mazalankosithando@zimbabwe.com,001-317-388-2126x1598,"8537 Long Isitaladi, Thohoyandou, 6155",iKapa,Gauteng,7771,Theatre stage manager,Zulu,15
'4712070900036,Nomthandazo,Hlongwane,Female,1947-12-07,77,Citizen,South Africa,42732881,N/A,N/A,N/A,N/A,N/A,0.94,tnjiki@africa.com,001-464-230-1832x82629,"820 Gandhi Umgwaqo, Centurion, 8955",Boksburg,North West,7722,Multimedia programmer,Zulu,N/A
'7602101609054,Thalente,Ngidi,Female,1976-02-10,49,Citizen,South Africa,79128149,N/A,N/A,N/A,N/A,N/A,0.89,bmazwi@co.za,805-913-9612x906,"26 James Ithafa, Upington, 1590",Stellenbosch,Gauteng,6974,Water quality scientist,Zulu,N/A
'8510089299045,Thalente,Lange,Male,1985-10-08,39,Citizen,South Africa,23408459,N/A,N/A,N/A,N/A,N/A,0.77,siyabongamnikathi@africa.com,4976020330,"96 Nelson Mandela Isitaladi, Vereeniging, 9795",iBhayi,Mpumalanga,8187,Tax inspector,Zulu,N/A
'PR22282610,雷,杨,Male,1984-03-18,41,Temporary Visa,China,56269102,Corporate Visa,2025-03-23,2035-03-21,PER41658,N/A,0.66,guiyingren@com.cn,13274664865,江西省嘉禾县江北李街E座 931344,芳市,KwaZulu-Natal,774058,大学/大专应届毕业生,Mandarin,8
'4003057428071,Sibonelo,Sishi,Male,1940-03-05,85,Citizen,South Africa,20976265,N/A,N/A,N/A,N/A,N/A,0.83,gabhezijabulani@za.net,+1-665-516-6286x479,"5562 York Umgwaqo, Randfontein, 5696",Krugersdorp,Eastern Cape,4720,"Geologist, engineering",Zulu,N/A
'6712128179003,Mlungisi,Magujwa,Male,1967-12-12,57,Citizen,South Africa,66829645,N/A,N/A,N/A,N/A,N/A,0.96,mbhulangwethembisile@africa.com,+1-437-424-0229x65768,"214 Gandhi Indawo, Centurion, 1405",Vanderbijlpark,Mpumalanga,1462,Plant breeder/geneticist,Zulu,N/A
'7407226216097,Thando,Nombhoco,Male,1974-07-22,51,Temporary Visa,South Africa,86005682,N/A,N/A,N/A,N/A,N/A,0.81,athembekwayo@za.net,8763376991,"18 Nelson Mandela Indlela, uMgungundlovu, 7925",George,Eastern Cape,6556,"Surveyor, land/geomatics",Zulu,N/A
'8403128695018,Mcebisi,Mondise,Male,1984-03-12,41,Permanent Resident,South Africa,58937812,N/A,N/A,N/A,N/A,N/A,0.74,amaphalala@co.za,+1-381-397-9882x8729,"8442 Clarence Umgwaqo, Sasolburg, 9906",Bloemfontein,Gauteng,2871,"Scientist, research (medical)",Zulu,N/A
'6901018369089,Thalente,Msuthu,Male,1969-01-01,56,Citizen,South Africa,21824129,N/A,N/A,N/A,N/A,N/A,0.72,mbhodwethembisile@africa.com,001-781-373-6552x1623,"287 Oxford Isitaladi, Polokwane, 1244",Boksburg,Northern Cape,2475,Futures trader,Zulu,N/A
'9801246316081,Sibusiso,Mphephethwa,Male,1998-01-24,27,Citizen,South Africa,38790586,N/A,N/A,N/A,N/A,N/A,0.73,ngemazakhele@za.net,565.770.5087x32831,"44 Grey Isitaladi, Potchefstroom, 1724",Randfontein,KwaZulu-Natal,1182,"Librarian, academic",Zulu,N/A
'TV69605,Bhekani,Jamile,Male,1992-09-30,33,Temporary Visa,Kenya,K3117964,Retirement Visa,2022-12-26,2024-07-16,VIS54375,N/A,0.88,pmdonswa@co.ke,+1-455-869-7827,"86 President Indawo, Bloemfontein, 7948",Potchefstroom,KwaZulu-Natal,1153,"Engineer, manufacturing",Zulu,20
'0508120159017,Nomasonto,Nkomoye,Female,2005-08-12,20,Citizen,South Africa,63238290,N/A,N/A,N/A,N/A,N/A,0.85,nomndayisiphesihle@za.net,962-378-0585x42537,"787 Edward Ithafa, Bethlehem, 9204",Welkom,Western Cape,3127,Computer games developer,Zulu,N/A
'7502086905020,Luyanda,Khuyameni,Male,1975-02-08,50,Citizen,South Africa,30440342,N/A,N/A,N/A,N/A,N/A,0.95,khanyisilegwagwa@africa.com,675-564-2032,"5760 Church Indawo, Upington, 1028",Musina,Mpumalanga,2089,Dentist,Zulu,N/A
'8003119141095,Thalente,Bantwini,Male,1980-03-11,45,Citizen,South Africa,39272772,N/A,N/A,N/A,N/A,N/A,0.91,zenzele81@za.net,001-561-345-3954x6259,"33 James Isitaladi, Randfontein, 4659",eGoli,Gauteng,8399,"Scientist, research (life sciences)",Zulu,N/A
'5003134398091,Sithembiso,Cebekhulu,Female,1950-03-13,75,Citizen,South Africa,30949368,N/A,N/A,N/A,N/A,N/A,0.99,hkhathi@africa.com,810.337.4394,"4388 Napier Isitaladi, Musina, 1718",Springs,Eastern Cape,4292,Communications engineer,Zulu,N/A
'0107245857011,Lungile,Ndlangamandla,Male,2001-07-24,24,Citizen,South Africa,57353061,N/A,N/A,N/A,N/A,N/A,0.79,langalibalelemgcaleka@africa.com,+1-725-856-4842x77063,"51 Victoria Isitaladi, Randfontein, 7929",uMgungundlovu,Mpumalanga,4471,Airline pilot,Zulu,N/A
'9509054062053,Gugu,Mashinini,Female,1995-09-05,30,Citizen,South Africa,20586934,N/A,N/A,N/A,N/A,N/A,0.81,zsiyaya@co.za,297-305-1873x5799,"1619 Joseph Umgwaqo, iBhayi, 6078",Randfontein,Northern Cape,1163,Therapeutic radiographer,Zulu,N/A
'6704242292069,Bhekizizwe,Gubhela,Female,1967-04-24,58,Permanent Resident,South Africa,98410339,N/A,N/A,N/A,N/A,N/A,0.75,omakhaye@africa.com,(730)202-6604,"818 George Indlela, Bloemfontein, 7639",Thohoyandou,Mpumalanga,1938,Cabin crew,Zulu,N/A
'PR40468759,Eugène,Laurent,Male,1987-08-25,38,Citizen,Democratic Republic of Congo,93933330,Study Visa,2024-03-20,2034-03-18,PER40820,N/A,0.76,betienne@net,+33 5 61 63 80 47,"7, avenue de Leleu, 84657 Perretboeuf",Saint Antoinette,Mpumalanga,46552,formateur d'adultes,French,16
'PR51381238,Vincent,Bertin,Male,1978-06-02,47,Citizen,France,129762419,Corporate Visa,2024-04-19,2034-04-17,PER55565,N/A,0.68,oliviermargaux@france.com,02 96 77 48 33,"40, avenue de Andre, 21373 Saint Christophe",Gallet,Free State,94422,ébéniste,French,3
'6410159252058,Thando,Phakathi,Male,1964-10-15,60,Citizen,South Africa,22242490,N/A,N/A,N/A,N/A,N/A,0.93,bcwalile@africa.com,(763)724-4922,"59 Smith Umgwaqo, Thohoyandou, 8452",Kathu,Western Cape,2895,"Nurse, learning disability",Zulu,N/A
'4511162798008,Nothando,Khuba,Female,1945-11-16,79,Permanent Resident,South Africa,62016473,N/A,N/A,N/A,N/A,N/A,0.88,mpofananozibusiso@co.za,962.651.5524x736,"5039 Adelaide Isitaladi, George, 5255",eThekwini,Free State,1099,Chartered legal executive (England and Wales),Zulu,N/A
'5910139488037,Mlungisi,Makhanya,Male,1959-10-13,65,Citizen,South Africa,93819939,N/A,N/A,N/A,N/A,N/A,1.0,mlangenisihawukele@co.za,+1-913-968-8890x18759,"46 Clarence Indawo, eThekwini, 8804",Vereeniging,Mpumalanga,5886,Occupational hygienist,Zulu,N/A
'6305231596042,Bhekokwakhe,Mveni,Female,1963-05-23,62,Citizen,South Africa,81283161,N/A,N/A,N/A,N/A,N/A,0.78,zdindela@co.za,(653)338-9828x9566,"1177 George Indawo, Krugersdorp, 5123",Benoni,Northern Cape,7995,"Engineer, civil (consulting)",Zulu,N/A
'6809215043060,Sphiwe,Ncusi,Male,1968-09-21,57,Citizen,South Africa,26864323,N/A,N/A,N/A,N/A,N/A,0.71,rgule@co.za,001-500-332-1171x6189,"24 Oxford Isitaladi, George, 2872",Chatsworth,Free State,8813,Barrister,Zulu,N/A
'9106234557019,Sibusisiwe,Gubeshe,Female,1991-06-23,34,Citizen,South Africa,35256058,N/A,N/A,N/A,N/A,N/A,0.81,bhekizizwe99@za.net,669-266-0251,"528 Commissioner Isitaladi, Mbombela, 8189",Mahikeng,KwaZulu-Natal,4999,"Surveyor, commercial/residential",Zulu,N/A
'6005078725018,Andile,Khuboni,Male,1960-05-07,65,Citizen,South Africa,33412815,N/A,N/A,N/A,N/A,N/A,0.78,thabanimdlumbi@za.net,(767)979-2343x8226,"22 Nelson Mandela Indlela, Mbombela, 2388",Bethlehem,Gauteng,8551,Systems developer,Zulu,N/A
'AS358410,梅,张,Female,1978-01-30,47,Citizen,China,97307508,Asylum Seeker Permit,2025-08-26,2027-08-26,ASP90734,Refugee Status Granted,0.37,jie29@com.cn,13757963805,江西省银川县怀柔巫街q座 785139,阳县,Limpopo,703801,市场企划专员,Mandarin,16
'4503186606001,Thalente,Madziba,Male,1945-03-18,80,Temporary Visa,South Africa,61161642,N/A,N/A,N/A,N/A,N/A,0.78,nhlaphojabulani@co.za,+1-980-379-3228,"63 Oxford Indlela, Tembisa, 5915",Upington,Free State,7119,Fish farm manager,Zulu,N/A
'5803259490017,Bhekani,Ngobese,Male,1958-03-25,67,Citizen,South Africa,59063008,N/A,N/A,N/A,N/A,N/A,0.75,khubisanoxolo@za.net,545-367-6438x93843,"1099 Frere Umgwaqo, Witbank, 6466",eThekwini,Northern Cape,6761,"Surveyor, rural practice",Zulu,N/A
'6301316409000,Sibonelo,Nkwaliyenkosi,Male,1963-01-31,62,Citizen,South Africa,40531997,N/A,N/A,N/A,N/A,N/A,0.73,nomceboamahle@co.za,575-364-6462,"8357 George Isitaladi, Springs, 6806",Musina,Free State,2609,"Engineer, manufacturing systems",Zulu,N/A
'AS213704,Sibusiso,Sangweni,Male,1978-07-19,47,Citizen,Kenya,K6737725,Asylum Seeker Permit,2025-03-28,2027-03-28,ASP37484,Rejected,0.55,noxologigaba@co.ke,+1-589-698-8860x30310,"93 Prince Indlela, Witbank, 3407",iKapa,Mpumalanga,5958,Sports administrator,Zulu,1
'4005313889098,Nomathalente,Ngcamane,Female,1940-05-31,85,Citizen,South Africa,84927020,N/A,N/A,N/A,N/A,N/A,0.81,mbamalisibusisiwe@za.net,001-389-846-8411x187,"45 President Umgwaqo, Mahikeng, 6849",eThekwini,Western Cape,1943,Radio broadcast assistant,Zulu,N/A
'AS460841,Owethu,Nyawose,Female,1995-08-28,30,Citizen,Botswana,BO496624,Asylum Seeker Permit,2022-12-29,2024-12-28,ASP76000,Refugee Status Granted,0.65,cwalilebhekizizwe@org,416.327.8961x7401,"972 Prince Umgwaqo, Polokwane, 3323",Bloemfontein,Western Cape,1831,Web designer,Zulu,8
'7409271224091,Owethu,Thobeni,Female,1974-09-27,51,Citizen,South Africa,44238519,N/A,N/A,N/A,N/A,N/A,0.74,luyandamathenjwa@co.za,(986)972-6874x0112,"781 West Indlela, Sasolburg, 3170",Welkom,Northern Cape,2669,Sub,Zulu,N/A
'0112045409008,Musa,Nsele,Male,2001-12-04,23,Permanent Resident,South Africa,34725625,N/A,N/A,N/A,N/A,N/A,1.0,nobantu39@africa.com,001-344-736-3143x940,"379 Albertina Sisulu Indawo, Witbank, 7130",Soweto,Western Cape,9871,Farm manager,Zulu,N/A
'7405286076048,Bandile,Mbuli,Male,1974-05-28,51,Citizen,South Africa,88803162,N/A,N/A,N/A,N/A,N/A,0.88,imcanyana@africa.com,(457)717-7353x01981,"7094 Long Ithafa, Uitenhage, 2169",Springs,Eastern Cape,5788,Fine artist,Zulu,N/A
'9304255933024,Mthokozisi,Mbuyise,Male,1993-04-25,32,Temporary Visa,South Africa,75146766,N/A,N/A,N/A,N/A,N/A,0.88,ndabanselemusa@africa.com,718-931-9612,"226 York Indawo, iBhayi, 4151",Vanderbijlpark,Mpumalanga,1119,Operational researcher,Zulu,N/A
'4410109643043,Mcebisi,Sishangwe,Male,1944-10-10,80,Citizen,South Africa,63891615,N/A,N/A,N/A,N/A,N/A,0.8,nomusa55@co.za,470-509-6578x1183,"133 Gandhi Indawo, Vanderbijlpark, 8483",Randfontein,North West,2945,Museum/gallery conservator,Zulu,N/A
'TV13927,Bhekani,Ngwekazi,Male,2004-06-17,21,Citizen,Tanzania,78514230,Corporate Visa,2024-04-03,2026-07-28,VIS21045,N/A,0.86,mthabelaluyanda@net,782-597-7776,"3107 King Ithafa, Vereeniging, 9676",Krugersdorp,Eastern Cape,8921,Ceramics designer,Zulu,8
'0108029155013,Mlungisi,Sibisi,Male,2001-08-02,24,Permanent Resident,South Africa,41654427,N/A,N/A,N/A,N/A,N/A,0.93,madlalanomasonto@africa.com,836-552-2804x141,"38 Church Ithafa, Mbombela, 5378",Benoni,Eastern Cape,3157,Marketing executive,Zulu,N/A
'7703057194026,Vusumuzi,Ntuli,Male,1977-03-05,48,Citizen,South Africa,46329850,N/A,N/A,N/A,N/A,N/A,0.96,zinhlekhuba@africa.com,472.658.1862x97108,"18 Walter Sisulu Indlela, Vereeniging, 5995",eGoli,Eastern Cape,3237,Bookseller,Zulu,N/A
'TV46902,Nokulunga,Wanda,Female,1998-12-12,26,Citizen,Botswana,BO794895,Critical Skills Visa,2023-02-20,2023-11-17,VIS69939,N/A,0.57,mfekamcebisi@net,001-723-577-8135x29070,"655 Oxford Indlela, iKapa, 4628",Sasolburg,KwaZulu-Natal,4237,Higher education lecturer,Zulu,13
'6707105399006,Sibonelo,Mzukase,Male,1967-07-10,58,Citizen,South Africa,78335419,N/A,N/A,N/A,N/A,N/A,0.84,olwethumphemba@co.za,724.391.2830x2592,"647 George Isitaladi, eGoli, 3307",Boksburg,KwaZulu-Natal,9101,Retail buyer,Zulu,N/A
'AS485339,अनुष्का,डी’कोस्टा,Female,1974-04-27,51,Temporary Visa,India,86234008,Asylum Seeker Permit,2024-11-29,2026-11-29,ASP25508,Refugee Status Granted,0.55,itmaang@india.com,+91 158 6715852,"6454 त्रिवेदी, फतहपुर-535921",अलीगढ,Gauteng,812126,"Psychologist, sport and exercise",Hindi,6
'TV52397,Juri,Christoph,Male,1981-01-22,44,Citizen,Germany,574999834,Retirement Visa,2024-02-02,2024-08-12,VIS78494,N/A,0.59,fweimer@de,05381774965,"Dorle-Pölitz-Platz 8, 29484 Görlitz",Husum,Limpopo,50383,Pfleger,German,8
'PR96368931,宁,李,Male,1978-08-05,47,Citizen,China,90092848,Retirement Visa,2023-05-13,2033-05-10,PER97528,N/A,0.8,xxiang@com.cn,18166153098,广东省惠州县徐汇唐街c座 740841,桂珍市,North West,501269,医药招商,Mandarin,9
'4009295868038,Andile,Mphankomo,Male,1940-09-29,85,Citizen,South Africa,61766211,N/A,N/A,N/A,N/A,N/A,0.79,amahle93@za.net,708.583.5527x29232,"1357 Paul Kruger Umgwaqo, Kathu, 2067",Middelburg,Free State,1932,"Engineer, building services",Zulu,N/A
'6003056685097,Musa,Mabika,Male,1960-03-05,65,Citizen,South Africa,60555372,N/A,N/A,N/A,N/A,N/A,0.99,langalibalelefakude@za.net,877-593-1609x79908,"627 Queen Indawo, Mahikeng, 2653",eGoli,Gauteng,3433,"Pharmacist, community",Zulu,N/A
'9405193980008,Amahle,Mdonswa,Female,1994-05-19,31,Citizen,South Africa,91701947,N/A,N/A,N/A,N/A,N/A,0.83,nyawokhulusibongile@co.za,001-998-239-7546x5373,"64 Napier Indawo, George, 1556",Middelburg,Gauteng,9646,"Nurse, learning disability",Zulu,N/A
'6003137304064,Jabulani,Menziwa,Male,1960-03-13,65,Permanent Resident,South Africa,26576033,N/A,N/A,N/A,N/A,N/A,0.94,khanyisile33@co.za,001-327-341-7755x27958,"89 Charles Umgwaqo, Thohoyandou, 2166",Springs,Mpumalanga,4304,"Engineer, energy",Zulu,N/A
'5702239858051,Sandile,Gasela,Male,1957-02-23,68,Citizen,South Africa,77891324,N/A,N/A,N/A,N/A,N/A,0.77,mhayisekhanyisile@africa.com,(843)749-5299,"77 Elizabeth Umgwaqo, Klerksdorp, 8281",Klerksdorp,Northern Cape,4237,"Engineer, building services",Zulu,N/A
'7911216668060,Bandile,Gotsholo,Male,1979-11-21,45,Citizen,South Africa,46743985,N/A,N/A,N/A,N/A,N/A,0.94,zinhle04@za.net,+1-915-870-9516x03698,"51 High Ithafa, Mahikeng, 2578",Kathu,Limpopo,2065,"Surveyor, building control",Zulu,N/A
'9104304703047,Londisizwe,Nyandeni,Female,1991-04-30,34,Citizen,South Africa,51606296,N/A,N/A,N/A,N/A,N/A,0.84,ludongasiyabonga@africa.com,(790)342-6888,"75 Clarence Indawo, Potchefstroom, 4230",Thohoyandou,Mpumalanga,4532,Interior and spatial designer,Zulu,N/A
'7808040468003,Siphesihle,Dlakela,Female,1978-08-04,47,Permanent Resident,South Africa,84789152,N/A,N/A,N/A,N/A,N/A,0.88,dlomobusisiwe@za.net,216.224.9209x6695,"62 Adelaide Umgwaqo, Welkom, 6999",iKapa,North West,1874,Chief Technology Officer,Zulu,N/A
'8003295706079,Mlungisi,Gcumisa,Male,1980-03-29,45,Citizen,South Africa,56844080,N/A,N/A,N/A,N/A,N/A,0.95,dladlathabisa@za.net,516-875-9855x406,"5549 Napier Indawo, Soweto, 2940",Soweto,Mpumalanga,9604,"Engineer, energy",Zulu,N/A
'TV54237,Langalibalele,Ndlela,Male,1979-09-04,46,Citizen,Lesotho,66284167,Relative's Visa,2025-08-27,2027-12-05,VIS95271,N/A,0.86,dlabazanethembile@org,909-929-0696,"610 West Umgwaqo, Boksburg, 4287",Krugersdorp,Free State,8969,Housing manager/officer,Zulu,4
'TV85796,Alexandria,Chauvet,Female,1979-05-25,46,Citizen,France,623359527,Study Visa,2024-05-08,2026-09-25,VIS41426,N/A,0.78,theresedelmas@fr,+33 3 22 25 60 18,"70, boulevard de Legrand, 10110 Payet-sur-Gautier",Boyer,Free State,91241,carrossier,French,1
'9604307624071,Mlungisi,Mashinini,Male,1996-04-30,29,Temporary Visa,South Africa,98231078,N/A,N/A,N/A,N/A,N/A,0.84,qluvuno@co.za,291-991-4110,"538 Smith Umgwaqo, Sasolburg, 6567",Kathu,Mpumalanga,2171,Operations geologist,Zulu,N/A
'4909083513040,Nomcebo,Maluleka,Female,1949-09-08,76,Temporary Visa,South Africa,71499622,N/A,N/A,N/A,N/A,N/A,0.99,thabanikhambule@za.net,001-236-510-6313x0635,"596 West Isitaladi, Middelburg, 7636",iBhayi,Limpopo,4195,"Nurse, adult",Zulu,N/A
'TV91552,Nothando,Thumbeza,Female,1993-02-11,32,Citizen,Botswana,BO721186,Critical Skills Visa,2025-08-30,2027-10-23,VIS65536,N/A,0.88,minenhle58@com,+1-924-826-5756,"798 Commissioner Ithafa, Klerksdorp, 1807",Boksburg,Mpumalanga,7235,Retail banker,Zulu,5
'5207033720083,Nothando,Mjwara,Female,1952-07-03,73,Permanent Resident,South Africa,70797855,N/A,N/A,N/A,N/A,N/A,0.71,yengwazenzele@africa.com,496.983.1669,"57 Victoria Indawo, eThekwini, 1867",George,Limpopo,5369,"Designer, multimedia",Zulu,N/A
'TV43643,Mzamo,Sibalukhulu,Male,1972-03-19,53,Citizen,Zambia,88335813,Study Visa,2025-06-02,2027-08-24,VIS14309,N/A,0.89,njabulo89@net,(212)913-4647x153,"984 Albertina Sisulu Ithafa, Witbank, 8963",Centurion,Western Cape,6272,Software engineer,Zulu,10
'8506142853033,Sibusisiwe,Boyabenyathi,Female,1985-06-14,40,Permanent Resident,South Africa,95348565,N/A,N/A,N/A,N/A,N/A,0.84,simphiweyinkosi30@za.net,546.256.7161x6257,"30 King Isitaladi, Vanderbijlpark, 3648",eGoli,Mpumalanga,6671,Speech and language therapist,Zulu,N/A
'4103115511096,Bandile,Mnangwe,Male,1941-03-11,84,Citizen,South Africa,79045222,N/A,N/A,N/A,N/A,N/A,0.91,thandazilemngwengwe@africa.com,+1-693-854-7685x041,"3826 Charles Indawo, iKapa, 1869",eGoli,KwaZulu-Natal,6306,Farm manager,Zulu,N/A
'5604039381059,Sphiwe,Thoyana,Male,1956-04-03,69,Citizen,South Africa,45938188,N/A,N/A,N/A,N/A,N/A,0.94,amahlendlela@africa.com,402-857-2719,"6273 Elizabeth Isitaladi, Middelburg, 5591",Potchefstroom,KwaZulu-Natal,3335,"Librarian, academic",Zulu,N/A
'0207198602027,SimphiweyiNkosi,Nogantshi,Male,2002-07-19,23,Citizen,South Africa,47698428,N/A,N/A,N/A,N/A,N/A,0.95,sithembisomthanti@africa.com,(589)853-2370x61487,"1469 Jan Smuts Indlela, Bethlehem, 8236",Polokwane,KwaZulu-Natal,2458,"Engineer, agricultural",Zulu,N/A
'7503315837073,Nhlanhla,Mathebula,Male,1975-03-31,50,Temporary Visa,South Africa,70444167,N/A,N/A,N/A,N/A,N/A,0.97,thandazileshabalala@za.net,619-321-5954,"216 President Ithafa, Vereeniging, 4589",Stellenbosch,Western Cape,6092,Communications engineer,Zulu,N/A
'4301074792061,Mnqobi,Mathwasa,Female,1943-01-07,82,Citizen,South Africa,67935558,N/A,N/A,N/A,N/A,N/A,0.98,hmdlanyoka@za.net,(698)292-6080,"188 William Umgwaqo, Benoni, 3649",eGoli,Gauteng,7873,Pensions consultant,Zulu,N/A
'5807023855042,Londiwe,Goba,Female,1958-07-02,67,Citizen,South Africa,49340795,N/A,N/A,N/A,N/A,N/A,0.86,londiwenyide@za.net,(683)447-6555x825,"5646 Voortrekker Ithafa, iKapa, 5133",Klerksdorp,Mpumalanga,9908,Health promotion specialist,Zulu,N/A
'7710019505044,Minenhle,Mdakane,Male,1977-10-01,48,Temporary Visa,South Africa,89085247,N/A,N/A,N/A,N/A,N/A,0.91,cshamase@africa.com,244.781.5517x9612,"79 Oxford Isitaladi, Witbank, 3380",eGoli,North West,7075,Editorial assistant,Zulu,N/A
'7902277566023,S'fiso,Mabhoko,Male,1979-02-27,46,Citizen,South Africa,75584370,N/A,N/A,N/A,N/A,N/A,0.81,qomazithalondiwe@za.net,600-742-9938x3830,"9354 Walter Sisulu Indlela, iBhayi, 1461",Upington,Gauteng,7021,Estate manager/land agent,Zulu,N/A
'7407179215057,S'fiso,Nyembe,Male,1974-07-17,51,Citizen,South Africa,89291576,N/A,N/A,N/A,N/A,N/A,0.78,nmzobe@africa.com,8172468051,"52 Commissioner Indlela, Kathu, 3512",Mbombela,Gauteng,6000,Hospital doctor,Zulu,N/A
'PR87591701,Vusumuzi,Meyiwa,Male,1995-12-16,29,Citizen,Somalia,62444030,Corporate Visa,2023-05-08,2033-05-05,PER90964,N/A,0.75,zcebisa@net,833.506.2515,"561 Short Umgwaqo, Potchefstroom, 7908",Soweto,Gauteng,2740,"Radiographer, diagnostic",Zulu,20
'6810030642033,Nobantu,Ndinisa,Female,1968-10-03,57,Citizen,South Africa,21807582,N/A,N/A,N/A,N/A,N/A,0.73,siphesihlephuthini@co.za,575.315.6278x12430,"701 George Umgwaqo, Chatsworth, 2493",Bethlehem,Eastern Cape,6515,"Production designer, theatre/television/film",Zulu,N/A
'4106151621078,Londiwe,Phingoshe,Female,1941-06-15,84,Citizen,South Africa,38100299,N/A,N/A,N/A,N/A,N/A,0.98,simphiweyinkosi69@za.net,001-838-860-0386x0945,"82 William Indawo, Paarl, 6658",Stellenbosch,Limpopo,1114,Transport planner,Zulu,N/A
'9001146908016,Andile,Magwaza,Male,1990-01-14,35,Temporary Visa,South Africa,64769838,N/A,N/A,N/A,N/A,N/A,0.72,bhekaniamahle@za.net,+1-664-731-3290x102,"56 Stanley Umgwaqo, Krugersdorp, 8347",Potchefstroom,Eastern Cape,6804,Product/process development scientist,Zulu,N/A
'6111229594033,Lungile,Mkhumbuzi,Male,1961-11-22,63,Citizen,South Africa,16027407,N/A,N/A,N/A,N/A,N/A,0.83,inhlapho@za.net,933-764-5959,"7334 Main Umgwaqo, Kimberley, 3315",Paarl,Free State,2130,Set designer,Zulu,N/A
'7204179864069,Lwandile,Nyongwana,Male,1972-04-17,53,Citizen,South Africa,55546987,N/A,N/A,N/A,N/A,N/A,0.7,zenzile43@za.net,(898)631-0294x961,"37 York Isitaladi, Tembisa, 7153",Bethlehem,Eastern Cape,3864,Sport and exercise psychologist,Zulu,N/A
'4908033290098,Thalente,Gama,Female,1949-08-03,76,Citizen,South Africa,22616277,N/A,N/A,N/A,N/A,N/A,0.89,nonyananoxolo@co.za,993.426.0076x153,"148 Walter Sisulu Isitaladi, iKapa, 2092",Soweto,Eastern Cape,2251,Commercial horticulturist,Zulu,N/A
'8203202238029,Nqobizitha,Maluleka,Female,1982-03-20,43,Temporary Visa,South Africa,56434664,N/A,N/A,N/A,N/A,N/A,0.78,nyidendumiso@co.za,001-717-864-0552,"704 Smith Umgwaqo, Thohoyandou, 7076",Paarl,Mpumalanga,8162,Medical sales representative,Zulu,N/A
'TV26556,Nomathemba,Mtimande,Female,1992-07-16,33,Citizen,Kenya,K6653828,Corporate Visa,2023-03-24,2023-07-16,VIS75366,N/A,0.56,jmngoma@kenya.com,674.855.2374x0914,"660 Edward Umgwaqo, Randfontein, 6300",Chatsworth,Western Cape,1088,"Therapist, speech and language",Zulu,19
'PR15293495,Jabulani,Sotobe,Male,1991-08-21,34,Citizen,Nigeria,N5561259,Relative's Visa,2023-01-21,2033-01-18,PER45269,N/A,0.93,gugulethu58@nigeria.com,+1-510-369-1589x26423,"506 King Indawo, Middelburg, 8843",iKapa,Eastern Cape,8943,Animal technologist,Zulu,10
'7304139361042,Bandile,Jali,Male,1973-04-13,52,Citizen,South Africa,61059739,N/A,N/A,N/A,N/A,N/A,0.81,olwethumajozi@africa.com,500-862-7019x938,"40 Adelaide Indlela, Centurion, 7530",Centurion,Gauteng,9288,"Administrator, education",Zulu,N/A
'TV33894,Noxolo,Mphahlwa,Female,1972-03-19,53,Permanent Resident,Malawi,79502619,Study Visa,2024-12-18,2026-08-26,VIS38525,N/A,0.62,siphesihlemgilija@org,001-655-951-3113x01682,"2396 Gandhi Isitaladi, Benoni, 2856",Benoni,Northern Cape,8511,Ophthalmologist,Zulu,16
'5802227058056,Bandile,Khezokhulu,Male,1958-02-22,67,Citizen,South Africa,11623132,N/A,N/A,N/A,N/A,N/A,0.85,bmshiyane@za.net,+1-382-548-1698,"1274 Main Umgwaqo, Stellenbosch, 5074",Rustenburg,Gauteng,3645,Data scientist,Zulu,N/A
'4305158837008,Vusumuzi,Gwanyana,Male,1943-05-15,82,Temporary Visa,South Africa,40521039,N/A,N/A,N/A,N/A,N/A,0.8,londisizwesompisi@africa.com,394.597.9204x63384,"21 Long Ithafa, uMgungundlovu, 4499",Potchefstroom,North West,6669,Risk analyst,Zulu,N/A
'4006127248046,Sphiwe,Dlomo,Male,1940-06-12,85,Citizen,South Africa,26008650,N/A,N/A,N/A,N/A,N/A,0.92,omshikila@co.za,+1-277-483-3532x76190,"905 Somerset Umgwaqo, Kimberley, 4257",eThekwini,Western Cape,6254,"Engineer, materials",Zulu,N/A
'4712262151030,Thembisile,Mfusi,Female,1947-12-26,77,Asylum Seeker,South Africa,19265996,N/A,N/A,N/A,N/A,N/A,0.89,snonyana@co.za,963.268.0394x9242,"71 Churchill Indlela, Randfontein, 4314",eGoli,Mpumalanga,3157,Investment analyst,Zulu,N/A
'TV12780,Emmanuel,Poirier,Male,1998-10-07,26,Citizen,France,117440178,Critical Skills Visa,2022-12-24,2025-03-19,VIS67004,N/A,0.77,vguerin@fr,0323397371,"16, rue Delahaye, 15822 Marchal",Launay,Western Cape,23841,sellier,French,14
'5505092755013,Nomvula,Khezokhulu,Female,1955-05-09,70,Citizen,South Africa,29666212,N/A,N/A,N/A,N/A,N/A,0.83,thandazile25@za.net,001-516-735-1823x2758,"95 Voortrekker Indlela, Vereeniging, 8901",Krugersdorp,Eastern Cape,9235,Product/process development scientist,Zulu,N/A
'0402072626013,Zinhle,Mahlobo,Female,2004-02-07,21,Permanent Resident,South Africa,19201455,N/A,N/A,N/A,N/A,N/A,0.84,mlungisi84@africa.com,(370)443-6222x67175,"13 Churchill Isitaladi, Klerksdorp, 6092",Paarl,Mpumalanga,9228,Intelligence analyst,Zulu,N/A
'5407274179090,Busisiwe,Khambule,Female,1954-07-27,71,Citizen,South Africa,94889445,N/A,N/A,N/A,N/A,N/A,0.72,nmdlumbi@za.net,853.621.5528x39123,"3225 West Umgwaqo, Vereeniging, 4373",iBhayi,Eastern Cape,1873,Physiotherapist,Zulu,N/A
'8405108511067,Mzamo,Mkholo,Male,1984-05-10,41,Citizen,South Africa,13154486,N/A,N/A,N/A,N/A,N/A,0.81,nomthandazondlala@africa.com,378.829.9661,"22 Jan Smuts Ithafa, Newcastle, 1859",eThekwini,Northern Cape,9118,Translator,Zulu,N/A
'0112066201049,Thalente,Mlungisi,Male,2001-12-06,23,Citizen,South Africa,11164544,N/A,N/A,N/A,N/A,N/A,0.8,sompisithando@za.net,+1-818-473-3199x8131,"212 President Isitaladi, Witbank, 7120",Witbank,Western Cape,5516,Sales promotion account executive,Zulu,N/A
'AS395587,Thembile,Mpunzana,Female,1988-07-07,37,Citizen,Kenya,K9483682,Asylum Seeker Permit,2025-05-18,2027-05-18,ASP13961,Interview Scheduled,0.35,ndongalangalibalele@kenya.com,893-519-8601x08377,"7109 Smith Indlela, Uitenhage, 6905",Bethlehem,Northern Cape,7884,Air traffic controller,Zulu,16
'8001037341083,SimphiweyiNkosi,Nkala,Male,1980-01-03,45,Temporary Visa,South Africa,81454483,N/A,N/A,N/A,N/A,N/A,0.88,owethu86@africa.com,211-597-8258x748,"3490 Victoria Ithafa, Rustenburg, 4216",Witbank,North West,2125,"Psychologist, occupational",Zulu,N/A
'TV56140,Bandile,Gubeshe,Male,1993-10-26,31,Citizen,Zambia,64600374,Critical Skills Visa,2024-12-23,2026-06-30,VIS88861,N/A,0.78,nomalangashamase@com,+1-338-765-2033x86915,"28 Oxford Umgwaqo, Witbank, 7465",Newcastle,Free State,8481,Operational researcher,Zulu,15
'5803091264008,Thandiwe,Masango,Female,1958-03-09,67,Citizen,South Africa,56898457,N/A,N/A,N/A,N/A,N/A,0.77,sangweninomthandazo@za.net,(857)492-9385x455,"5745 West Umgwaqo, Polokwane, 5708",Stellenbosch,Western Cape,2139,"Doctor, hospital",Zulu,N/A
'8305098175022,Jabulani,Hlubi,Male,1983-05-09,42,Citizen,South Africa,40880312,N/A,N/A,N/A,N/A,N/A,0.74,mdotshanathabisile@za.net,+1-214-539-6070,"16 Church Ithafa, Bethlehem, 2080",Krugersdorp,Eastern Cape,9859,Planning and development surveyor,Zulu,N/A
'5307067493030,Mlungisi,Sondini,Male,1953-07-06,72,Citizen,South Africa,25638875,N/A,N/A,N/A,N/A,N/A,0.78,sihawukele66@africa.com,001-553-906-0580x591,"6553 West Indlela, Soweto, 8567",Vanderbijlpark,Limpopo,9150,Building services engineer,Zulu,N/A
'0404236431080,Vusumuzi,Shazi,Male,2004-04-23,21,Citizen,South Africa,20726904,N/A,N/A,N/A,N/A,N/A,0.71,bmafulela@za.net,001-586-993-2693x704,"64 Voortrekker Isitaladi, Rustenburg, 3203",Rustenburg,Free State,9414,Petroleum engineer,Zulu,N/A
'7208050484032,Sihawukele,Ngazitha,Female,1972-08-05,53,Citizen,South Africa,82070609,N/A,N/A,N/A,N/A,N/A,0.82,nothando93@africa.com,001-521-852-6613x22848,"8182 Oxford Umgwaqo, Centurion, 9623",iBhayi,Western Cape,8070,Tour manager,Zulu,N/A
'AS607344,Nobuhle,Nomndayi,Female,1972-01-09,53,Citizen,Tanzania,16873721,Asylum Seeker Permit,2025-07-27,2027-07-27,ASP79012,Application Submitted,0.33,gumanozizwe@org,(266)321-4339x396,"6825 Church Indlela, Vereeniging, 8138",Stellenbosch,Limpopo,5490,Primary school teacher,Zulu,20
'7209127695088,Thabani,Gence,Male,1972-09-12,53,Citizen,South Africa,41655115,N/A,N/A,N/A,N/A,N/A,0.87,jmyeni@co.za,001-865-294-1337x557,"16 Short Indlela, Polokwane, 4488",Newcastle,North West,3405,"Production assistant, radio",Zulu,N/A
'6012160224034,Dumisani,Mzukase,Female,1960-12-16,64,Citizen,South Africa,93436238,N/A,N/A,N/A,N/A,N/A,0.81,qkhuyameni@co.za,001-674-248-5070,"7492 West Indlela, Musina, 8415",Springs,Limpopo,8609,Environmental health practitioner,Zulu,N/A
'PR57497359,Constança,Neto,Female,1996-08-27,29,Citizen,Mozambique,MO644208,Relative's Visa,2023-10-25,2033-10-22,PER51973,N/A,0.71,vicente91@co.mz,(351) 917 855 988,"R. da Aldeia, S/N, 4075-293 Vila Nova de Santo André",Almada,Gauteng,4950-739,Administrador e especialista de conceção de base de dados,Portuguese,12
'9711158572054,Mandla,Nomndayi,Male,1997-11-15,27,Permanent Resident,South Africa,81124400,N/A,N/A,N/A,N/A,N/A,0.82,gugulethu09@africa.com,623-870-5428,"334 William Umgwaqo, Stellenbosch, 8595",Sasolburg,KwaZulu-Natal,2136,Magazine features editor,Zulu,N/A
'PR46803794,Lwandile,Sabela,Male,1995-12-13,29,Citizen,Ghana,G8138245,Retirement Visa,2024-07-03,2034-07-01,PER32884,N/A,0.69,ehangala@com.gh,001-496-280-5758,"724 Long Indlela, Soweto, 7699",George,North West,9673,"Production assistant, television",Zulu,3
'AS341497,Luyanda,Masuku,Male,1995-04-15,30,Asylum Seeker,Ghana,G9725917,Asylum Seeker Permit,2023-10-19,2025-10-18,ASP24079,Appeal Pending,0.74,xolonokulunga@com.gh,968.309.4181,"57 High Indawo, Witbank, 7487",Thohoyandou,Free State,7448,Radiation protection practitioner,Zulu,18
'9605022910036,Thembile,Mbuyazi,Female,1996-05-02,29,Citizen,South Africa,38296184,N/A,N/A,N/A,N/A,N/A,0.9,sembathwabhekokwakhe@africa.com,255-887-2800x94696,"4910 Albertina Sisulu Indlela, Thohoyandou, 2196",Mahikeng,Western Cape,4583,Print production planner,Zulu,N/A
'8204122572021,Thandazile,Mtolo,Female,1982-04-12,43,Citizen,South Africa,65847391,N/A,N/A,N/A,N/A,N/A,0.98,qmbuli@co.za,945.477.8240x46793,"2720 Clarence Isitaladi, Thohoyandou, 5570",Mbombela,Free State,9799,Copy,Zulu,N/A
'TV32128,सरल,मंडल,Male,2002-02-21,23,Permanent Resident,India,77300175,Critical Skills Visa,2022-11-09,2025-03-06,VIS71712,N/A,0.87,puurnnimaa90@co.in,00474 277842,"3167 सरल गोयल, बहादुरगंज-306627",फतेहपुर,Northern Cape,291167,"Education officer, community",Hindi,10
'PR21548462,Nomagugu,Dimbane,Female,1976-07-04,49,Citizen,Zimbabwe,ZI471093,Critical Skills Visa,2023-10-14,2033-10-11,PER58649,N/A,0.82,sameyanonjabulo@co.zw,3696675445,"3582 Nelson Mandela Indlela, Chatsworth, 2607",Benoni,KwaZulu-Natal,6610,"Designer, industrial/product",Zulu,11
'7602123216015,Nomcebo,Caluza,Female,1976-02-12,49,Citizen,South Africa,63025328,N/A,N/A,N/A,N/A,N/A,0.77,thalentendlondlo@za.net,(235)984-6012,"42 Voortrekker Umgwaqo, Polokwane, 3829",Kimberley,KwaZulu-Natal,7442,Camera operator,Zulu,N/A
'6103038361031,Njabulo,Dubazane,Male,1961-03-03,64,Citizen,South Africa,85535391,N/A,N/A,N/A,N/A,N/A,0.75,kmadide@za.net,+1-259-680-7786x95412,"7340 Smith Indlela, Mahikeng, 1687",Newcastle,North West,8970,"Education officer, environmental",Zulu,N/A
'AS778631,Vítor,Moreira,Male,1983-06-05,42,Citizen,Mozambique,MO168767,Asylum Seeker Permit,2025-07-05,2027-07-05,ASP13802,Rejected,0.47,jorge17@co.mz,(351) 930441558,"Largo Mélanie Moura, 67, 3352-317 Alverca do Ribatejo",Bragança,North West,3736-775,"Operador de máquinas de revestimento, metalização e acabamento de metais",Portuguese,9
'6511162289063,Nomagugu,Guliwe,Female,1965-11-16,59,Citizen,South Africa,90763104,N/A,N/A,N/A,N/A,N/A,0.99,ngubeninozibusiso@africa.com,(356)232-0687,"1864 Church Ithafa, George, 4355",George,Gauteng,3374,Data processing manager,Zulu,N/A
'5106047446053,Mlungisi,Khwela,Male,1951-06-04,74,Permanent Resident,South Africa,66487148,N/A,N/A,N/A,N/A,N/A,0.92,tmvelase@co.za,222-899-8449x910,"92 Albertina Sisulu Indlela, eGoli, 1434",George,Gauteng,4892,Tax adviser,Zulu,N/A
'TV26712,Thembeka,Mngomezulu,Female,1983-11-27,41,Permanent Resident,Zimbabwe,ZI123544,Critical Skills Visa,2023-12-30,2025-07-07,VIS78903,N/A,0.82,rvezi@co.zw,001-284-908-0760x3053,"9509 Gandhi Isitaladi, Krugersdorp, 3979",Polokwane,North West,7787,Special educational needs teacher,Zulu,8
'6908127044088,S'fiso,Gwamanda,Male,1969-08-12,56,Citizen,South Africa,27998103,N/A,N/A,N/A,N/A,N/A,0.95,sibusisiwegoje@co.za,(227)564-8507x7407,"61 Albertina Sisulu Indlela, Potchefstroom, 8088",iBhayi,KwaZulu-Natal,8435,Chartered public finance accountant,Zulu,N/A
'6301124813072,Thembekile,Shombela,Female,1963-01-12,62,Citizen,South Africa,54720387,N/A,N/A,N/A,N/A,N/A,0.8,vusumuzi19@za.net,001-572-358-4888x4936,"338 Prince Ithafa, Vereeniging, 9786",eThekwini,KwaZulu-Natal,6016,Homeopath,Zulu,N/A
'7403157730047,Bhekani,Mehloluhlaza,Male,1974-03-15,51,Permanent Resident,South Africa,18585333,N/A,N/A,N/A,N/A,N/A,0.92,ymdladla@africa.com,001-392-600-2824x7185,"3666 Elizabeth Indlela, eThekwini, 3999",Potchefstroom,North West,9202,Financial trader,Zulu,N/A
'6707260364057,Sihawukele,Sishi,Female,1967-07-26,58,Citizen,South Africa,64843651,N/A,N/A,N/A,N/A,N/A,0.8,umalevu@co.za,850.352.7035x2595,"18 Grey Ithafa, Welkom, 4986",Kathu,Mpumalanga,8360,Futures trader,Zulu,N/A
'TV14914,Claudio,Krebs,Male,2005-08-28,20,Citizen,Germany,234028799,Corporate Visa,2023-10-08,2026-08-22,VIS20787,N/A,0.59,marten18@de,0780009465,"Junckenring 0, 05606 Zossen",Oschatz,Eastern Cape,23420,Elektroniker,German,11
'6308040748059,Thabisile,Msibi,Female,1963-08-04,62,Citizen,South Africa,15352575,N/A,N/A,N/A,N/A,N/A,0.77,nyembezidumisani@co.za,001-229-465-6005x359,"9108 Commissioner Isitaladi, Chatsworth, 9595",Uitenhage,Eastern Cape,5788,Geochemist,Zulu,N/A
'6903277756064,Sandile,Makhedama,Male,1969-03-27,56,Citizen,South Africa,63866256,N/A,N/A,N/A,N/A,N/A,0.78,kmnquhe@za.net,232-992-3263,"622 Cecil Indlela, Boksburg, 2124",Bethlehem,Eastern Cape,1854,"Engineer, land",Zulu,N/A
'0108174517034,Bhekizizwe,Ntanzi,Female,2001-08-17,24,Citizen,South Africa,66873002,N/A,N/A,N/A,N/A,N/A,0.74,vngobese@africa.com,+1-781-295-9117x46072,"7543 Nelson Mandela Umgwaqo, Kathu, 4980",Middelburg,KwaZulu-Natal,5372,Chief Marketing Officer,Zulu,N/A
'PR14930747,Vusumuzi,Macingwane,Male,2005-05-05,20,Citizen,Ghana,G8746724,Corporate Visa,2024-02-09,2034-02-06,PER95593,N/A,0.75,nokulunga06@com.gh,(983)468-6326x32344,"4856 Edward Indlela, Vereeniging, 5575",Thohoyandou,Free State,9751,"Scientist, biomedical",Zulu,6
'4101087406037,SimphiweyiNkosi,Dlamlenze,Male,1941-01-08,84,Citizen,South Africa,20548709,N/A,N/A,N/A,N/A,N/A,0.85,nokulunga63@africa.com,001-948-458-6976,"8206 Church Indawo, Boksburg, 8012",Klerksdorp,North West,6029,"Production assistant, television",Zulu,N/A
'6401055924026,Mandlakhe,Mbunjwa,Male,1964-01-05,61,Citizen,South Africa,93065202,N/A,N/A,N/A,N/A,N/A,0.71,mzilanonjabulo@africa.com,001-795-878-1881,"95 Thomas Isitaladi, Newcastle, 7324",Stellenbosch,Mpumalanga,3096,Garment/textile technologist,Zulu,N/A
'4803108716055,Lwandile,Mlotshwa,Male,1948-03-10,77,Temporary Visa,South Africa,99072326,N/A,N/A,N/A,N/A,N/A,0.99,mshikilaamahle@co.za,443-820-1902x062,"37 Walter Sisulu Indawo, Centurion, 3915",eThekwini,Eastern Cape,8577,Research scientist (physical sciences),Zulu,N/A
'5511069392027,Musa,Phoswa,Male,1955-11-06,69,Permanent Resident,South Africa,52250132,N/A,N/A,N/A,N/A,N/A,0.97,nonkululekozinhle@za.net,361.770.8850,"6455 Gandhi Umgwaqo, Bethlehem, 1169",Springs,North West,4864,"Accountant, chartered",Zulu,N/A
'TV52429,Bhekizizwe,Madi,Female,1999-09-13,26,Citizen,Kenya,K2394483,Critical Skills Visa,2023-04-26,2025-09-02,VIS64288,N/A,0.68,thandazilendawo@co.ke,(844)798-0381x04986,"54 President Indlela, Thohoyandou, 6725",Vereeniging,KwaZulu-Natal,4984,Oncologist,Zulu,11
'9401024979043,Bhekisisa,Shombela,Female,1994-01-02,31,Permanent Resident,South Africa,80513913,N/A,N/A,N/A,N/A,N/A,0.76,sikhosanasfiso@za.net,7656265150,"2954 Edward Isitaladi, Mahikeng, 3260",uMgungundlovu,North West,9605,Electronics engineer,Zulu,N/A
'PR95498774,Mandla,Mcanyana,Male,1988-09-24,37,Temporary Visa,Eswatini,27863369,Critical Skills Visa,2024-01-31,2034-01-28,PER39485,N/A,0.7,kndawo@org,7399580806,"40 George Indlela, Vereeniging, 9891",Boksburg,Eastern Cape,4063,Camera operator,Zulu,19
'TV32240,Michelle,Navarro,Female,1973-12-17,51,Citizen,France,398876889,Corporate Visa,2024-12-25,2026-08-27,VIS78619,N/A,0.89,honorejacques@fr,02 37 55 51 41,"161, rue Laroche, 44188 Maury",Saint Jeanneboeuf,Limpopo,73372,web-ergonome,French,1
'4108303018052,Zibuyile,Mlondo,Female,1941-08-30,84,Citizen,South Africa,86021883,N/A,N/A,N/A,N/A,N/A,0.93,uthabizolo@africa.com,657-378-9500,"700 Milner Indlela, Rustenburg, 7026",Paarl,North West,7490,"Designer, exhibition/display",Zulu,N/A
'9005187704039,Sandile,Motha,Male,1990-05-18,35,Citizen,South Africa,51217471,N/A,N/A,N/A,N/A,N/A,0.77,mahayenkazimulo@za.net,496-926-3198x58826,"6352 York Ithafa, Welkom, 8094",Kathu,Gauteng,4289,Neurosurgeon,Zulu,N/A
'9202211069068,Thembeka,Mnqamu,Female,1992-02-21,33,Citizen,South Africa,82169643,N/A,N/A,N/A,N/A,N/A,0.8,enonkululeko@africa.com,590-600-9772x38488,"22 Long Indawo, iKapa, 2701",iBhayi,Mpumalanga,3062,Clinical research associate,Zulu,N/A
'9403302160040,Bhekokwakhe,Gagashe,Female,1994-03-30,31,Permanent Resident,South Africa,75504360,N/A,N/A,N/A,N/A,N/A,0.96,cshange@za.net,900-973-9145x9052,"551 Grey Indlela, Vanderbijlpark, 3770",Upington,North West,8296,"Engineer, broadcasting (operations)",Zulu,N/A
'7604018068080,Sandile,Mazalankosi,Male,1976-04-01,49,Permanent Resident,South Africa,66748311,N/A,N/A,N/A,N/A,N/A,0.8,nomthandazo98@co.za,3043369884,"18 Main Ithafa, Rustenburg, 2798",Mbombela,Western Cape,7831,Community development worker,Zulu,N/A
'4801039280093,Minenhle,Nonduma,Male,1948-01-03,77,Citizen,South Africa,60861380,N/A,N/A,N/A,N/A,N/A,0.85,mthokozisibinda@za.net,829.525.5510x059,"69 West Indlela, Tembisa, 6621",Paarl,Northern Cape,6911,Clinical cytogeneticist,Zulu,N/A
'5108020245013,Nobuhle,Nkwakha,Female,1951-08-02,74,Citizen,South Africa,64327760,N/A,N/A,N/A,N/A,N/A,0.77,luyanda80@za.net,(921)726-8348x433,"124 James Indawo, Krugersdorp, 5640",Vanderbijlpark,North West,4130,Chartered loss adjuster,Zulu,N/A
'PR62086922,Zenzele,Kubheka,Male,1980-05-28,45,Permanent Resident,Kenya,K9548668,Business Visa,2024-01-24,2034-01-21,PER10680,N/A,0.74,nmathunjwa@co.ke,(412)567-6553,"2207 President Isitaladi, Mahikeng, 5381",iKapa,Western Cape,2625,Armed forces training and education officer,Zulu,6
'PR83269904,Jules,Jourdan,Male,1991-05-17,34,Temporary Visa,United States,606248157,Retirement Visa,2023-02-25,2033-02-22,PER99615,N/A,0.71,xraynaud@us.com,02 23 45 98 49,"56, chemin de Ollivier, 50123 Sainte Augustin",Benoit,Limpopo,79320,gestionnaire de contrats informatiques,French,17
'6109173735098,Londisizwe,Mgabhi,Female,1961-09-17,64,Citizen,South Africa,45091762,N/A,N/A,N/A,N/A,N/A,0.72,lmkhwananzi@africa.com,803.909.3169,"574 Victoria Umgwaqo, iBhayi, 8602",Centurion,Gauteng,8600,"Designer, industrial/product",Zulu,N/A
'8104135066005,Njabulo,Mavuso,Male,1981-04-13,44,Citizen,South Africa,49440547,N/A,N/A,N/A,N/A,N/A,0.98,amahle03@africa.com,+1-568-619-0906x342,"3457 Albertina Sisulu Isitaladi, Klerksdorp, 8657",Uitenhage,Western Cape,1290,Plant breeder/geneticist,Zulu,N/A
'7108166047051,Vusumuzi,Kholose,Male,1971-08-16,54,Citizen,South Africa,11377420,N/A,N/A,N/A,N/A,N/A,0.99,lmahlangu@za.net,(862)453-4406x74943,"60 York Indawo, Krugersdorp, 7517",eGoli,Eastern Cape,3113,Garment/textile technologist,Zulu,N/A
'4806016549081,SimphiweyiNkosi,Xulu,Male,1948-06-01,77,Citizen,South Africa,33979836,N/A,N/A,N/A,N/A,N/A,0.91,jabulani77@za.net,6976301354,"63 King Indawo, uMgungundlovu, 5285",Mbombela,Eastern Cape,1040,Plant breeder/geneticist,Zulu,N/A
'7312256100059,Bhekani,Khulu,Male,1973-12-25,51,Citizen,South Africa,20280569,N/A,N/A,N/A,N/A,N/A,0.72,nobantukhezokhulu@co.za,976-562-9751x9034,"48 Church Umgwaqo, Mahikeng, 2501",Kathu,Gauteng,1950,"Lighting technician, broadcasting/film/video",Zulu,N/A
'9102106153047,Lungile,Mlalane,Male,1991-02-10,34,Citizen,South Africa,11075872,N/A,N/A,N/A,N/A,N/A,0.86,nomathalente40@co.za,609.257.9213,"9787 George Ithafa, Bloemfontein, 1175",uMgungundlovu,Gauteng,6756,"Teacher, primary school",Zulu,N/A
'5610217610062,Sphiwe,Nonduma,Male,1956-10-21,68,Citizen,South Africa,98011651,N/A,N/A,N/A,N/A,N/A,0.92,mandlakhevezi@za.net,001-932-992-1296x22231,"756 Gandhi Indlela, Boksburg, 2227",Mahikeng,Mpumalanga,8962,Environmental education officer,Zulu,N/A
'5810266222016,Sibusiso,Fanisa,Male,1958-10-26,66,Citizen,South Africa,18153405,N/A,N/A,N/A,N/A,N/A,0.89,jyei@co.za,656-234-0800x173,"18 Smith Indlela, iKapa, 4817",Kathu,North West,6619,Facilities manager,Zulu,N/A
'TV78842,Luísa,Baptista,Female,1988-11-08,36,Citizen,Mozambique,MO997642,Business Visa,2025-02-28,2027-04-23,VIS22444,N/A,0.62,mauro24@mozambique.com,(351) 939 962 743,"Rua do Maestro Afonso Valentim, S/N, 6079-796 Esposende",Vila Real de Santo António,Eastern Cape,6174-017,Operador de máquinas a vapor e caldeiras,Portuguese,10
'7802051923088,Nomathemba,Gwanyana,Female,1978-02-05,47,Citizen,South Africa,37466562,N/A,N/A,N/A,N/A,N/A,0.74,nobuhlemncube@co.za,7394227989,"67 Somerset Isitaladi, iBhayi, 7149",Potchefstroom,KwaZulu-Natal,9262,Horticultural therapist,Zulu,N/A
'PR76367674,Thandeka,Dlebenkomo,Female,1978-04-15,47,Permanent Resident,Eswatini,17589173,Corporate Visa,2024-10-01,2034-09-29,PER43577,N/A,0.89,mbamalisihawukele@org,275.209.8388,"753 Rivonia Indawo, Mahikeng, 5262",Chatsworth,Free State,8010,"Therapist, speech and language",Zulu,16
'9606212011033,Nomvula,Mabuyakhulu,Female,1996-06-21,29,Temporary Visa,South Africa,50036434,N/A,N/A,N/A,N/A,N/A,0.87,nonhlanhla48@africa.com,(720)529-4991x091,"40 Milner Umgwaqo, Witbank, 7368",Springs,North West,2141,Pathologist,Zulu,N/A
'TV24125,Xavier,Maury,Male,1970-06-21,55,Citizen,United Kingdom,677229354,Corporate Visa,2024-03-28,2024-12-04,VIS93618,N/A,0.64,ldumas@co.uk,05 45 86 87 62,"boulevard de Pottier, 92721 CourtoisVille",Masson-sur-Perrot,Free State,22604,technicien prototypiste en agroéquipement,French,6
'7504262423029,Nkazimulo,Mantshinga,Female,1975-04-26,50,Permanent Resident,South Africa,98179767,N/A,N/A,N/A,N/A,N/A,0.81,thabisile80@africa.com,735-338-2375x298,"5307 William Indawo, Kimberley, 9737",Benoni,North West,5840,Data scientist,Zulu,N/A
'6812133118041,Sithembiso,Sithombo,Female,1968-12-13,56,Temporary Visa,South Africa,43773627,N/A,N/A,N/A,N/A,N/A,0.78,gugulethukhwela@co.za,(517)343-5017,"56 Edward Indawo, iKapa, 8552",Soweto,Limpopo,9541,Nature conservation officer,Zulu,N/A
'5206229264076,Musa,Sibeko,Male,1952-06-22,73,Citizen,South Africa,34792774,N/A,N/A,N/A,N/A,N/A,0.76,mkhizesimphiweyinkosi@za.net,785.605.1381x919,"7969 Churchill Ithafa, Musina, 7454",Mbombela,Eastern Cape,4779,"Programmer, multimedia",Zulu,N/A
'4201261878024,Nomusa,Dubandlela,Female,1942-01-26,83,Permanent Resident,South Africa,50271535,N/A,N/A,N/A,N/A,N/A,0.88,mandla16@co.za,953-336-9023x344,"459 Somerset Ithafa, Middelburg, 2534",Benoni,North West,3457,"Restaurant manager, fast food",Zulu,N/A
'8108243452053,Thabisa,Nsindane,Female,1981-08-24,44,Permanent Resident,South Africa,19522719,N/A,N/A,N/A,N/A,N/A,0.9,gebhezithalente@africa.com,+1-809-590-0048x998,"75 Thomas Indawo, Mbombela, 4307",Tembisa,Mpumalanga,7140,Advertising account planner,Zulu,N/A
'7603189325065,Musa,Dlangamandla,Male,1976-03-18,49,Citizen,South Africa,70012284,N/A,N/A,N/A,N/A,N/A,0.74,ahadebe@za.net,425-634-4507,"448 Edward Isitaladi, Uitenhage, 9779",eGoli,Free State,9089,"Development worker, community",Zulu,N/A
'7503036106071,Musa,Hlophe,Male,1975-03-03,50,Temporary Visa,South Africa,84369023,N/A,N/A,N/A,N/A,N/A,0.99,busisiwengobisi@africa.com,7749522853,"6164 King Isitaladi, uMgungundlovu, 2819",Klerksdorp,Northern Cape,1728,Marine scientist,Zulu,N/A
'AS732738,Silondile,Mpunzana,Female,1993-07-19,32,Citizen,Ethiopia,37804372,Asylum Seeker Permit,2025-07-20,2027-07-20,ASP76636,Appeal Pending,0.54,ngubenithembile@com,+1-209-355-0218,"54 Prince Umgwaqo, eGoli, 3030",iBhayi,Mpumalanga,7354,Environmental manager,Zulu,20
'9808283076069,Thabisile,Caluza,Female,1998-08-28,27,Citizen,South Africa,20523456,N/A,N/A,N/A,N/A,N/A,0.74,dubesandile@co.za,+1-906-685-7608x17478,"117 Cecil Indlela, Soweto, 6890",Vanderbijlpark,Northern Cape,8589,Purchasing manager,Zulu,N/A
'6103022958014,Bhekokwakhe,Lakaza,Female,1961-03-02,64,Permanent Resident,South Africa,62964449,N/A,N/A,N/A,N/A,N/A,0.89,mbunjwanjabulo@co.za,+1-763-793-2749,"1322 Smith Indlela, Krugersdorp, 5831",uMgungundlovu,Eastern Cape,4759,Location manager,Zulu,N/A
'PR36442667,Nomvula,Maphalala,Female,1972-11-29,52,Citizen,Ethiopia,73684805,Critical Skills Visa,2024-03-01,2034-02-27,PER16791,N/A,0.73,delwayominenhle@com,814.284.5773x65037,"41 King Isitaladi, Welkom, 6684",Kimberley,Mpumalanga,8499,Occupational therapist,Zulu,0
'9104258451067,Musa,Goba,Male,1991-04-25,34,Citizen,South Africa,97218980,N/A,N/A,N/A,N/A,N/A,0.81,nkazimulodlawuza@africa.com,(290)401-3805x90948,"448 Walter Sisulu Indawo, Paarl, 6985",eGoli,KwaZulu-Natal,3805,Actuary,Zulu,N/A
'TV64123,Diogo,Nogueira,Male,1982-07-08,43,Citizen,Mozambique,MO686511,Work Visa,2023-07-05,2024-07-27,VIS72986,N/A,0.79,samanuel@co.mz,920 873 414,"Rua Ema Domingues, 82, 9305-718 Costa da Caparica",Tomar,North West,8582-728,Produtor e trabalhador qualificado na produção de suínos,Portuguese,19
'TV70074,Nhlanhla,Songiya,Male,1976-02-03,49,Temporary Visa,Malawi,31323835,Study Visa,2023-02-17,2023-11-28,VIS31433,N/A,0.78,mmafobo@org,565.584.5019x76729,"17 Napier Indlela, Chatsworth, 9934",iKapa,Limpopo,9456,Naval architect,Zulu,7
'6403086308051,Mandlakhe,Ncube,Male,1964-03-08,61,Citizen,South Africa,45152959,N/A,N/A,N/A,N/A,N/A,0.72,xmgazi@co.za,(424)616-7850x2509,"912 Short Ithafa, eGoli, 3819",Mahikeng,North West,5331,Claims inspector/assessor,Zulu,N/A
'8904249305018,Mthokozisi,Ndosi,Male,1989-04-24,36,Citizen,South Africa,80575326,N/A,N/A,N/A,N/A,N/A,0.75,sihawukele71@za.net,(324)255-5650x980,"7280 West Isitaladi, Paarl, 7237",iKapa,Northern Cape,6812,"Horticulturist, amenity",Zulu,N/A
'4901034727051,Nothando,Nxele,Female,1949-01-03,76,Permanent Resident,South Africa,97141791,N/A,N/A,N/A,N/A,N/A,0.96,cshamase@za.net,677-518-9255x780,"71 James Isitaladi, Rustenburg, 3349",Newcastle,Limpopo,2433,Environmental consultant,Zulu,N/A
'PR41979919,Vusumuzi,Njapha,Male,1976-04-30,49,Citizen,Ethiopia,96224023,Study Visa,2025-04-03,2035-04-01,PER92300,N/A,0.72,thembisilemqungebe@net,641.666.5561x53433,"583 William Isitaladi, Witbank, 2118",Springs,Eastern Cape,7888,Quality manager,Zulu,10
'9005266037060,Thalente,Jobe,Male,1990-05-26,35,Citizen,South Africa,12912922,N/A,N/A,N/A,N/A,N/A,0.92,gxabhashebhekokwakhe@co.za,+1-891-403-4229x049,"74 Thomas Umgwaqo, Tembisa, 5196",Musina,North West,4272,Tree surgeon,Zulu,N/A
'7808087155061,Andile,Mdluli,Male,1978-08-08,47,Citizen,South Africa,62218290,N/A,N/A,N/A,N/A,N/A,0.94,tmngwengwe@africa.com,497-878-9390x25043,"753 Cecil Umgwaqo, Mahikeng, 2942",Chatsworth,Limpopo,3531,Dispensing optician,Zulu,N/A
'9305129598073,Mthokozisi,Nenzi,Male,1993-05-12,32,Citizen,South Africa,43010174,N/A,N/A,N/A,N/A,N/A,0.73,langalibalele92@co.za,879.672.6365x87661,"7587 Somerset Isitaladi, Thohoyandou, 7102",Witbank,Free State,3943,"Designer, jewellery",Zulu,N/A
'0401281537097,Sibusisiwe,Mahlaba,Female,2004-01-28,21,Temporary Visa,South Africa,68335798,N/A,N/A,N/A,N/A,N/A,0.87,ethole@co.za,(613)586-1960x864,"9100 Somerset Indlela, Mbombela, 5357",Uitenhage,Limpopo,4757,"Nurse, children's",Zulu,N/A
'PR22972296,Mcebisi,Dlakela,Male,1990-02-06,35,Citizen,Lesotho,46035009,Corporate Visa,2023-01-04,2033-01-01,PER32229,N/A,0.75,silondile15@com,001-943-401-7923x31547,"3987 Grey Umgwaqo, Bethlehem, 1575",Klerksdorp,North West,1090,Textile designer,Zulu,9
'0506208585077,Bandile,Sishi,Male,2005-06-20,20,Citizen,South Africa,85758526,N/A,N/A,N/A,N/A,N/A,0.89,nzuzathando@africa.com,(946)447-9515x16946,"775 Paul Kruger Ithafa, Welkom, 4671",Sasolburg,Mpumalanga,4276,Higher education careers adviser,Zulu,N/A
'0312146480043,Sandile,Nkomo,Male,2003-12-14,21,Citizen,South Africa,40256204,N/A,N/A,N/A,N/A,N/A,0.77,lmlalane@co.za,(506)426-0116,"7821 Church Indawo, Centurion, 1509",Uitenhage,Eastern Cape,3957,Furniture conservator/restorer,Zulu,N/A
'7411195600061,Andile,Shabane,Male,1974-11-19,50,Temporary Visa,South Africa,77509228,N/A,N/A,N/A,N/A,N/A,0.92,mbongwathabisile@za.net,607.804.0006x64605,"68 Jan Smuts Ithafa, Krugersdorp, 2381",eThekwini,Limpopo,5403,"Designer, blown glass/stained glass",Zulu,N/A
'5601259633068,Lwandile,Sibiya,Male,1956-01-25,69,Citizen,South Africa,75369237,N/A,N/A,N/A,N/A,N/A,0.89,chibisilondile@africa.com,001-681-836-5378x68532,"56 Adelaide Umgwaqo, iKapa, 1176",iBhayi,Gauteng,9882,Maintenance engineer,Zulu,N/A
'TV68120,Zenzele,Msomi,Male,1996-08-20,29,Temporary Visa,Somalia,32264156,Corporate Visa,2023-10-26,2026-02-17,VIS29854,N/A,0.88,khathithandeka@com,+1-970-608-2502x96011,"50 High Indlela, Vereeniging, 7823",George,Limpopo,9326,Rural practice surveyor,Zulu,9
'7502147649087,Langalibalele,Shabane,Male,1975-02-14,50,Asylum Seeker,South Africa,23523596,N/A,N/A,N/A,N/A,N/A,1.0,gambusesimphiwe@co.za,001-682-382-7808,"4936 West Isitaladi, uMgungundlovu, 2754",Bloemfontein,North West,6571,Fitness centre manager,Zulu,N/A
'PR45631370,Luyanda,Sitolotolo,Male,1971-06-15,54,Citizen,Zambia,69921712,Retirement Visa,2025-04-05,2035-04-03,PER24136,N/A,0.78,sihawukeledube@net,954-980-3081x5812,"177 Jan Smuts Indawo, Paarl, 3561",Krugersdorp,Free State,9300,"Engineer, civil (consulting)",Zulu,2
'TV91349,Mandlakhe,Majoka,Male,1994-01-12,31,Citizen,Tanzania,91386563,Business Visa,2024-08-21,2027-03-15,VIS16929,N/A,0.66,dmthimkhulu@com,+1-787-479-4255x539,"746 West Indlela, Kathu, 8704",Paarl,Free State,1809,Consulting civil engineer,Zulu,4
'PR19398886,Thabani,Sishi,Male,1993-03-29,32,Citizen,Ethiopia,56501506,Relative's Visa,2024-12-22,2034-12-20,PER91935,N/A,0.63,siyabongandima@net,806.359.9982x3494,"846 Jan Smuts Isitaladi, Rustenburg, 2153",Middelburg,Eastern Cape,3374,Clothing/textile technologist,Zulu,16
'PR78371060,Robert,Garcia,Male,1986-02-28,39,Citizen,United States,768347616,Critical Skills Visa,2024-02-29,2034-02-26,PER31418,N/A,0.85,louis47@us.com,+33 (0)2 34 29 68 60,"51, rue Potier, 20696 Sainte Margaretnec",Clément,KwaZulu-Natal,09961,conducteur routier routière,French,14
'TV34173,晨,谢,Male,2004-02-07,21,Permanent Resident,China,31399072,Relative's Visa,2023-06-06,2023-10-22,VIS72313,N/A,0.67,xiulancai@china.com,14755788312,江西省太原市梁平黄街I座 375862,成都市,Northern Cape,458197,体育运动教练,Mandarin,9
'7706047943054,Siyabonga,Kheswa,Male,1977-06-04,48,Citizen,South Africa,87967107,N/A,N/A,N/A,N/A,N/A,0.9,mfekajabulani@za.net,430-329-9915x9645,"887 Charles Indlela, Krugersdorp, 6412",Thohoyandou,Mpumalanga,8849,Teaching laboratory technician,Zulu,N/A
'PR99676088,प्रेम,चोपरा,Male,1972-12-18,52,Temporary Visa,India,19027619,Business Visa,2025-02-16,2035-02-14,PER13675,N/A,0.94,reddddiibl@india.com,01159286238,"21 भारत बुरुाह, चंबा 048134",जिससेबेलारी,Mpumalanga,327514,Set designer,Hindi,6
'5707028295069,Mcebisi,Mabuya,Male,1957-07-02,68,Citizen,South Africa,53101511,N/A,N/A,N/A,N/A,N/A,0.78,sithembisomshengu@za.net,711-574-5766x92349,"611 Commissioner Indlela, Benoni, 6835",uMgungundlovu,Northern Cape,3014,"Sound technician, broadcasting/film/video",Zulu,N/A
'0405316508082,Vusumuzi,Nyambose,Male,2004-05-31,21,Citizen,South Africa,52190619,N/A,N/A,N/A,N/A,N/A,0.74,mandlakhesibeko@za.net,(729)752-8911x768,"662 Commissioner Indawo, eGoli, 9818",Thohoyandou,Limpopo,4418,Minerals surveyor,Zulu,N/A
'TV24169,Mthokozisi,Gcumisa,Male,1979-01-02,46,Citizen,Ghana,G9268260,Study Visa,2023-08-07,2025-08-03,VIS60960,N/A,0.59,nzuzadumisile@ghana.com,001-393-221-9507x74974,"6131 Frere Isitaladi, Welkom, 4220",Paarl,Gauteng,4852,"Engineer, production",Zulu,12
'9604228917008,Siyabonga,Dukada,Male,1996-04-22,29,Temporary Visa,South Africa,80441322,N/A,N/A,N/A,N/A,N/A,0.95,noxolo27@co.za,777.562.5012x4291,"2134 James Indlela, Vereeniging, 5761",Polokwane,Eastern Cape,9707,"Librarian, academic",Zulu,N/A
'8310103028003,Nqobizitha,Ntuli,Female,1983-10-10,41,Citizen,South Africa,22175196,N/A,N/A,N/A,N/A,N/A,0.85,nyidedumisani@africa.com,8372696248,"14 William Indlela, Thohoyandou, 4939",Bloemfontein,Western Cape,3910,Commercial art gallery manager,Zulu,N/A
'9007168034007,Langalibalele,Makhathini,Male,1990-07-16,35,Citizen,South Africa,88450390,N/A,N/A,N/A,N/A,N/A,0.98,masekothalente@co.za,641.949.8833x125,"1511 Frere Indlela, Centurion, 7815",uMgungundlovu,Northern Cape,2341,Garment/textile technologist,Zulu,N/A
'PR25060299,Zakhele,Mbembe,Female,1988-11-10,36,Citizen,Botswana,BO215448,Critical Skills Visa,2025-04-12,2035-04-10,PER98412,N/A,0.68,nkomosemnqobi@net,567-705-2771x565,"2476 Churchill Indlela, Polokwane, 2484",Upington,Western Cape,1774,Event organiser,Zulu,19
'PR93724794,Antoine,Bourgeois,Male,2003-11-24,21,Citizen,United States,271765326,Business Visa,2023-09-01,2033-08-29,PER50498,N/A,0.7,penelope41@com,+33 (0)5 62 88 81 62,"15, rue François, 63390 Saint René",Munoz,Eastern Cape,53314,ingénieur technico-commercial technico-commerciale en électronique,French,8
'4412039195055,Thabani,Ndlela,Male,1944-12-03,80,Permanent Resident,South Africa,62897277,N/A,N/A,N/A,N/A,N/A,0.85,zikhungwinidumisile@africa.com,841.513.4413,"8349 Somerset Umgwaqo, Tembisa, 7332",Vereeniging,KwaZulu-Natal,4330,Retail manager,Zulu,N/A
'5202185795025,Mandlakhe,Ngonini,Male,1952-02-18,73,Citizen,South Africa,44402150,N/A,N/A,N/A,N/A,N/A,0.86,siyabonga04@co.za,+1-622-850-5130x9271,"594 Milner Indawo, Kimberley, 8873",Middelburg,KwaZulu-Natal,1391,Manufacturing systems engineer,Zulu,N/A
'TV35152,Bhekizizwe,Shandu,Female,1971-08-04,54,Permanent Resident,Ethiopia,38629211,Work Visa,2025-08-04,2026-11-14,VIS64280,N/A,0.62,londisizwe89@org,413.404.9921,"96 Churchill Indlela, Paarl, 9498",Soweto,Western Cape,8967,"Engineer, building services",Zulu,1
'6602067539097,Mzamo,Majola,Male,1966-02-06,59,Permanent Resident,South Africa,71510801,N/A,N/A,N/A,N/A,N/A,0.87,ubayeni@africa.com,353-732-1058x80745,"7479 Gandhi Isitaladi, Kathu, 7383",iBhayi,Gauteng,6882,"Scientist, forensic",Zulu,N/A
'5709071899059,Bhekokwakhe,Silangwe,Female,1957-09-07,68,Citizen,South Africa,40370862,N/A,N/A,N/A,N/A,N/A,0.79,andinisa@co.za,621-933-0963x634,"4473 Short Indlela, Tembisa, 7325",Krugersdorp,Eastern Cape,1457,Counsellor,Zulu,N/A
'AS777066,Nomagugu,Mashiya,Female,2001-07-30,24,Asylum Seeker,Tanzania,37991706,Asylum Seeker Permit,2025-05-19,2027-05-19,ASP16111,Refugee Status Granted,0.65,nozizwe17@org,001-849-524-4381x283,"58 Elizabeth Indawo, Benoni, 3360",Bethlehem,Free State,3059,"Clinical scientist, histocompatibility and immunogenetics",Zulu,8
'6001102972062,Owethu,Mthabela,Female,1960-01-10,65,Permanent Resident,South Africa,41463386,N/A,N/A,N/A,N/A,N/A,0.75,thenjwayononhlanhla@africa.com,6304668444,"586 Cecil Indlela, Uitenhage, 9524",Polokwane,Northern Cape,7939,Records manager,Zulu,N/A
'6812091769071,Nqobizitha,Khwela,Female,1968-12-09,56,Citizen,South Africa,23865060,N/A,N/A,N/A,N/A,N/A,0.95,thalentegwija@co.za,+1-207-466-5680x075,"885 Albertina Sisulu Indawo, Paarl, 3345",Soweto,Free State,9378,"Engineer, building services",Zulu,N/A
'8309031440021,Nobuhle,Gcwabe,Female,1983-09-03,42,Citizen,South Africa,93326243,N/A,N/A,N/A,N/A,N/A,0.8,londisizwegcugcwa@co.za,+1-603-955-1772,"2677 Jan Smuts Ithafa, Vanderbijlpark, 7709",Thohoyandou,Free State,4116,Leisure centre manager,Zulu,N/A
'7609272171007,Zenzile,Msibi,Female,1976-09-27,49,Temporary Visa,South Africa,84486417,N/A,N/A,N/A,N/A,N/A,0.98,mabangathandeka@africa.com,979.407.6157,"7021 George Ithafa, iKapa, 5747",Tembisa,Limpopo,2086,"Designer, fashion/clothing",Zulu,N/A
'7510293647029,Nomathemba,Nkosi,Female,1975-10-29,49,Citizen,South Africa,97746222,N/A,N/A,N/A,N/A,N/A,0.95,fakudeandile@co.za,537.650.8553x7650,"423 James Umgwaqo, Uitenhage, 8836",iKapa,Western Cape,3524,"Secretary, company",Zulu,N/A
'TV36031,Suzanne,Gomez,Female,1984-11-30,40,Citizen,France,984200302,Retirement Visa,2023-07-29,2025-02-13,VIS66686,N/A,0.56,rhuet@france.com,+33 (0)1 64 21 45 68,"742, chemin Jacquet, 78136 Imbert-la-Forêt",Lacroix-les-Bains,Eastern Cape,30922,gardien de la paix,French,5
'PR99876174,Thembisile,Madela,Female,1975-06-07,50,Citizen,Zimbabwe,ZI426122,Study Visa,2023-05-21,2033-05-18,PER41355,N/A,0.7,nhlanhlanontanda@zimbabwe.com,6293518436,"575 Grey Indawo, Thohoyandou, 5037",Klerksdorp,Gauteng,7175,"Psychologist, prison and probation services",Zulu,20
'0305100858063,Sibusisiwe,Bikelwayo,Female,2003-05-10,22,Citizen,South Africa,79311892,N/A,N/A,N/A,N/A,N/A,0.94,nozizwe77@co.za,(414)897-0043x2720,"57 James Ithafa, Kimberley, 5394",Paarl,Mpumalanga,2174,Actuary,Zulu,N/A
'7911258150038,Musa,Xulu,Male,1979-11-25,45,Permanent Resident,South Africa,48727300,N/A,N/A,N/A,N/A,N/A,0.8,mdletshenobuhle@africa.com,+1-482-272-3246x30737,"85 Adelaide Isitaladi, Polokwane, 1439",Vereeniging,Mpumalanga,8465,Advertising account executive,Zulu,N/A
'5409059089097,Thando,Thabekhulu,Male,1954-09-05,71,Citizen,South Africa,70802625,N/A,N/A,N/A,N/A,N/A,0.97,siyabonga10@za.net,581.835.2542,"7106 Clarence Indlela, Bloemfontein, 5852",Vanderbijlpark,North West,6785,Dealer,Zulu,N/A
'7003203458037,Nobuhle,Gasela,Female,1970-03-20,55,Citizen,South Africa,91979510,N/A,N/A,N/A,N/A,N/A,0.9,mphahlwanobuhle@africa.com,3803341529,"64 Milner Indlela, Tembisa, 7918",Vereeniging,Western Cape,6658,"Pharmacist, hospital",Zulu,N/A
'TV96454,Tilly,Hornig,Female,1988-07-08,37,Citizen,Germany,237666536,Critical Skills Visa,2025-08-31,2028-01-25,VIS10172,N/A,0.53,lindabutte@germany.com,09772 870725,"Dimitrios-Nette-Gasse 4/6, 50898 Jessen",Belzig,North West,70435,Erzieher,German,6
'TV29694,Alphonse,Lefèvre,Male,1977-10-19,47,Permanent Resident,United States,608090297,Relative's Visa,2023-09-02,2023-12-29,VIS13648,N/A,0.76,pleroux@com,+33 (0)4 23 92 32 73,"31, rue Vidal, 73477 Sainte Maggie-sur-Mer",Denis,North West,77463,chef de station de traitement des eaux,French,16
'6410159927034,Musa,Qwabe,Male,1964-10-15,60,Permanent Resident,South Africa,90223650,N/A,N/A,N/A,N/A,N/A,0.98,masibekelasfiso@africa.com,249-699-1470,"25 Milner Indawo, Klerksdorp, 4088",Boksburg,Limpopo,1488,Health and safety inspector,Zulu,N/A
'8311031300053,Thandiwe,Nkonyeni,Female,1983-11-03,41,Citizen,South Africa,92887939,N/A,N/A,N/A,N/A,N/A,0.81,khwaneolwethu@co.za,265.503.1915x0138,"2523 Churchill Ithafa, Middelburg, 8668",Boksburg,KwaZulu-Natal,6100,Television production assistant,Zulu,N/A
'7608172202090,Amahle,Magolwana,Female,1976-08-17,49,Temporary Visa,South Africa,93057643,N/A,N/A,N/A,N/A,N/A,0.96,mbonambinhlanhla@africa.com,+1-330-649-8318x556,"99 Milner Ithafa, Boksburg, 4807",Potchefstroom,Mpumalanga,9801,Research scientist (maths),Zulu,N/A
'7412076545066,SimphiweyiNkosi,Mathwasa,Male,1974-12-07,50,Citizen,South Africa,63358394,N/A,N/A,N/A,N/A,N/A,0.73,bnyanda@za.net,+1-317-754-3400x1553,"75 York Umgwaqo, Welkom, 1031",Witbank,Northern Cape,7402,Geophysical data processor,Zulu,N/A
'PR44255148,Arthur,Michel,Male,1970-08-18,55,Permanent Resident,United Kingdom,481032621,Relative's Visa,2024-02-20,2034-02-17,PER98454,N/A,0.77,arnaude87@co.uk,04 37 55 61 93,"rue Techer, 39956 Sainte Thérèse",Lefèvre,North West,73755,secrétaire,French,20
'PR95907025,दिलीप,बुरुाह,Male,2003-03-19,22,Citizen,India,56880242,Corporate Visa,2023-09-26,2033-09-23,PER54328,N/A,0.75,mbhttttaacaary@india.com,+91 4771736645,"95/69 गुरुंग, देवास-240789",अलीगढ,Mpumalanga,963088,"Engineer, civil (contracting)",Hindi,3
'AS653832,August,Kade,Male,1974-03-19,51,Citizen,Germany,514793303,Asylum Seeker Permit,2024-04-04,2026-04-04,ASP66731,Appeal Pending,0.34,vpruschke@germany.com,0135058190,"Lindauallee 2012, 26058 Naila",Geithain,Mpumalanga,82822,Augenoptiker,German,0
'8209133975041,Bhekokwakhe,Vumisa,Female,1982-09-13,43,Citizen,South Africa,95269077,N/A,N/A,N/A,N/A,N/A,0.99,omzulwini@co.za,246.461.3047x436,"1390 Milner Indlela, Mbombela, 7851",Stellenbosch,Limpopo,6417,"Lighting technician, broadcasting/film/video",Zulu,N/A
'0407241439075,Nomcebo,Kheswa,Female,2004-07-24,21,Permanent Resident,South Africa,31642726,N/A,N/A,N/A,N/A,N/A,0.85,minenhledinwa@co.za,331-714-3663,"6417 Frere Indawo, Sasolburg, 3277",Upington,Eastern Cape,8843,Medical illustrator,Zulu,N/A
'4911292579038,Thembisile,Nyembe,Female,1949-11-29,75,Temporary Visa,South Africa,64568146,N/A,N/A,N/A,N/A,N/A,0.99,nxelethabisa@co.za,875-366-6413,"33 Milner Indawo, Klerksdorp, 8781",Tembisa,Gauteng,5151,Musician,Zulu,N/A
'PR61034622,Lucie,Mathieu,Female,1983-08-10,42,Citizen,Democratic Republic of Congo,79845335,Corporate Visa,2024-04-18,2034-04-16,PER78192,N/A,0.62,antoinette38@net,03 26 51 47 09,"46, rue de Tessier, 19243 Blanchet",Descamps,Western Cape,46882,géochimiste,French,10
'0008084299081,Olwethu,Nkwakha,Female,2000-08-08,25,Citizen,South Africa,82688822,N/A,N/A,N/A,N/A,N/A,0.87,godidenomalanga@za.net,(244)902-9023x7318,"3183 Charles Umgwaqo, Rustenburg, 7319",eGoli,Northern Cape,4165,Maintenance engineer,Zulu,N/A
'0304153547041,Owethu,Mzileni,Female,2003-04-15,22,Citizen,South Africa,59634385,N/A,N/A,N/A,N/A,N/A,0.76,lwandile67@za.net,319-538-0988x52299,"1664 Short Umgwaqo, Vereeniging, 9189",Tembisa,Northern Cape,3694,Curator,Zulu,N/A
'5912187918066,Njabulo,Ngotsha,Male,1959-12-18,65,Citizen,South Africa,24210989,N/A,N/A,N/A,N/A,N/A,0.9,thandeka35@co.za,224-239-1477x2822,"366 Somerset Indlela, Vanderbijlpark, 5129",Thohoyandou,Limpopo,9512,Music therapist,Zulu,N/A
'7501099104096,Sphiwe,Lamula,Male,1975-01-09,50,Citizen,South Africa,13622633,N/A,N/A,N/A,N/A,N/A,0.97,langalibalele09@za.net,+1-594-531-8724,"8972 President Indlela, Mahikeng, 7041",Mahikeng,Western Cape,8926,Multimedia programmer,Zulu,N/A
'5604011125028,Owethu,Mkhabela,Female,1956-04-01,69,Citizen,South Africa,40765232,N/A,N/A,N/A,N/A,N/A,0.98,musamade@africa.com,828.338.3769x8647,"7997 York Isitaladi, Mbombela, 7690",Tembisa,Northern Cape,2774,Bookseller,Zulu,N/A
'TV78568,Nomusa,Mashaba,Female,1998-11-07,26,Citizen,Tanzania,64153963,Study Visa,2025-08-27,2026-03-26,VIS34448,N/A,0.6,vmbokazi@com,+1-592-207-6937x682,"45 James Ithafa, Witbank, 5170",Upington,Eastern Cape,4121,Clinical cytogeneticist,Zulu,2
'PR12252124,Andile,Ngubane,Male,1993-09-17,32,Citizen,Nigeria,N8813243,Study Visa,2023-08-26,2033-08-23,PER92915,N/A,0.7,emsibi@nigeria.com,439.474.5262x8912,"344 Frere Indlela, Boksburg, 1663",Bloemfontein,Mpumalanga,7350,Paramedic,Zulu,13
'6307161105083,Olwethu,Lutholoni,Female,1963-07-16,62,Citizen,South Africa,48126199,N/A,N/A,N/A,N/A,N/A,0.94,njabulo46@co.za,001-594-945-3876x55071,"1777 Main Umgwaqo, Centurion, 4433",Uitenhage,Western Cape,3584,Statistician,Zulu,N/A
'9402127954008,Sibusiso,Sithole,Male,1994-02-12,31,Citizen,South Africa,25015496,N/A,N/A,N/A,N/A,N/A,0.99,luyanda94@za.net,5974286606,"1441 Thomas Umgwaqo, Benoni, 8970",Sasolburg,North West,8968,Risk analyst,Zulu,N/A
'9104100167076,Thembile,Sitolotolo,Female,1991-04-10,34,Citizen,South Africa,32520077,N/A,N/A,N/A,N/A,N/A,0.79,lubelonomathalente@za.net,7818111881,"499 Victoria Umgwaqo, uMgungundlovu, 4331",Vanderbijlpark,Northern Cape,5219,Ceramics designer,Zulu,N/A
'5707041206058,Khanyisile,Bhembe,Female,1957-07-04,68,Permanent Resident,South Africa,39854028,N/A,N/A,N/A,N/A,N/A,0.99,sameyanomusa@za.net,+1-870-860-9530,"5178 Napier Umgwaqo, Paarl, 8432",Benoni,North West,2275,Structural engineer,Zulu,N/A
'9601231443008,Nomcebo,Ngema,Female,1996-01-23,29,Citizen,South Africa,77019033,N/A,N/A,N/A,N/A,N/A,0.97,magagulasibongile@africa.com,+1-633-798-8612x6622,"7008 Oxford Umgwaqo, Klerksdorp, 9133",Musina,Western Cape,7208,Equities trader,Zulu,N/A
'9804069565073,Nhlanhla,Ngidi,Male,1998-04-06,27,Permanent Resident,South Africa,28378587,N/A,N/A,N/A,N/A,N/A,0.78,simphiweshozi@za.net,769.588.1016,"26 Joseph Umgwaqo, Kimberley, 7933",Middelburg,Limpopo,2619,Museum education officer,Zulu,N/A
'PR74626375,Eleonora,Ditschlerin,Female,1972-10-08,52,Asylum Seeker,Germany,962421798,Business Visa,2023-12-03,2033-11-30,PER76035,N/A,0.7,lschaaf@de,+49(0) 524980336,"Milena-Neureuther-Allee 801, 30106 Querfurt",Passau,Northern Cape,46191,Winzer,German,13
'5006038238094,Mlungisi,Masango,Male,1950-06-03,75,Citizen,South Africa,75677245,N/A,N/A,N/A,N/A,N/A,0.78,amcambe@co.za,527.721.1507,"92 Church Indawo, Paarl, 3933",Kimberley,Northern Cape,6230,"Designer, industrial/product",Zulu,N/A
'9905292084031,Nothando,Khambule,Female,1999-05-29,26,Citizen,South Africa,52743536,N/A,N/A,N/A,N/A,N/A,0.79,bhenselanonhlanhla@africa.com,(342)890-8368x98424,"15 Prince Umgwaqo, Vanderbijlpark, 6731",Kimberley,Mpumalanga,4289,Clinical molecular geneticist,Zulu,N/A
'4503212973090,Nomathemba,Makhulukhulu,Female,1945-03-21,80,Permanent Resident,South Africa,42844816,N/A,N/A,N/A,N/A,N/A,0.94,ahlomuka@co.za,577.390.8456,"7987 Short Indawo, Stellenbosch, 4616",Middelburg,KwaZulu-Natal,8697,Counsellor,Zulu,N/A
'6712261698031,Siphesihle,Mqungebe,Female,1967-12-26,57,Citizen,South Africa,21013057,N/A,N/A,N/A,N/A,N/A,0.71,thabisamdladla@co.za,747-377-4993x797,"42 William Ithafa, Bethlehem, 4636",Paarl,Limpopo,3338,Research scientist (maths),Zulu,N/A
'AS928094,Sibonelo,Maphalala,Male,1974-01-22,51,Temporary Visa,Ghana,G6303613,Asylum Seeker Permit,2025-02-02,2027-02-02,ASP85881,Interview Scheduled,0.77,rmafulela@ghana.com,001-269-414-7837x111,"474 Oxford Ithafa, Springs, 1984",Thohoyandou,KwaZulu-Natal,2613,Fish farm manager,Zulu,8
'PR38636025,Jacques,Ferreira,Male,1983-11-21,41,Citizen,United States,300284515,Work Visa,2024-05-19,2034-05-17,PER75861,N/A,0.69,vdijoux@us.com,04 71 04 77 65,"718, rue de Lecoq, 53919 Vincent",Leclerc-sur-Voisin,Mpumalanga,05739,verrier au chalumeau,French,19
'PR13536873,Lungile,Nomvuma,Male,1978-03-23,47,Citizen,Malawi,13492780,Retirement Visa,2024-03-15,2034-03-13,PER51968,N/A,0.63,langalibalelekhukhuza@org,001-908-716-7664,"812 Voortrekker Isitaladi, Boksburg, 3592",uMgungundlovu,Eastern Cape,2303,Advertising account planner,Zulu,20
'7111153415027,Bhekokwakhe,Mathonsi,Female,1971-11-15,53,Citizen,South Africa,10544493,N/A,N/A,N/A,N/A,N/A,0.81,thalente07@co.za,489.438.3312x94309,"611 Oxford Isitaladi, eGoli, 4950",eThekwini,Limpopo,1342,"Designer, interior/spatial",Zulu,N/A
'7001158971002,Bandile,Mzukase,Male,1970-01-15,55,Citizen,South Africa,42149426,N/A,N/A,N/A,N/A,N/A,0.92,gndiyema@africa.com,226-871-3856x60372,"617 Voortrekker Indawo, Musina, 8486",Mahikeng,North West,2369,Control and instrumentation engineer,Zulu,N/A
'7109034050056,Nomathemba,Sishiya,Female,1971-09-03,54,Temporary Visa,South Africa,43655434,N/A,N/A,N/A,N/A,N/A,0.76,zibuyile42@za.net,(508)339-3965x70602,"68 Albertina Sisulu Isitaladi, uMgungundlovu, 6959",Upington,KwaZulu-Natal,4617,Health physicist,Zulu,N/A
'TV24337,Sphiwe,Cebekhulu,Male,1978-02-14,47,Citizen,Nigeria,N7995558,Retirement Visa,2025-08-08,2027-07-24,VIS15401,N/A,0.54,bhekani01@com.ng,549.649.1473x39621,"3278 Walter Sisulu Isitaladi, Benoni, 5222",Stellenbosch,Eastern Cape,7880,Audiological scientist,Zulu,20
'TV48483,Langalibalele,Mzukase,Male,1977-04-16,48,Citizen,Botswana,BO923957,Corporate Visa,2025-07-24,2025-12-23,VIS34612,N/A,0.73,sibongilesiyeshe@net,483-405-8065x9856,"3975 Charles Ithafa, Stellenbosch, 7041",Boksburg,Free State,8142,"Engineer, maintenance",Zulu,17
'6405029952055,Langalibalele,Nhlane,Male,1964-05-02,61,Citizen,South Africa,76070902,N/A,N/A,N/A,N/A,N/A,0.72,bhovunganasihawukele@africa.com,610.407.2259x47393,"549 Charles Umgwaqo, Thohoyandou, 9472",Thohoyandou,Gauteng,8275,English as a foreign language teacher,Zulu,N/A
'6403131495013,Khanyisile,Dukada,Female,1964-03-13,61,Citizen,South Africa,63838393,N/A,N/A,N/A,N/A,N/A,0.91,ndumisosithenjwa@co.za,001-626-255-4371,"190 Elizabeth Ithafa, Welkom, 1536",Vanderbijlpark,Northern Cape,5888,Records manager,Zulu,N/A
'9004024039061,Nomagugu,Mnqayi,Female,1990-04-02,35,Citizen,South Africa,25118783,N/A,N/A,N/A,N/A,N/A,0.94,zakhelemtuswa@co.za,6443458396,"6935 Clarence Umgwaqo, eGoli, 1095",Newcastle,Free State,3659,"Investment banker, operational",Zulu,N/A
'PR59542561,Sibonelo,Mwelase,Male,1989-12-23,35,Citizen,Zambia,30822038,Relative's Visa,2024-12-27,2034-12-25,PER93266,N/A,0.66,imbuyisa@com,565.858.5909,"93 Joseph Indlela, Paarl, 7441",Centurion,Eastern Cape,5597,Sales executive,Zulu,12
'4509040403022,Thabisile,Khezokhulu,Female,1945-09-04,80,Permanent Resident,South Africa,40376949,N/A,N/A,N/A,N/A,N/A,0.83,fkhuluse@africa.com,(692)885-6510,"90 High Umgwaqo, Bethlehem, 4969",Welkom,Western Cape,9530,Insurance account manager,Zulu,N/A
'6107062600002,Nomathalente,Mehloluhlaza,Female,1961-07-06,64,Citizen,South Africa,35832738,N/A,N/A,N/A,N/A,N/A,0.79,thobenivusumuzi@co.za,+1-284-821-9484x86328,"222 Charles Umgwaqo, Thohoyandou, 3834",Chatsworth,KwaZulu-Natal,5178,Materials engineer,Zulu,N/A
'7608032004035,Nkazimulo,Mzileni,Female,1976-08-03,49,Permanent Resident,South Africa,60743598,N/A,N/A,N/A,N/A,N/A,0.77,simphiwegina@co.za,(799)953-0006x7254,"29 Smith Indawo, Randfontein, 1509",Musina,Gauteng,9931,Advice worker,Zulu,N/A
'0306028317048,Lungile,Mvubu,Male,2003-06-02,22,Citizen,South Africa,38918260,N/A,N/A,N/A,N/A,N/A,0.77,ntanzisandile@africa.com,537.981.1193x112,"327 Churchill Ithafa, Thohoyandou, 2090",Sasolburg,KwaZulu-Natal,8060,Armed forces training and education officer,Zulu,N/A
'9710108534079,Sibonelo,Ncwaba,Male,1997-10-10,27,Permanent Resident,South Africa,29050894,N/A,N/A,N/A,N/A,N/A,0.98,fmahlaba@za.net,+1-733-895-1195x06279,"2229 Frere Indlela, Randfontein, 7335",Springs,Eastern Cape,8948,Soil scientist,Zulu,N/A
'0207122397023,Gugu,Shangase,Female,2002-07-12,23,Temporary Visa,South Africa,73961202,N/A,N/A,N/A,N/A,N/A,0.9,nomvulamngoma@co.za,613.382.5214,"365 King Indawo, Chatsworth, 2926",Soweto,Mpumalanga,4619,Translator,Zulu,N/A
'7605245898063,Jabulani,Ndlangamandla,Male,1976-05-24,49,Citizen,South Africa,89287969,N/A,N/A,N/A,N/A,N/A,0.79,thalentenzimande@za.net,769-231-9204x95970,"887 York Indlela, Uitenhage, 4948",Stellenbosch,Mpumalanga,6085,Arboriculturist,Zulu,N/A
'5708170541039,Thembeka,Ncusi,Female,1957-08-17,68,Citizen,South Africa,12603980,N/A,N/A,N/A,N/A,N/A,0.89,minenhlejamasijadu@co.za,+1-233-293-7485x731,"131 Churchill Isitaladi, Sasolburg, 4989",Polokwane,North West,6572,Probation officer,Zulu,N/A
'8912210549096,Owethu,Jama,Female,1989-12-21,35,Permanent Resident,South Africa,69085599,N/A,N/A,N/A,N/A,N/A,0.83,zibuyilemcusi@za.net,8778731306,"44 Napier Indlela, Stellenbosch, 7639",Tembisa,Gauteng,6098,Youth worker,Zulu,N/A
'TV73566,Mcebisi,Thumbeza,Male,1994-09-29,31,Citizen,Eswatini,84900948,Corporate Visa,2025-04-29,2026-08-13,VIS77599,N/A,0.76,minenhlemanyoni@net,001-621-498-8583x39160,"79 High Isitaladi, Sasolburg, 5411",Randfontein,North West,5224,"Embryologist, clinical",Zulu,13
'0210050909087,Busisiwe,Mdlumbi,Female,2002-10-05,23,Citizen,South Africa,58567447,N/A,N/A,N/A,N/A,N/A,0.85,mhlophenonhlanhla@co.za,+1-426-788-3498x8220,"708 George Indawo, Boksburg, 6242",Centurion,KwaZulu-Natal,8633,"Clinical scientist, histocompatibility and immunogenetics",Zulu,N/A
'4509200176078,Ndumiso,Hlongwa,Female,1945-09-20,80,Citizen,South Africa,69616017,N/A,N/A,N/A,N/A,N/A,0.76,nqobizitha70@africa.com,439.603.2095x8315,"440 Oxford Ithafa, Tembisa, 1021",Uitenhage,KwaZulu-Natal,4060,"Nurse, mental health",Zulu,N/A
'5911179054039,S'fiso,Dlangamandla,Male,1959-11-17,65,Citizen,South Africa,21987080,N/A,N/A,N/A,N/A,N/A,0.7,thandiwedingila@africa.com,3908084852,"66 Short Indawo, Musina, 7345",Uitenhage,Western Cape,7899,Clothing/textile technologist,Zulu,N/A
'5501273829009,Thuthukile,Mavuso,Female,1955-01-27,70,Citizen,South Africa,23712518,N/A,N/A,N/A,N/A,N/A,0.76,jnodanga@co.za,839-912-8077x131,"60 Smith Ithafa, Centurion, 1219",Bloemfontein,North West,5004,Geochemist,Zulu,N/A
'4410274273037,Nothando,Dinabantu,Female,1944-10-27,80,Citizen,South Africa,97255183,N/A,N/A,N/A,N/A,N/A,0.9,dkhumalo@africa.com,630-470-2143,"947 Gandhi Indawo, Krugersdorp, 9255",Witbank,KwaZulu-Natal,2859,Comptroller,Zulu,N/A
'4102195513091,Sphiwe,Ndinisa,Male,1941-02-19,84,Citizen,South Africa,40135627,N/A,N/A,N/A,N/A,N/A,0.92,londiwemadlanduna@za.net,732.268.4119x8584,"5473 Milner Indawo, Musina, 9513",Sasolburg,Eastern Cape,6999,"Administrator, Civil Service",Zulu,N/A
'4006197793057,Thalente,Wanda,Male,1940-06-19,85,Citizen,South Africa,44577163,N/A,N/A,N/A,N/A,N/A,0.88,mlungisi79@za.net,302.552.5683x76011,"921 Thomas Indawo, Centurion, 5237",Uitenhage,Free State,8241,Sports administrator,Zulu,N/A
'4112029287014,Andile,Sokhulu,Male,1941-12-02,83,Citizen,South Africa,18280630,N/A,N/A,N/A,N/A,N/A,0.92,bmathunjwa@co.za,+1-997-764-5390x268,"646 Edward Ithafa, Randfontein, 2119",iBhayi,Northern Cape,1367,Newspaper journalist,Zulu,N/A
'AS660333,Nhlanhla,Mnangwe,Male,1997-04-17,28,Citizen,Nigeria,N7586486,Asylum Seeker Permit,2022-12-09,2024-12-08,ASP93852,Appeal Pending,0.76,ngcamanenjabulo@com.ng,(730)313-3239x619,"738 Voortrekker Ithafa, Potchefstroom, 3986",eThekwini,Western Cape,7841,Medical illustrator,Zulu,19
'0307197602094,Langalibalele,Qomazitha,Male,2003-07-19,22,Citizen,South Africa,89265069,N/A,N/A,N/A,N/A,N/A,0.72,sangwaninonjabulo@co.za,955.881.4182x524,"8605 Long Umgwaqo, Chatsworth, 8817",Springs,Western Cape,1550,Barrister's clerk,Zulu,N/A
'PR45920479,Nothando,Shinga,Female,1993-03-24,32,Citizen,Tanzania,93586516,Study Visa,2023-04-28,2033-04-25,PER74207,N/A,0.62,wmanana@com,857.266.0156x92632,"61 Napier Umgwaqo, Stellenbosch, 9504",Benoni,Limpopo,6945,Commercial/residential surveyor,Zulu,15
'8803251285085,Mnqobi,Malembe,Female,1988-03-25,37,Citizen,South Africa,45830602,N/A,N/A,N/A,N/A,N/A,0.92,londiwengcobo@za.net,494-759-1064x6731,"47 Joseph Umgwaqo, Kimberley, 5631",Bloemfontein,Limpopo,9999,"Accountant, chartered certified",Zulu,N/A
'7202115252056,Sibonelo,Mondise,Male,1972-02-11,53,Asylum Seeker,South Africa,92803351,N/A,N/A,N/A,N/A,N/A,0.83,nomndayigugulethu@co.za,+1-385-288-8950,"873 Long Indawo, Kimberley, 9456",Kimberley,Free State,7245,Banker,Zulu,N/A
'PR52854465,Gabriel,Lemaître,Male,1971-11-27,53,Temporary Visa,Democratic Republic of Congo,47809303,Critical Skills Visa,2025-07-17,2035-07-15,PER80211,N/A,0.93,christophe08@com,0384161779,"95, chemin Brunet, 08715 Bodin",Bonnet,Mpumalanga,22785,soigneur d'animaux,French,17
'5111074789089,Thembeka,Mbhulangwe,Female,1951-11-07,73,Citizen,South Africa,88833497,N/A,N/A,N/A,N/A,N/A,0.74,njabulo67@co.za,541-339-5119,"5342 Walter Sisulu Indawo, Thohoyandou, 8589",George,Free State,4416,Translator,Zulu,N/A
'0004160772019,Sibusisiwe,Mhlambo,Female,2000-04-16,25,Citizen,South Africa,36481775,N/A,N/A,N/A,N/A,N/A,0.75,cwalilelungile@za.net,+1-967-751-1476x513,"995 Milner Umgwaqo, Welkom, 1867",Randfontein,Northern Cape,5019,Estate agent,Zulu,N/A
'PR94709152,Langalibalele,Kheswa,Male,2001-06-28,24,Citizen,Zimbabwe,ZI363963,Critical Skills Visa,2024-04-16,2034-04-14,PER32837,N/A,0.79,cngwekazi@co.zw,(296)293-5146,"7282 Church Indawo, Chatsworth, 2137",Bloemfontein,Limpopo,4169,Pensions consultant,Zulu,0
'PR68542547,Sibonelo,Makhanya,Male,1980-03-05,45,Citizen,Ethiopia,10442834,Business Visa,2024-02-20,2034-02-17,PER72069,N/A,0.7,sithembiso42@net,943.254.2065,"288 Walter Sisulu Ithafa, Chatsworth, 1412",Kimberley,North West,3804,Sub,Zulu,3
'TV74622,Jérôme,Perret,Male,1983-08-24,42,Citizen,United Kingdom,225723041,Work Visa,2025-03-13,2026-08-23,VIS21942,N/A,0.74,ljacquet@uk.com,+33 4 23 26 58 73,"103, chemin Christine Chevalier, 91311 Andre",Peltier,Limpopo,10720,assistant de service social,French,9
'8005080854064,Nomathalente,Magolwana,Female,1980-05-08,45,Citizen,South Africa,21586006,N/A,N/A,N/A,N/A,N/A,0.73,nomvulathusini@africa.com,929-991-7923,"836 Napier Isitaladi, Benoni, 3193",Chatsworth,Free State,8499,Publishing rights manager,Zulu,N/A
'8209141537078,Dumisani,Ngobisi,Female,1982-09-14,43,Asylum Seeker,South Africa,51578594,N/A,N/A,N/A,N/A,N/A,0.82,mzilenisfiso@africa.com,+1-931-674-5341x595,"5817 William Ithafa, iBhayi, 7354",Kimberley,Mpumalanga,1583,Ecologist,Zulu,N/A
'5512056786035,Andile,Goje,Male,1955-12-05,69,Citizen,South Africa,89437529,N/A,N/A,N/A,N/A,N/A,0.85,sabelominenhle@za.net,8267989151,"2133 Prince Ithafa, Vereeniging, 5537",Benoni,North West,5127,Chartered loss adjuster,Zulu,N/A
'PR66327454,Mthokozisi,Nongalaza,Male,1979-08-19,46,Citizen,Lesotho,67158978,Retirement Visa,2025-05-17,2035-05-15,PER94681,N/A,0.64,siphesihle37@org,547.553.6948,"6353 Main Umgwaqo, Vanderbijlpark, 7186",Newcastle,KwaZulu-Natal,1766,Telecommunications researcher,Zulu,7
'PR10736586,Julien,Laporte,Male,2005-10-17,19,Citizen,Democratic Republic of Congo,29417990,Study Visa,2023-06-12,2033-06-09,PER98880,N/A,0.63,lerouxstephane@com,0229913599,"18, rue Charlotte Guilbert, 54951 Martin",Lemonnier-sur-Foucher,Free State,75593,employé de pressing,French,8
'4206282164015,Olwethu,Lukhele,Female,1942-06-28,83,Citizen,South Africa,18620583,N/A,N/A,N/A,N/A,N/A,0.9,khanyisile66@co.za,+1-836-504-2354,"842 Milner Indlela, Randfontein, 8885",Centurion,KwaZulu-Natal,1014,"Engineer, maintenance (IT)",Zulu,N/A
'PR55204826,Zenzile,Kunene,Female,2001-06-21,24,Citizen,Kenya,K2312628,Retirement Visa,2024-07-31,2034-07-29,PER79945,N/A,0.91,rsibindi@co.ke,2136033764,"8432 Adelaide Ithafa, Upington, 9568",Bethlehem,Western Cape,8940,"Surveyor, land/geomatics",Zulu,3
'5503148638094,S'fiso,Khoza,Male,1955-03-14,70,Citizen,South Africa,40494149,N/A,N/A,N/A,N/A,N/A,0.98,bandilenkomo@co.za,(789)392-1295x948,"9966 Edward Isitaladi, Mbombela, 3730",Vanderbijlpark,Northern Cape,2279,Hospital pharmacist,Zulu,N/A
'0008130338092,Nozizwe,Nkwakha,Female,2000-08-13,25,Citizen,South Africa,91914865,N/A,N/A,N/A,N/A,N/A,0.84,nomathemba66@co.za,920.392.3088x805,"282 Charles Indawo, Bloemfontein, 9890",Soweto,Gauteng,4828,"Accountant, chartered public finance",Zulu,N/A
'6808251087018,Zenzile,Nqumela,Female,1968-08-25,57,Permanent Resident,South Africa,38264295,N/A,N/A,N/A,N/A,N/A,0.91,nyazitlathembeka@africa.com,894-966-2255,"780 Oxford Ithafa, Middelburg, 2133",Soweto,Northern Cape,5463,Armed forces operational officer,Zulu,N/A
'7602209884039,Njabulo,Xaba,Male,1976-02-20,49,Citizen,South Africa,11861588,N/A,N/A,N/A,N/A,N/A,0.84,nobantu61@za.net,691.945.7418,"9607 Voortrekker Isitaladi, Kimberley, 6362",Springs,Eastern Cape,4146,"Therapist, drama",Zulu,N/A
'5406014705082,Nomusa,Weza,Female,1954-06-01,71,Citizen,South Africa,79208536,N/A,N/A,N/A,N/A,N/A,0.87,thuthukilemahlangu@africa.com,894.470.9709x856,"946 West Indawo, Witbank, 6668",Klerksdorp,KwaZulu-Natal,5801,"Education officer, environmental",Zulu,N/A
'6108019814072,Lungile,Phewa,Male,1961-08-01,64,Citizen,South Africa,20614199,N/A,N/A,N/A,N/A,N/A,0.71,ungiba@africa.com,(599)660-6602,"79 Short Ithafa, iKapa, 9048",Middelburg,Mpumalanga,6530,Armed forces logistics/support/administrative officer,Zulu,N/A
'6406297490006,SimphiweyiNkosi,Phoswa,Male,1964-06-29,61,Citizen,South Africa,43303398,N/A,N/A,N/A,N/A,N/A,0.96,mnqobi46@za.net,+1-311-331-3070,"236 Main Isitaladi, Chatsworth, 2963",Potchefstroom,Western Cape,8666,Mudlogger,Zulu,N/A
'8311154886007,Nobuhle,Dumisa,Female,1983-11-15,41,Citizen,South Africa,98815436,N/A,N/A,N/A,N/A,N/A,0.94,londisizwenkosi@africa.com,001-818-797-3656,"686 King Umgwaqo, Welkom, 4481",Vereeniging,Gauteng,6754,Housing manager/officer,Zulu,N/A
'TV76095,Thibaut,Rolland,Male,1970-07-27,55,Citizen,United States,732518263,Work Visa,2024-09-27,2026-03-29,VIS28998,N/A,0.72,delahayeadelaide@com,08 03 45 91 26,"21, avenue Lagarde, 87182 Delaunay",Saint Claude,Mpumalanga,39319,animateur de bassin versant,French,6
'TV97273,पद्मिनी,गुरुंग,Female,1988-04-28,37,Permanent Resident,India,53313690,Relative's Visa,2024-01-29,2024-07-29,VIS10326,N/A,0.82,rshmiicodhrii@co.in,+91 091 9117662,"86/572 राय, असम 615561",भागलपुर,Western Cape,001418,"Therapist, sports",Hindi,9
'AS777485,Nokulunga,Masinga,Female,1999-04-20,26,Citizen,Kenya,K5731952,Asylum Seeker Permit,2023-11-15,2025-11-14,ASP84027,Interview Scheduled,0.48,zinhlemnisi@co.ke,001-679-958-8886x412,"1945 Voortrekker Umgwaqo, Musina, 7358",Mahikeng,Northern Cape,4608,Editorial assistant,Zulu,20
'6009139748073,Sibonelo,Madlula,Male,1960-09-13,65,Citizen,South Africa,63603648,N/A,N/A,N/A,N/A,N/A,0.79,sengwayosfiso@za.net,+1-452-389-9212x33414,"23 William Indlela, Musina, 7447",Sasolburg,Gauteng,1255,Barista,Zulu,N/A
'PR35451255,Nomalanga,Mkholo,Female,1988-11-29,36,Citizen,Ghana,G2835302,Critical Skills Visa,2025-08-11,2035-08-09,PER10812,N/A,0.63,owethu21@com.gh,(829)806-7107x1732,"32 Paul Kruger Ithafa, iKapa, 5439",Krugersdorp,Mpumalanga,4704,Secondary school teacher,Zulu,7
'0312217766057,Mzamo,Thuliswayo,Male,2003-12-21,21,Citizen,South Africa,89283551,N/A,N/A,N/A,N/A,N/A,0.91,khanyisile67@za.net,544.240.2384x9120,"38 Adelaide Indlela, Krugersdorp, 3578",Welkom,KwaZulu-Natal,3762,Data scientist,Zulu,N/A
'6206068084071,Mcebisi,Thole,Male,1962-06-06,63,Citizen,South Africa,61163444,N/A,N/A,N/A,N/A,N/A,0.91,sthabethe@co.za,899.756.0246x619,"62 Oxford Ithafa, Welkom, 4663",iBhayi,North West,1155,English as a foreign language teacher,Zulu,N/A
'8105180961061,Dumisile,Mamba,Female,1981-05-18,44,Permanent Resident,South Africa,64216027,N/A,N/A,N/A,N/A,N/A,0.91,ndumisosotobe@za.net,618.972.5100x11221,"559 Grey Isitaladi, Springs, 7797",iBhayi,Free State,4617,Hospital doctor,Zulu,N/A
'0111125871088,Bandile,Delwayo,Male,2001-11-12,23,Citizen,South Africa,12052929,N/A,N/A,N/A,N/A,N/A,0.92,sihawukele53@co.za,6407319636,"6979 King Ithafa, Tembisa, 5165",Upington,Western Cape,7841,"Research officer, political party",Zulu,N/A
'8412103962096,Thabisile,Khabalidaka,Female,1984-12-10,40,Citizen,South Africa,92171225,N/A,N/A,N/A,N/A,N/A,0.95,luyanda59@co.za,7274623796,"2816 Milner Ithafa, Vanderbijlpark, 6835",Chatsworth,Mpumalanga,8858,Purchasing manager,Zulu,N/A
'PR81705268,Thalente,Nyanda,Female,1990-09-17,35,Citizen,Somalia,93875128,Relative's Visa,2024-10-10,2034-10-08,PER12988,N/A,0.9,fmbotho@org,838.285.8557x4585,"2979 Charles Indlela, Vanderbijlpark, 9523",Thohoyandou,North West,7513,Print production planner,Zulu,11
'8402291872045,Gugu,Mngwengwe,Female,1984-02-29,41,Citizen,South Africa,12329181,N/A,N/A,N/A,N/A,N/A,0.84,zinhlemqadi@africa.com,436-973-1085x8625,"8020 Paul Kruger Umgwaqo, Bloemfontein, 1454",Vanderbijlpark,Gauteng,9335,"Psychologist, educational",Zulu,N/A
'7908314081065,Sibusisiwe,Mabuza,Female,1979-08-31,46,Citizen,South Africa,80746713,N/A,N/A,N/A,N/A,N/A,0.86,dludluamahle@africa.com,318.790.0648x691,"848 Long Isitaladi, eThekwini, 1115",Witbank,Mpumalanga,5517,Animal technologist,Zulu,N/A
'7301152040002,Nomalanga,Mthalane,Female,1973-01-15,52,Asylum Seeker,South Africa,47893807,N/A,N/A,N/A,N/A,N/A,0.87,njaphanomvula@africa.com,7602766904,"47 Joseph Ithafa, Krugersdorp, 8849",Kathu,Free State,2901,Catering manager,Zulu,N/A
'PR89872157,明,刘,Male,1972-03-17,53,Temporary Visa,China,97801962,Critical Skills Visa,2023-10-21,2033-10-18,PER69471,N/A,0.94,ochen@china.com,14536437888,四川省永安市高坪汪路B座 349602,桂兰县,North West,472099,产品专员,Mandarin,6
'6911233929089,Thabisa,Madela,Female,1969-11-23,55,Citizen,South Africa,88916189,N/A,N/A,N/A,N/A,N/A,0.73,sithembisomangethe@co.za,3362464811,"7753 Stanley Isitaladi, Stellenbosch, 8119",Krugersdorp,Gauteng,6633,"Conservation officer, nature",Zulu,N/A
'PR42711908,飞,武,Male,1985-09-19,40,Citizen,China,66185196,Work Visa,2025-03-18,2035-03-16,PER12267,N/A,0.74,minpan@com.cn,13184030318,湖北省柳市高港赵街U座 154152,坤县,KwaZulu-Natal,293992,法务主管/专员,Mandarin,1
'6409102966079,Nobuhle,Gugushe,Female,1964-09-10,61,Citizen,South Africa,71776597,N/A,N/A,N/A,N/A,N/A,0.75,thuthukile60@za.net,+1-583-484-9625x39485,"5271 Joseph Indlela, Potchefstroom, 9685",Potchefstroom,Mpumalanga,7934,"Clinical scientist, histocompatibility and immunogenetics",Zulu,N/A
'PR72921767,Joseph,Vidal,Male,1986-02-02,39,Permanent Resident,United States,158129016,Retirement Visa,2024-05-20,2034-05-18,PER18381,N/A,0.72,frederique59@us.com,+33 3 75 63 54 52,"6, rue de Jacquot, 19528 MichaudVille",Saint Simone-la-Forêt,Northern Cape,03117,conseiller agricole,French,4
'7506198601049,Njabulo,Hadebe,Male,1975-06-19,50,Citizen,South Africa,23251465,N/A,N/A,N/A,N/A,N/A,1.0,siyabongagabela@africa.com,+1-976-689-1163x7578,"527 Adelaide Indawo, Polokwane, 5188",iBhayi,North West,8099,Radiation protection practitioner,Zulu,N/A
'4302115564076,Mcebisi,Sikhakhane,Male,1943-02-11,82,Permanent Resident,South Africa,47582410,N/A,N/A,N/A,N/A,N/A,0.78,thangothabisa@za.net,001-640-819-5408,"616 Charles Indlela, Chatsworth, 9461",Welkom,Gauteng,6354,Volunteer coordinator,Zulu,N/A
'5608218519047,Mcebisi,Mpila,Male,1956-08-21,69,Citizen,South Africa,81075868,N/A,N/A,N/A,N/A,N/A,0.74,mzamodonda@za.net,(953)683-7491x58111,"389 Short Indawo, Potchefstroom, 9556",Chatsworth,KwaZulu-Natal,2502,Operations geologist,Zulu,N/A
'5409194334099,Nomasonto,Khezokhulu,Female,1954-09-19,71,Citizen,South Africa,42284646,N/A,N/A,N/A,N/A,N/A,0.85,mncwabenozibusiso@za.net,001-203-906-2380,"425 West Indlela, iKapa, 7950",Vanderbijlpark,Free State,6688,"Teacher, adult education",Zulu,N/A
'6403299283049,Sandile,Swazi,Male,1964-03-29,61,Citizen,South Africa,88934853,N/A,N/A,N/A,N/A,N/A,0.92,tsompisi@za.net,227.713.2032,"6920 Joseph Ithafa, Krugersdorp, 4048",Kathu,Eastern Cape,5639,"Therapist, speech and language",Zulu,N/A
'PR65126651,Khanyisile,Thabethe,Female,1983-09-27,42,Citizen,Nigeria,N2409024,Business Visa,2023-08-13,2033-08-10,PER94162,N/A,0.62,pvilakazi@com.ng,875-242-6049,"80 Nelson Mandela Isitaladi, Witbank, 4689",Bethlehem,Mpumalanga,1439,Trade union research officer,Zulu,18
'8005308819090,Sibonelo,Wanda,Male,1980-05-30,45,Temporary Visa,South Africa,91414716,N/A,N/A,N/A,N/A,N/A,0.83,xshange@africa.com,546.724.8486,"523 Joseph Umgwaqo, Thohoyandou, 9908",Sasolburg,Mpumalanga,5040,Database administrator,Zulu,N/A
'9308061823006,Simphiwe,Mzimela,Female,1993-08-06,32,Citizen,South Africa,11221692,N/A,N/A,N/A,N/A,N/A,0.98,mbonanenozibusiso@za.net,+1-758-401-7431x696,"8748 West Isitaladi, eGoli, 5243",Uitenhage,Gauteng,5271,Fine artist,Zulu,N/A
'PR61654161,Khanyisile,Sotobe,Female,1989-02-24,36,Temporary Visa,Eswatini,69148569,Business Visa,2023-07-22,2033-07-19,PER10164,N/A,0.8,bkhuba@org,(456)400-7117x9016,"4553 Long Indlela, Vereeniging, 2834",Sasolburg,North West,1548,"Therapist, horticultural",Zulu,4
'7101036291015,SimphiweyiNkosi,Thembekwayo,Male,1971-01-03,54,Citizen,South Africa,81192916,N/A,N/A,N/A,N/A,N/A,0.85,nondlelanozibusiso@africa.com,(859)216-0488x4656,"61 Gandhi Indawo, Uitenhage, 5113",iBhayi,Gauteng,1766,Risk analyst,Zulu,N/A
'PR70536289,Adrien,Launay,Male,1975-05-07,50,Citizen,United States,675907322,Critical Skills Visa,2023-04-19,2033-04-16,PER97588,N/A,0.92,dgilles@us.com,+33 6 33 69 84 67,"74, avenue Gabriel Marty, 37929 Pichon-sur-Mary",Vaillant,Northern Cape,55642,professeur en activité physique adaptée,French,16
'AS480530,Luyanda,Dunge,Male,1978-06-29,47,Permanent Resident,Tanzania,75873708,Asylum Seeker Permit,2025-08-12,2027-08-12,ASP15580,Refugee Status Granted,0.7,mjwaramandlakhe@org,(674)312-8741,"4902 Stanley Isitaladi, iKapa, 9523",Kathu,Eastern Cape,5959,Public relations account executive,Zulu,13
'TV38460,Mandlakhe,Maluleka,Male,1971-05-04,54,Citizen,Ghana,G7031809,Critical Skills Visa,2023-09-09,2026-05-09,VIS33060,N/A,0.5,njabulombhele@ghana.com,6995988606,"7802 Smith Indlela, Kimberley, 6356",Stellenbosch,North West,8087,Probation officer,Zulu,4
'PR76009799,Bhekisisa,Manzi,Female,1997-06-19,28,Permanent Resident,Nigeria,N9199688,Relative's Visa,2025-08-22,2035-08-20,PER13870,N/A,0.61,zakhele22@com.ng,466.300.5852,"79 William Indlela, Middelburg, 2816",Soweto,Limpopo,8539,"Psychotherapist, dance movement",Zulu,6
'7609247881082,Siyabonga,Vumisa,Male,1976-09-24,49,Citizen,South Africa,80315626,N/A,N/A,N/A,N/A,N/A,0.86,nonjabulosongiya@za.net,416.367.6304x39560,"9301 James Ithafa, Newcastle, 6320",Potchefstroom,Gauteng,9599,Aeronautical engineer,Zulu,N/A
'PR50432761,Vusumuzi,Cebekhulu,Male,1991-10-15,33,Citizen,Nigeria,N3112682,Corporate Visa,2023-04-03,2033-03-31,PER44588,N/A,0.77,andile67@nigeria.com,(403)692-4011,"92 Charles Indlela, iBhayi, 7848",Bloemfontein,Gauteng,2362,Primary school teacher,Zulu,7
'6906221877039,Nomasonto,Khulu,Female,1969-06-22,56,Citizen,South Africa,11393860,N/A,N/A,N/A,N/A,N/A,0.96,simphiweshazi@za.net,710.478.6342,"893 Clarence Umgwaqo, Krugersdorp, 4681",Kimberley,Western Cape,8604,Museum/gallery conservator,Zulu,N/A
'8105298446085,Zenzele,Dlawuza,Male,1981-05-29,44,Citizen,South Africa,60729328,N/A,N/A,N/A,N/A,N/A,0.8,bshabalala@africa.com,848.629.5536x5094,"78 Victoria Ithafa, Boksburg, 1130",Bloemfontein,Free State,2480,Emergency planning/management officer,Zulu,N/A
'9603221128068,Busisiwe,Mhlongo,Female,1996-03-22,29,Citizen,South Africa,68959236,N/A,N/A,N/A,N/A,N/A,0.95,jsongiya@za.net,001-288-412-0169x576,"94 Napier Umgwaqo, Sasolburg, 4899",uMgungundlovu,Free State,2897,Arboriculturist,Zulu,N/A
'PR44046114,Bhekani,Mjwara,Male,2005-07-20,20,Citizen,Ghana,G5818095,Corporate Visa,2024-05-20,2034-05-18,PER55555,N/A,0.91,jamiledumisani@com.gh,+1-678-265-5101x71809,"6414 Charles Isitaladi, Musina, 1660",Paarl,Mpumalanga,3818,"Engineer, energy",Zulu,12
'6505036172078,Mlungisi,Dludlu,Male,1965-05-03,60,Citizen,South Africa,13298475,N/A,N/A,N/A,N/A,N/A,0.84,busisiwe22@africa.com,853.881.5334x4331,"598 James Indlela, Middelburg, 3920",eThekwini,Gauteng,9684,"Scientist, biomedical",Zulu,N/A
'0312026140026,Lwandile,Phathwayo,Male,2003-12-02,21,Citizen,South Africa,35580573,N/A,N/A,N/A,N/A,N/A,0.97,silondilegwagwa@za.net,360.330.0925,"52 Prince Isitaladi, Uitenhage, 5035",Benoni,Western Cape,4854,Equities trader,Zulu,N/A
'8501191363036,Nokulunga,Sikobi,Female,1985-01-19,40,Citizen,South Africa,93120300,N/A,N/A,N/A,N/A,N/A,0.79,thabisilechibini@africa.com,4393039533,"20 Joseph Indlela, Vereeniging, 5830",Vanderbijlpark,Northern Cape,5907,"Nurse, mental health",Zulu,N/A
'TV45771,Édouard,Meunier,Male,1987-02-04,38,Citizen,United Kingdom,906202483,Retirement Visa,2024-12-10,2027-08-27,VIS89789,N/A,0.78,adele05@uk.com,0172105787,"12, chemin Alice Millet, 58702 Rivière",Duvalnec,Free State,73102,technicien de la circulation ferroviaire SNCF,French,13
'PR88289687,Nqobizitha,Mhlanya,Female,1995-01-01,30,Citizen,Somalia,88495773,Study Visa,2022-12-17,2032-12-14,PER39652,N/A,0.67,zakhele37@org,534.366.8568x8611,"25 Victoria Indawo, Tembisa, 9174",George,North West,6003,Art therapist,Zulu,3
'TV57723,Zenzele,Mgcaleka,Male,1984-02-20,41,Citizen,Eswatini,36542092,Work Visa,2024-12-30,2026-11-14,VIS91303,N/A,0.72,khanyisile64@com,3689152108,"81 Main Indawo, Witbank, 6712",Kimberley,North West,7902,"Pharmacist, community",Zulu,4
'7908170822072,Nomathalente,Khulu,Female,1979-08-17,46,Asylum Seeker,South Africa,55156719,N/A,N/A,N/A,N/A,N/A,0.91,sithembiso02@africa.com,946-248-4590x51812,"9524 Gandhi Isitaladi, Rustenburg, 3442",Benoni,Eastern Cape,8601,Commissioning editor,Zulu,N/A
'8801271809096,Thembisile,Mhlungu,Female,1988-01-27,37,Asylum Seeker,South Africa,80292514,N/A,N/A,N/A,N/A,N/A,0.92,shelembesimphiwe@co.za,415-969-6400x632,"9096 Thomas Umgwaqo, Bethlehem, 6393",Mahikeng,Limpopo,9158,"Engineer, maintenance",Zulu,N/A
'5112258896096,Sandile,Vabaza,Male,1951-12-25,73,Citizen,South Africa,99312989,N/A,N/A,N/A,N/A,N/A,0.87,manyoniandile@co.za,+1-967-564-0713x7641,"2672 Victoria Umgwaqo, Boksburg, 5647",Witbank,Western Cape,6089,Hotel manager,Zulu,N/A
'PR10531053,Sandile,Nombela,Male,1983-05-25,42,Permanent Resident,Malawi,97207256,Work Visa,2024-11-01,2034-10-30,PER64052,N/A,0.64,thuthukilemashiya@org,278.512.4923,"63 Rivonia Umgwaqo, Rustenburg, 4013",Middelburg,Western Cape,7554,Phytotherapist,Zulu,16
'9011029439022,Thabani,Yengwayo,Male,1990-11-02,34,Citizen,South Africa,42473172,N/A,N/A,N/A,N/A,N/A,0.89,mcebisihlengwa@za.net,243-615-5952x7899,"4744 Commissioner Indawo, Vanderbijlpark, 5651",Mbombela,North West,6970,Television production assistant,Zulu,N/A
'PR43079122,Madalena,Macedo,Female,1990-03-06,35,Citizen,Mozambique,MO902251,Work Visa,2023-05-24,2033-05-21,PER17113,N/A,0.62,carlotamagalhaes@co.mz,969 632 352,"Travessa Alves, 660, 7687-760 Ermesinde",Gondomar,Mpumalanga,5210-030,Armador de ferro,Portuguese,20
'8505165622062,Nhlanhla,Khwela,Male,1985-05-16,40,Citizen,South Africa,44219408,N/A,N/A,N/A,N/A,N/A,0.78,khanyisile16@za.net,001-528-789-2055x8409,"125 Gandhi Isitaladi, iBhayi, 1429",Paarl,Eastern Cape,6830,Diagnostic radiographer,Zulu,N/A
'TV63408,Thabani,Ntshangase,Male,1998-10-21,26,Permanent Resident,Zambia,32899790,Relative's Visa,2023-01-31,2023-06-15,VIS70343,N/A,0.89,dumisile13@org,001-596-300-8077x027,"5677 Jan Smuts Umgwaqo, Chatsworth, 3595",Kimberley,KwaZulu-Natal,1481,Research scientist (medical),Zulu,16
'5303194526017,Thembisile,Bhungane,Female,1953-03-19,72,Citizen,South Africa,42348331,N/A,N/A,N/A,N/A,N/A,0.81,nomcebo75@africa.com,001-656-388-6938,"65 Oxford Indawo, Stellenbosch, 9570",Welkom,Free State,5754,"Engineer, aeronautical",Zulu,N/A
'5805260186009,Thembeka,Qwabe,Female,1958-05-26,67,Citizen,South Africa,64598546,N/A,N/A,N/A,N/A,N/A,0.73,xmlangeni@co.za,365.369.9161x19340,"5159 Victoria Isitaladi, eGoli, 3589",Klerksdorp,Eastern Cape,5352,"Designer, blown glass/stained glass",Zulu,N/A
'PR20757425,Nomusa,Dlakela,Female,1994-09-30,31,Citizen,Zambia,40612103,Work Visa,2024-06-28,2034-06-26,PER76510,N/A,0.84,zakhelemakhedama@net,515.939.4218x007,"273 Church Ithafa, Kathu, 7377",Upington,Free State,5947,"Nurse, learning disability",Zulu,6
'TV58414,SimphiweyiNkosi,Nkamzwayo,Male,1972-01-31,53,Temporary Visa,Somalia,85563242,Relative's Visa,2022-12-05,2024-03-14,VIS21948,N/A,0.8,minenhle22@org,230.436.5610x841,"633 Walter Sisulu Isitaladi, Welkom, 7575",Witbank,Northern Cape,2707,Education administrator,Zulu,0
'5509263191078,Mnqobi,Dlamdaka,Female,1955-09-26,70,Citizen,South Africa,96094163,N/A,N/A,N/A,N/A,N/A,0.84,jsompisi@africa.com,+1-503-638-5292x27910,"86 Albertina Sisulu Umgwaqo, Mbombela, 7091",Vanderbijlpark,Free State,3829,Chemical engineer,Zulu,N/A
'TV97679,Andile,Mncwanga,Male,1994-03-10,31,Temporary Visa,Malawi,89837327,Business Visa,2024-04-19,2026-04-29,VIS65270,N/A,0.63,tmazalankosi@com,305-224-2409,"64 High Indawo, Tembisa, 2201",Middelburg,Mpumalanga,9292,Advice worker,Zulu,11
'9103118620018,Andile,Madi,Male,1991-03-11,34,Permanent Resident,South Africa,16109826,N/A,N/A,N/A,N/A,N/A,1.0,bhekokwakhemangcamane@co.za,001-427-529-9382x58772,"223 Short Indawo, eThekwini, 4831",Krugersdorp,Limpopo,5962,Community education officer,Zulu,N/A
'PR30618732,Mnqobi,Ndosi,Female,1999-03-13,26,Permanent Resident,Zimbabwe,ZI616734,Relative's Visa,2025-06-27,2035-06-25,PER52214,N/A,0.87,nkabindezakhele@zimbabwe.com,(987)818-1042x2571,"36 Milner Isitaladi, iKapa, 6130",Newcastle,Free State,1725,Brewing technologist,Zulu,7
'4705186728028,Njabulo,Ngcolosi,Male,1947-05-18,78,Citizen,South Africa,99573438,N/A,N/A,N/A,N/A,N/A,1.0,umiya@africa.com,(520)401-6394,"9938 Smith Indawo, Polokwane, 9943",iKapa,North West,6274,Clinical biochemist,Zulu,N/A
'6110275832021,Sphiwe,Mdluli,Male,1961-10-27,63,Citizen,South Africa,45655431,N/A,N/A,N/A,N/A,N/A,0.82,jmaphisa@co.za,001-530-396-1905x949,"688 West Indlela, Bethlehem, 9545",Klerksdorp,Eastern Cape,9538,Trade mark attorney,Zulu,N/A
'AS344862,Mario,Gute,Male,1980-11-05,44,Citizen,Germany,376050689,Asylum Seeker Permit,2024-04-20,2026-04-20,ASP61555,Rejected,0.79,lindneruschi@de,0979481237,"Reutergasse 2/2, 53311 Schwäbisch Hall",Kötzting,Limpopo,17312,Beamter,German,20
'AS386331,Thabisile,Nandisa,Female,1992-09-22,33,Citizen,Nigeria,N7345270,Asylum Seeker Permit,2024-06-11,2026-06-11,ASP53521,Rejected,0.39,siyabonga33@com.ng,001-868-205-9188x758,"4629 Short Isitaladi, Upington, 6268",Witbank,Gauteng,8316,Learning mentor,Zulu,5
'7201187866013,SimphiweyiNkosi,Dwala,Male,1972-01-18,53,Asylum Seeker,South Africa,87817781,N/A,N/A,N/A,N/A,N/A,0.97,nonjabulo62@africa.com,001-742-733-8469x539,"55 High Isitaladi, Boksburg, 6515",Soweto,Eastern Cape,7152,Drilling engineer,Zulu,N/A
'0307290354018,Bhekizizwe,Gambuse,Female,2003-07-29,22,Citizen,South Africa,53677247,N/A,N/A,N/A,N/A,N/A,0.82,sandile87@africa.com,5597976282,"6953 York Umgwaqo, Boksburg, 1987",Polokwane,Gauteng,9114,Recycling officer,Zulu,N/A
'9803292991027,Zinhle,Mhlangu,Female,1998-03-29,27,Citizen,South Africa,73676884,N/A,N/A,N/A,N/A,N/A,0.95,majolathandiwe@za.net,(862)833-4537x205,"963 Short Indawo, Mbombela, 4012",Upington,Western Cape,6394,"Engineer, chemical",Zulu,N/A
'TV60943,Ndumiso,Bhensela,Female,2002-03-18,23,Temporary Visa,Kenya,K7000003,Relative's Visa,2024-08-11,2026-05-30,VIS93828,N/A,0.85,hkhabalidaka@co.ke,978.201.3794x5491,"70 Thomas Ithafa, Chatsworth, 6277",Boksburg,Northern Cape,8426,Community arts worker,Zulu,13
'TV11378,Roger,Albert,Male,2000-07-18,25,Temporary Visa,France,604174543,Work Visa,2025-06-13,2027-10-04,VIS23568,N/A,0.57,moniquehoareau@fr,0650454072,"67, boulevard de Robert, 71493 Joubert",Toussaint-sur-Mer,North West,23872,anatomiste,French,9
'PR74452734,Nhlanhla,Majozi,Male,2002-05-31,23,Citizen,Kenya,K2295368,Business Visa,2024-12-24,2034-12-22,PER16938,N/A,0.87,nalasiphesihle@co.ke,+1-754-991-8696x4965,"57 President Indlela, Centurion, 6454",Mbombela,Eastern Cape,5388,Social researcher,Zulu,4
'PR27354088,Londisizwe,Bhedleni,Female,1995-06-12,30,Temporary Visa,Kenya,K9492213,Corporate Visa,2023-07-12,2033-07-09,PER77303,N/A,0.8,echamane@kenya.com,(770)889-4480,"66 Adelaide Indlela, Stellenbosch, 4702",Stellenbosch,Gauteng,9215,"Merchandiser, retail",Zulu,11
'AS496128,Robert,Guillet,Male,2001-12-26,23,Citizen,France,343646443,Asylum Seeker Permit,2025-03-02,2027-03-02,ASP18502,Application Submitted,0.64,chantalthomas@fr,0438145303,"53, rue Adrienne Morin, 46517 Sainte Victor",Aubert-sur-Mer,Western Cape,76312,assistant maternel maternelle,French,6
'PR16060122,Sandile,Mnyamande,Male,1985-01-02,40,Permanent Resident,Zambia,75389707,Study Visa,2025-03-31,2035-03-29,PER43223,N/A,0.92,sihawukele66@net,+1-667-279-4821x9385,"26 Frere Umgwaqo, iKapa, 4622",Polokwane,Gauteng,8826,Commercial horticulturist,Zulu,18
'8707029412087,Langalibalele,Mbongwe,Male,1987-07-02,38,Citizen,South Africa,94455534,N/A,N/A,N/A,N/A,N/A,0.87,langalibalelenowanqa@africa.com,+1-997-540-9859x7411,"3713 Churchill Ithafa, Boksburg, 7805",Rustenburg,KwaZulu-Natal,7834,"Engineer, electronics",Zulu,N/A
'0407272153095,Nokulunga,Thole,Female,2004-07-27,21,Citizen,South Africa,92966574,N/A,N/A,N/A,N/A,N/A,0.72,nobantu76@africa.com,738-986-3664x8329,"58 Queen Umgwaqo, Stellenbosch, 1268",Stellenbosch,Gauteng,7764,Physiological scientist,Zulu,N/A
'6805172924037,Bhekokwakhe,Mathebula,Female,1968-05-17,57,Citizen,South Africa,39125884,N/A,N/A,N/A,N/A,N/A,0.94,ygigaba@co.za,(592)791-0088x286,"5902 Albertina Sisulu Indlela, Newcastle, 7134",Rustenburg,Northern Cape,8286,Software engineer,Zulu,N/A
'4207251534085,Zinhle,Bikwayo,Female,1942-07-25,83,Citizen,South Africa,40779809,N/A,N/A,N/A,N/A,N/A,0.93,lgebhezi@africa.com,+1-586-758-7565x425,"50 George Umgwaqo, Thohoyandou, 7441",Springs,Eastern Cape,4699,Horticultural therapist,Zulu,N/A
'PR97547219,Minenhle,Mgabhi,Male,1974-02-04,51,Citizen,Malawi,15601869,Work Visa,2024-12-15,2034-12-13,PER56499,N/A,0.67,mlabasihawukele@net,001-709-639-8222,"81 Grey Umgwaqo, Paarl, 9852",Welkom,Gauteng,3357,Market researcher,Zulu,15
'PR66570207,Thabani,Ntaka,Male,1992-02-13,33,Citizen,Tanzania,58614440,Work Visa,2024-08-08,2034-08-06,PER90696,N/A,0.71,lwandiledlakadla@com,+1-661-984-2691x30973,"699 Clarence Isitaladi, Springs, 8970",Thohoyandou,Limpopo,9000,Lawyer,Zulu,14
'TV95833,Vincent,Guillaume,Male,2000-02-02,25,Temporary Visa,France,960473790,Business Visa,2023-10-07,2025-07-18,VIS76378,N/A,0.89,mendeshugues@fr,+33 5 96 09 75 01,"2, boulevard Marie Daniel, 62347 Lemonnier",Sainte Anne,Mpumalanga,62695,horloger,French,17
'7708248332055,Zenzele,Mbanjwa,Male,1977-08-24,48,Citizen,South Africa,16706482,N/A,N/A,N/A,N/A,N/A,0.99,musagwacela@za.net,(344)415-5253x40600,"52 Prince Indlela, eGoli, 9556",Vereeniging,Mpumalanga,4971,Glass blower/designer,Zulu,N/A
'5209033522009,Londiwe,Siwele,Female,1952-09-03,73,Citizen,South Africa,37424780,N/A,N/A,N/A,N/A,N/A,0.75,busisiwe96@africa.com,675.623.2305,"755 King Isitaladi, Boksburg, 9130",Springs,Free State,5987,Data processing manager,Zulu,N/A
'0411110264074,Nomagugu,Khanyeza,Female,2004-11-11,20,Citizen,South Africa,34384369,N/A,N/A,N/A,N/A,N/A,0.97,thembisile95@za.net,646.622.2045,"19 Walter Sisulu Ithafa, Benoni, 6220",Musina,KwaZulu-Natal,5323,Actor,Zulu,N/A
'6405242534043,Thuthukile,Mathwasa,Female,1964-05-24,61,Citizen,South Africa,46213896,N/A,N/A,N/A,N/A,N/A,0.94,ysikhosana@za.net,001-272-788-7359x26394,"290 Edward Indlela, Springs, 9695",Springs,Eastern Cape,6886,Health promotion specialist,Zulu,N/A
'5103019346088,Mcebisi,Ntshingila,Male,1951-03-01,74,Citizen,South Africa,22846890,N/A,N/A,N/A,N/A,N/A,0.7,nondumanhlanhla@co.za,583.761.1551x17950,"94 Queen Umgwaqo, Thohoyandou, 9627",Vanderbijlpark,North West,4817,Exercise physiologist,Zulu,N/A
'8407071272066,Gugulethu,Shinga,Female,1984-07-07,41,Permanent Resident,South Africa,92606804,N/A,N/A,N/A,N/A,N/A,0.83,bhekisisamagujwa@co.za,+1-373-937-5194,"588 Gandhi Indawo, Mbombela, 2781",Rustenburg,Northern Cape,3717,Chartered legal executive (England and Wales),Zulu,N/A
'7302152998093,Nomalanga,Vezi,Female,1973-02-15,52,Citizen,South Africa,39034185,N/A,N/A,N/A,N/A,N/A,0.98,bhekanisokhela@za.net,261.996.8274,"8702 Clarence Indawo, Randfontein, 7445",Sasolburg,Free State,4434,Consulting civil engineer,Zulu,N/A
'0007108666035,Lwandile,Mabika,Male,2000-07-10,25,Citizen,South Africa,78642699,N/A,N/A,N/A,N/A,N/A,0.77,thembekilempumuza@za.net,362-470-0728,"919 Rivonia Ithafa, Bloemfontein, 9377",Vanderbijlpark,Northern Cape,5306,Paramedic,Zulu,N/A
'7307285631074,Mzamo,Mathaba,Male,1973-07-28,52,Citizen,South Africa,17390476,N/A,N/A,N/A,N/A,N/A,0.8,xndandali@za.net,001-625-833-3972x64203,"685 Voortrekker Umgwaqo, Potchefstroom, 4118",Vanderbijlpark,Free State,4071,"Chemist, analytical",Zulu,N/A
'7202290319065,Nomcebo,Lakaza,Female,1972-02-29,53,Citizen,South Africa,84055660,N/A,N/A,N/A,N/A,N/A,0.87,thandiwedlakadla@africa.com,+1-226-535-9861x719,"295 Edward Umgwaqo, Tembisa, 3432",Klerksdorp,Northern Cape,9363,Primary school teacher,Zulu,N/A
'9106130212031,Nokulunga,Miya,Female,1991-06-13,34,Citizen,South Africa,83184056,N/A,N/A,N/A,N/A,N/A,0.8,lwandile74@africa.com,755.482.2690x522,"13 Nelson Mandela Ithafa, Witbank, 2340",Krugersdorp,Mpumalanga,4314,"Journalist, broadcasting",Zulu,N/A
'8901115250037,Nhlanhla,Ngobese,Male,1989-01-11,36,Citizen,South Africa,43722884,N/A,N/A,N/A,N/A,N/A,0.84,mpanzalondisizwe@africa.com,6635736470,"747 President Isitaladi, Tembisa, 2831",Uitenhage,Free State,4632,"Therapist, speech and language",Zulu,N/A
'AS667424,Sibusiso,Mbatha,Male,1992-07-01,33,Citizen,Zambia,29923472,Asylum Seeker Permit,2024-06-25,2026-06-25,ASP11190,Rejected,0.79,nomathemba32@net,211-504-9037x993,"21 Long Ithafa, Bloemfontein, 8411",Chatsworth,KwaZulu-Natal,8492,"Therapist, nutritional",Zulu,1
'TV36106,Luyanda,Malinga,Male,1981-12-02,43,Permanent Resident,Nigeria,N2827804,Corporate Visa,2025-07-14,2026-03-30,VIS50696,N/A,0.62,ephoseka@com.ng,833.463.8652,"455 George Indlela, Bloemfontein, 7093",Kimberley,Mpumalanga,1741,Stage manager,Zulu,15
'4709243572081,Sibusisiwe,Goba,Female,1947-09-24,78,Temporary Visa,South Africa,18758322,N/A,N/A,N/A,N/A,N/A,0.92,ndosinqobizitha@co.za,795-713-4647x00674,"76 Nelson Mandela Ithafa, Randfontein, 2630",eGoli,Northern Cape,1877,Hospital pharmacist,Zulu,N/A
'6111108420007,SimphiweyiNkosi,Mnquhe,Male,1961-11-10,63,Citizen,South Africa,86789590,N/A,N/A,N/A,N/A,N/A,0.75,vndonga@africa.com,236.853.6025x64524,"251 Thomas Indlela, Rustenburg, 5065",Tembisa,Free State,8077,Pathologist,Zulu,N/A
'8509088060031,Mlungisi,Masuku,Male,1985-09-08,40,Permanent Resident,South Africa,77509269,N/A,N/A,N/A,N/A,N/A,0.77,jndlangamandla@za.net,+1-433-255-6322x65718,"8537 William Isitaladi, eThekwini, 8057",Vereeniging,Mpumalanga,5388,Architect,Zulu,N/A
'5906019297068,Luyanda,Mtuswa,Male,1959-06-01,66,Citizen,South Africa,13899898,N/A,N/A,N/A,N/A,N/A,0.79,nomathalente95@africa.com,+1-610-665-0945x45372,"5796 Smith Indlela, Randfontein, 3236",Bloemfontein,Mpumalanga,3387,Records manager,Zulu,N/A
'PR53566707,Mzamo,Mlondo,Male,1994-03-14,31,Citizen,Kenya,K3850839,Retirement Visa,2022-11-04,2032-11-01,PER52791,N/A,0.82,lhlomuka@co.ke,(233)678-7660x94137,"865 West Ithafa, Thohoyandou, 2714",Witbank,Limpopo,7563,Sport and exercise psychologist,Zulu,2
'7804088563042,Sphiwe,Ntshingila,Male,1978-04-08,47,Permanent Resident,South Africa,81964537,N/A,N/A,N/A,N/A,N/A,0.94,ncalamandlakhe@africa.com,287.276.6070,"262 Jan Smuts Indlela, Newcastle, 2357",Kathu,Mpumalanga,7766,"Designer, jewellery",Zulu,N/A
'PR75517007,Nonjabulo,Bophela,Female,1985-06-14,40,Citizen,Zimbabwe,ZI795175,Business Visa,2023-06-14,2033-06-11,PER66151,N/A,0.62,gugulethudumakude@co.zw,926.538.8724,"5714 Joseph Umgwaqo, Middelburg, 4482",Mbombela,Northern Cape,4889,"Scientist, research (life sciences)",Zulu,16
'TV28109,Bhekokwakhe,Nowanqa,Female,1972-09-17,53,Citizen,Malawi,52287044,Business Visa,2024-10-09,2026-11-27,VIS73438,N/A,0.76,mnqobijibela@net,541-732-5288,"9577 William Indlela, George, 8623",Witbank,KwaZulu-Natal,8559,Television production assistant,Zulu,10
'TV28119,Nkazimulo,Hlomuka,Female,1976-10-28,48,Citizen,Ghana,G7620991,Retirement Visa,2023-02-17,2024-08-27,VIS43309,N/A,0.73,nomathemba89@ghana.com,348.205.3845x91076,"601 Stanley Indawo, Soweto, 5823",Middelburg,Northern Cape,8134,Air traffic controller,Zulu,17
'9705305497012,Mcebisi,Bhejelibomvu,Male,1997-05-30,28,Citizen,South Africa,98077907,N/A,N/A,N/A,N/A,N/A,0.75,gumedelangalibalele@africa.com,+1-544-854-3244x4933,"665 President Isitaladi, Centurion, 9234",Uitenhage,KwaZulu-Natal,3646,Magazine journalist,Zulu,N/A
'8505140911037,Noxolo,Mahlase,Female,1985-05-14,40,Citizen,South Africa,41932678,N/A,N/A,N/A,N/A,N/A,0.86,njabulomathenjwa@za.net,207-277-1264,"25 York Umgwaqo, Tembisa, 9234",Sasolburg,KwaZulu-Natal,8597,Applications developer,Zulu,N/A
'TV37706,Mzamo,Mbekwa,Male,1977-11-21,47,Temporary Visa,Nigeria,N6657455,Work Visa,2023-11-04,2025-08-26,VIS13779,N/A,0.62,ngubenisihawukele@nigeria.com,(325)589-0177,"91 Frere Isitaladi, Vereeniging, 4856",eThekwini,Limpopo,4976,Archaeologist,Zulu,9
'9603270568094,Nozizwe,Yeyeye,Female,1996-03-27,29,Citizen,South Africa,79968338,N/A,N/A,N/A,N/A,N/A,0.73,mngwengwenoxolo@co.za,+1-790-611-7568x88068,"591 Cecil Indlela, Bethlehem, 9234",Mbombela,North West,8398,Human resources officer,Zulu,N/A
'TV98081,निशा,दुत्ता,Female,1976-07-31,49,Temporary Visa,India,53672910,Work Visa,2025-07-02,2026-07-09,VIS70083,N/A,0.69,chetriicndrkaant@india.com,047-25146181,"9637 सुरज सिन्हा, अमरपुर-581826",देवगढ़,Free State,206417,Sales executive,Hindi,13
'PR34969687,Chantal,Bertin,Female,2005-12-29,19,Citizen,France,203840123,Critical Skills Visa,2023-01-24,2033-01-21,PER88977,N/A,0.74,kbruneau@fr,+33 4 22 78 81 04,"92, rue Danielle Navarro, 20763 Bertin",Lebreton,KwaZulu-Natal,55473,coordonnateur d'études cliniques,French,8
'9204197273002,Mzamo,Vundla,Male,1992-04-19,33,Citizen,South Africa,75423615,N/A,N/A,N/A,N/A,N/A,0.94,nbinda@co.za,001-548-424-9529x71545,"88 West Indawo, Thohoyandou, 9775",Springs,Gauteng,9371,Communications engineer,Zulu,N/A
'7610149151074,SimphiweyiNkosi,Dlungwana,Male,1976-10-14,48,Citizen,South Africa,15716117,N/A,N/A,N/A,N/A,N/A,0.83,jabulanimadonsela@za.net,001-545-614-0201x20707,"85 Frere Umgwaqo, Chatsworth, 5664",George,North West,7879,"Conservation officer, nature",Zulu,N/A
'7704278703080,Sandile,Gwanyana,Male,1977-04-27,48,Citizen,South Africa,39504556,N/A,N/A,N/A,N/A,N/A,0.92,nozizwe17@co.za,345-886-4702x7249,"249 Nelson Mandela Indlela, Upington, 8185",Sasolburg,Northern Cape,4884,Public librarian,Zulu,N/A
'8409176194042,Mlungisi,Phetha,Male,1984-09-17,41,Citizen,South Africa,17621080,N/A,N/A,N/A,N/A,N/A,0.82,noxolohlatshwayo@co.za,417.424.8726x652,"2059 George Indlela, iKapa, 4282",eThekwini,KwaZulu-Natal,8475,Arts administrator,Zulu,N/A
'0307176739029,Minenhle,Nonkosi,Male,2003-07-17,22,Citizen,South Africa,94886047,N/A,N/A,N/A,N/A,N/A,0.89,thembekile97@africa.com,+1-855-545-9021,"6909 Charles Indlela, George, 6755",Polokwane,Western Cape,3876,Probation officer,Zulu,N/A
'PR69709794,Florian,Gröttner,Male,1997-08-19,28,Citizen,Germany,594672412,Retirement Visa,2024-12-12,2034-12-10,PER71128,N/A,0.72,hschuchhardt@de,(05668) 254495,"Geza-Süßebier-Straße 83/82, 96874 Berchtesgaden",Gardelegen,Free State,66329,Krankenschwester,German,13
'PR71684310,Fábio,Mota,Male,1979-03-03,46,Permanent Resident,Mozambique,MO213097,Retirement Visa,2025-05-31,2035-05-29,PER43984,N/A,0.89,soraia61@co.mz,961527813,"Avenida Nogueira, 1, 0738-016 Ermesinde",Oliveira do Bairro,Limpopo,4885-802,Professor dos ensinos básico (2.º e 3.º ciclos) e secundário,Portuguese,4
'9810252056099,Sithembiso,Nqumela,Female,1998-10-25,26,Citizen,South Africa,99610251,N/A,N/A,N/A,N/A,N/A,0.9,nhlanhlamhlambo@co.za,242-759-0474x7230,"4792 William Indlela, Kimberley, 1506",Stellenbosch,Limpopo,3305,Water engineer,Zulu,N/A
'4203319404091,Thabani,Madziba,Male,1942-03-31,83,Citizen,South Africa,84126548,N/A,N/A,N/A,N/A,N/A,0.89,mnqobi09@co.za,001-614-659-6354x5665,"7899 President Umgwaqo, Polokwane, 5704",Benoni,Northern Cape,5421,Research scientist (physical sciences),Zulu,N/A
'5110255952043,Thalente,Mgasela,Male,1951-10-25,73,Citizen,South Africa,37131093,N/A,N/A,N/A,N/A,N/A,0.74,sfisomondise@co.za,327.574.6231,"6668 Thomas Umgwaqo, Randfontein, 4096",Centurion,Free State,4108,Data scientist,Zulu,N/A
'5601179467079,Sphiwe,Mlungisi,Male,1956-01-17,69,Citizen,South Africa,88323620,N/A,N/A,N/A,N/A,N/A,0.9,pvundla@za.net,001-598-615-6052x116,"425 Oxford Ithafa, Chatsworth, 7165",Paarl,KwaZulu-Natal,4392,Dancer,Zulu,N/A
'9306095511008,S'fiso,Mthinti,Male,1993-06-09,32,Citizen,South Africa,51780059,N/A,N/A,N/A,N/A,N/A,0.92,nomagugu62@africa.com,001-535-365-3554x636,"29 William Umgwaqo, George, 9280",Benoni,Mpumalanga,5605,Landscape architect,Zulu,N/A
'7311215236000,Thalente,Nyokayebululu,Male,1973-11-21,51,Citizen,South Africa,43689188,N/A,N/A,N/A,N/A,N/A,0.76,nobuhlehlengwa@africa.com,533-547-1487,"35 Long Isitaladi, Welkom, 5759",iKapa,Gauteng,1960,"Buyer, retail",Zulu,N/A
'9807227688063,Thalente,Gxabhashe,Male,1998-07-22,27,Citizen,South Africa,57709387,N/A,N/A,N/A,N/A,N/A,0.78,dumisanimcambe@africa.com,413-438-9864x5621,"9115 Queen Ithafa, Sasolburg, 8935",Potchefstroom,Northern Cape,1891,Industrial/product designer,Zulu,N/A
'7909186732012,Jabulani,Msindazwe,Male,1979-09-18,46,Temporary Visa,South Africa,15568189,N/A,N/A,N/A,N/A,N/A,0.8,mphembaluyanda@za.net,2824754839,"9297 Victoria Isitaladi, Kathu, 2875",Uitenhage,KwaZulu-Natal,6655,"Scientist, research (medical)",Zulu,N/A
'6401184066019,Zakhele,Sokhulu,Female,1964-01-18,61,Citizen,South Africa,85550198,N/A,N/A,N/A,N/A,N/A,0.8,dlomomcebisi@za.net,(284)761-9705x05332,"8525 Oxford Indlela, Musina, 8643",Soweto,Limpopo,2335,"Education officer, environmental",Zulu,N/A
'0410074745004,Khanyisile,Mdladla,Female,2004-10-07,20,Citizen,South Africa,66610737,N/A,N/A,N/A,N/A,N/A,0.73,ymbotho@za.net,(578)328-4618x348,"402 William Umgwaqo, Upington, 6210",Kimberley,Gauteng,9737,"Psychologist, counselling",Zulu,N/A
'0312242448009,Thandazile,Khuluse,Female,2003-12-24,21,Citizen,South Africa,96698977,N/A,N/A,N/A,N/A,N/A,0.75,nothando32@co.za,(518)343-7928x55395,"9394 Smith Umgwaqo, Vereeniging, 8068",Thohoyandou,Free State,5350,Barista,Zulu,N/A
'0111023993042,Thembisile,Nkumane,Female,2001-11-02,23,Citizen,South Africa,60989808,N/A,N/A,N/A,N/A,N/A,0.88,nonhlanhla09@za.net,+1-494-916-2369,"57 Churchill Umgwaqo, eThekwini, 3237",uMgungundlovu,Limpopo,6081,"Psychologist, counselling",Zulu,N/A
'PR30263124,Sibonelo,Mlawula,Male,2002-07-10,23,Citizen,Eswatini,63989012,Relative's Visa,2023-04-14,2033-04-11,PER32419,N/A,0.9,sandilechibini@com,(803)315-8544x329,"535 Nelson Mandela Ithafa, Thohoyandou, 8200",Sasolburg,Mpumalanga,1950,"Designer, textile",Zulu,7
'TV34199,Lourenço,Martins,Male,2002-12-27,22,Citizen,Mozambique,MO767572,Business Visa,2024-08-15,2026-07-16,VIS44901,N/A,0.62,joana12@co.mz,917 345 829,"Travessa de São Lourenço, 80, 5616-421 Barcelos",Almada,Free State,3961-541,Técnico de apoio aos utilizadores das TIC,Portuguese,19
'4308276662039,Sibusiso,Myeza,Male,1943-08-27,82,Citizen,South Africa,74236816,N/A,N/A,N/A,N/A,N/A,0.8,siyabonga18@africa.com,634-554-8105,"99 Stanley Indlela, Mbombela, 2655",Witbank,North West,6191,Psychiatrist,Zulu,N/A
'9312279093043,Zenzele,Mkhathini,Male,1993-12-27,31,Permanent Resident,South Africa,77881476,N/A,N/A,N/A,N/A,N/A,0.93,mnxumalo@za.net,736.869.7123,"9174 President Indlela, Chatsworth, 3489",Kimberley,Gauteng,7037,"Nurse, mental health",Zulu,N/A
'9308011614002,Nomathalente,Maphindela,Female,1993-08-01,32,Citizen,South Africa,95958386,N/A,N/A,N/A,N/A,N/A,0.87,jndawo@za.net,520-587-5396x6472,"525 Cecil Indlela, Mbombela, 1476",Bethlehem,Northern Cape,7215,Medical secretary,Zulu,N/A
'7807169507077,Mthokozisi,Somboni,Male,1978-07-16,47,Citizen,South Africa,57351195,N/A,N/A,N/A,N/A,N/A,0.84,smawanda@africa.com,3048514466,"84 Jan Smuts Indawo, Paarl, 6145",Mbombela,Gauteng,9646,Commercial horticulturist,Zulu,N/A
'8608290512002,Thandiwe,Biyase,Female,1986-08-29,39,Citizen,South Africa,14732129,N/A,N/A,N/A,N/A,N/A,0.76,owethu96@africa.com,001-782-493-0333x315,"1810 Joseph Indlela, Benoni, 8585",Randfontein,Free State,2206,IT sales professional,Zulu,N/A
'8505247449039,Andile,Khuyameni,Male,1985-05-24,40,Citizen,South Africa,63817838,N/A,N/A,N/A,N/A,N/A,0.72,nhlanhlambulaze@co.za,(536)936-6927x23191,"3833 George Isitaladi, Stellenbosch, 9280",Mbombela,Mpumalanga,3802,"Engineer, electrical",Zulu,N/A
'5003147928036,Luyanda,Mpangazitha,Male,1950-03-14,75,Citizen,South Africa,77644757,N/A,N/A,N/A,N/A,N/A,0.79,mabikalangalibalele@za.net,926-418-5983,"27 James Indlela, Tembisa, 6268",George,North West,6700,Economist,Zulu,N/A
'TV16336,Sphiwe,Lubelo,Male,1993-08-31,32,Citizen,Ghana,G1512719,Retirement Visa,2023-03-15,2025-12-09,VIS71049,N/A,0.8,thabisa10@com.gh,210-447-3593x80089,"5775 Commissioner Isitaladi, Vanderbijlpark, 7459",Boksburg,Gauteng,2449,Quantity surveyor,Zulu,20
'4708247869001,Thabani,Mboyisa,Male,1947-08-24,78,Citizen,South Africa,83259001,N/A,N/A,N/A,N/A,N/A,0.87,thembekamagononde@co.za,9782464120,"7270 Gandhi Indlela, Kathu, 2399",Mbombela,Eastern Cape,5216,Dietitian,Zulu,N/A
'7304213376067,Nozizwe,Mveni,Female,1973-04-21,52,Citizen,South Africa,37243857,N/A,N/A,N/A,N/A,N/A,0.94,langalibalelemakhunga@za.net,+1-954-318-0726x266,"5251 Albertina Sisulu Ithafa, Newcastle, 2504",uMgungundlovu,Free State,6001,Communications engineer,Zulu,N/A
'7412279327017,Andile,Nkundlande,Male,1974-12-27,50,Citizen,South Africa,72055692,N/A,N/A,N/A,N/A,N/A,0.85,gugulethungwane@africa.com,299-332-9795x125,"7622 Gandhi Umgwaqo, Thohoyandou, 3972",George,Gauteng,7201,Further education lecturer,Zulu,N/A
'TV31708,Arno,Krause,Male,1972-07-25,53,Citizen,Germany,871059572,Critical Skills Visa,2023-09-28,2024-06-11,VIS54794,N/A,0.73,roehrdanzrandolf@de,+49 (0) 5962 272411,"Dogan-Henschel-Straße 352, 36586 Kelheim",Böblingen,Mpumalanga,59698,Medizininformatiker,German,15
'5105276164028,Luyanda,Mahamba,Male,1951-05-27,74,Citizen,South Africa,31839036,N/A,N/A,N/A,N/A,N/A,0.84,nomasonto11@co.za,958.615.6986,"56 President Indawo, Bloemfontein, 2876",iBhayi,Gauteng,6901,"Accountant, chartered public finance",Zulu,N/A
'5907292369095,Nobuhle,Mgenge,Female,1959-07-29,66,Citizen,South Africa,38163885,N/A,N/A,N/A,N/A,N/A,0.86,simphiwe42@africa.com,(307)589-2252,"509 Church Indlela, Boksburg, 3291",Kathu,North West,3911,Adult nurse,Zulu,N/A
'TV22196,Caroline,Traore,Female,2001-12-01,23,Citizen,Democratic Republic of Congo,81001207,Study Visa,2025-05-05,2025-11-14,VIS87027,N/A,0.89,bdos-santos@com,0329327541,"21, boulevard de Texier, 82319 GérardVille",Dupuis,North West,66476,traducteur technique,French,1
'TV33115,Hansgeorg,Kraushaar,Male,1980-02-10,45,Citizen,Germany,836713736,Retirement Visa,2023-08-18,2024-04-02,VIS12113,N/A,0.59,gflantz@germany.com,0389828756,"Jäntschstr. 93, 47592 Erbisdorf",Eisenhüttenstadt,Western Cape,68371,Elektroniker,German,20
'8507253104080,Sithembiso,Maseko,Female,1985-07-25,40,Temporary Visa,South Africa,76223220,N/A,N/A,N/A,N/A,N/A,0.83,thandiwe52@co.za,001-625-944-3473x89297,"252 Edward Indlela, Klerksdorp, 7130",Soweto,Northern Cape,8109,Insurance account manager,Zulu,N/A
'9701051326065,Thuthukile,Mathibela,Female,1997-01-05,28,Citizen,South Africa,36297499,N/A,N/A,N/A,N/A,N/A,0.79,sontulisiphesihle@africa.com,(294)679-8333,"3458 William Isitaladi, Witbank, 9224",uMgungundlovu,Eastern Cape,8582,Print production planner,Zulu,N/A
'TV36418,Minenhle,Ncwaba,Male,2003-02-21,22,Citizen,Eswatini,42655963,Critical Skills Visa,2025-01-07,2026-03-20,VIS16254,N/A,0.81,busisiwebhensela@com,+1-955-702-2757,"244 Edward Umgwaqo, Potchefstroom, 6093",iKapa,Eastern Cape,4342,Veterinary surgeon,Zulu,20
'6810172354040,Nobuhle,Mazibuko,Female,1968-10-17,56,Permanent Resident,South Africa,43239923,N/A,N/A,N/A,N/A,N/A,0.99,ashoba@za.net,001-202-761-3649x423,"6713 Main Indawo, Middelburg, 3642",Sasolburg,North West,5302,Arts administrator,Zulu,N/A
'7809170860094,Sibongile,Jamile,Female,1978-09-17,47,Temporary Visa,South Africa,28149948,N/A,N/A,N/A,N/A,N/A,0.97,kkhanyile@co.za,416-604-3910x8076,"989 Walter Sisulu Umgwaqo, Centurion, 9341",Sasolburg,Northern Cape,7445,Horticultural consultant,Zulu,N/A
'TV79809,Thalente,Nzimande,Male,1987-09-04,38,Citizen,Nigeria,N4914190,Critical Skills Visa,2024-12-01,2025-07-20,VIS62563,N/A,0.79,musadumakude@com.ng,380-391-6084x820,"371 Adelaide Isitaladi, Springs, 1944",Musina,Gauteng,6051,Merchant navy officer,Zulu,13
'AS220017,Michelle,Lebreton,Female,1971-06-12,54,Citizen,United Kingdom,567660526,Asylum Seeker Permit,2024-03-18,2026-03-18,ASP17081,Appeal Pending,0.59,arnaudemorvan@uk.com,+33 3 63 96 93 60,"34, chemin Joubert, 52926 Saint Maggieboeuf",Guyon-sur-Mer,Gauteng,59710,dessinateur de BD,French,16
'4808151116050,Thabisa,Thwala,Female,1948-08-15,77,Citizen,South Africa,64121648,N/A,N/A,N/A,N/A,N/A,0.89,oshandu@co.za,001-547-730-4435x8835,"6289 Grey Ithafa, Thohoyandou, 5134",Paarl,North West,2407,Software engineer,Zulu,N/A
'AS657954,Arnaude,Boucher,Female,1983-02-11,42,Citizen,United Kingdom,152832435,Asylum Seeker Permit,2025-01-13,2027-01-13,ASP79669,Interview Scheduled,0.74,henri90@uk.com,+33 (0)1 80 74 68 92,"253, chemin Morin, 63281 Clément",Dufour,KwaZulu-Natal,17161,gérant de restauration collective,French,6
'9205084765005,Londiwe,Bhovungana,Female,1992-05-08,33,Citizen,South Africa,32629356,N/A,N/A,N/A,N/A,N/A,0.74,andile17@africa.com,(535)501-9790x108,"2733 Frere Indawo, Welkom, 2923",Stellenbosch,KwaZulu-Natal,2604,Administrator,Zulu,N/A
'0309101231004,Simphiwe,Khaba,Female,2003-09-10,22,Citizen,South Africa,29424198,N/A,N/A,N/A,N/A,N/A,0.82,nozibusiso17@za.net,001-745-282-2782x355,"6215 Commissioner Isitaladi, Sasolburg, 4445",Springs,KwaZulu-Natal,3976,Corporate investment banker,Zulu,N/A
'TV79039,Nathalie,Garnier,Female,1978-12-30,46,Citizen,Democratic Republic of Congo,26976819,Corporate Visa,2023-01-08,2024-09-05,VIS78375,N/A,0.71,mremy@org,+33 (0)1 60 10 05 36,"75, rue de Laine, 67844 Jacob",Sainte Aimé,Eastern Cape,79425,architecte web,French,1
'5406110429008,Gugulethu,Zikhungwini,Female,1954-06-11,71,Permanent Resident,South Africa,20306997,N/A,N/A,N/A,N/A,N/A,0.93,mandlakhe83@co.za,001-931-269-0508x948,"5197 King Indlela, Polokwane, 1155",Mbombela,North West,5336,Sports development officer,Zulu,N/A
'8312119776083,Sibonelo,Mzukase,Male,1983-12-11,41,Permanent Resident,South Africa,75120079,N/A,N/A,N/A,N/A,N/A,0.86,nntenga@africa.com,001-525-916-8680,"19 Rivonia Isitaladi, Mbombela, 4133",Newcastle,Eastern Cape,9515,Consulting civil engineer,Zulu,N/A
'5704179480023,Mandla,Gxabhashe,Male,1957-04-17,68,Temporary Visa,South Africa,51037222,N/A,N/A,N/A,N/A,N/A,0.8,impikela@africa.com,001-742-561-1254x321,"4139 York Indawo, Potchefstroom, 6365",eThekwini,Northern Cape,1013,Secondary school teacher,Zulu,N/A
'5111135026098,Langalibalele,Gubhuza,Male,1951-11-13,73,Citizen,South Africa,18662915,N/A,N/A,N/A,N/A,N/A,0.81,nothandomasina@za.net,001-993-234-3646,"4851 Queen Indawo, Tembisa, 9010",Boksburg,KwaZulu-Natal,8948,Printmaker,Zulu,N/A
'PR85889433,Henri,Godard,Male,1995-09-07,30,Citizen,Democratic Republic of Congo,58491640,Work Visa,2024-05-10,2034-05-08,PER31396,N/A,0.72,victoire07@org,+33 (0)4 50 10 08 87,"70, avenue Antoine, 90205 BertinVille",Blinnec,Western Cape,08810,administrateur réseaux,French,4
'8001023115071,Thuthukile,Siyaya,Female,1980-01-02,45,Citizen,South Africa,65698813,N/A,N/A,N/A,N/A,N/A,0.96,knsindane@africa.com,+1-479-495-1852,"1192 Cecil Ithafa, Klerksdorp, 9572",Newcastle,Gauteng,6817,"Secretary, company",Zulu,N/A
'8111299392098,Lungile,Lamula,Male,1981-11-29,43,Citizen,South Africa,96063985,N/A,N/A,N/A,N/A,N/A,0.81,siphesihlenkosi@co.za,+1-374-255-3626x76809,"2088 Somerset Indawo, Welkom, 7509",Uitenhage,Free State,7899,Artist,Zulu,N/A
'PR45259517,शंकर,सरीन,Male,1982-11-13,42,Citizen,India,58598055,Corporate Visa,2023-12-02,2033-11-29,PER11337,N/A,0.85,shngkr66@india.com,09558377089,"4/0 मञ्जु देशपांडे, चक्रधरपुर 839862",हैदराबाद,Northern Cape,366872,Oceanographer,Hindi,10
'9409070488022,Nonhlanhla,Sabelo,Female,1994-09-07,31,Citizen,South Africa,12533272,N/A,N/A,N/A,N/A,N/A,0.8,khaphelathabisile@africa.com,393-479-9292x606,"7966 King Indawo, Middelburg, 5657",Springs,Gauteng,1698,"Teacher, music",Zulu,N/A
'7408014270047,Thabisa,Weza,Female,1974-08-01,51,Citizen,South Africa,29370091,N/A,N/A,N/A,N/A,N/A,0.7,fshelembe@co.za,(450)987-7107x1793,"176 Clarence Umgwaqo, Klerksdorp, 9066",Musina,Gauteng,8183,"Scientist, audiological",Zulu,N/A
'4106249649043,Nhlanhla,Nhleko,Male,1941-06-24,84,Citizen,South Africa,56067914,N/A,N/A,N/A,N/A,N/A,0.94,kamahle@africa.com,539-619-7529x69175,"1184 West Ithafa, Musina, 8974",Mahikeng,KwaZulu-Natal,7821,"Investment banker, operational",Zulu,N/A
'7011031415047,Noxolo,Mseleku,Female,1970-11-03,54,Citizen,South Africa,24627529,N/A,N/A,N/A,N/A,N/A,0.93,nxasananokulunga@za.net,416-669-3637x1298,"57 Queen Ithafa, Middelburg, 3210",Witbank,Limpopo,2361,Forensic psychologist,Zulu,N/A
'PR71807608,Paulette,Adam,Female,2004-09-27,21,Citizen,Democratic Republic of Congo,41232142,Retirement Visa,2024-05-13,2034-05-11,PER79467,N/A,0.72,tristanbrunel@net,0368371336,"85, avenue Alexandrie Prévost, 21850 Olivier-sur-Parent",Brunelboeuf,Eastern Cape,78168,technicien en lignes haute tension,French,19
'AS114457,桂芳,房,Female,1978-05-12,47,Permanent Resident,China,71653932,Asylum Seeker Permit,2023-10-04,2025-10-03,ASP55966,Refugee Status Granted,0.54,vma@china.com,14593927681,福建省淮安县魏都黄路Z座 581717,台北市,Western Cape,478542,汽车电工,Mandarin,12
'4001074042020,Nobantu,Jamasijadu,Female,1940-01-07,85,Citizen,South Africa,91743573,N/A,N/A,N/A,N/A,N/A,1.0,nomthandazonkwanyana@co.za,240.710.1535x506,"58 High Ithafa, Krugersdorp, 1359",Springs,KwaZulu-Natal,7999,Research scientist (medical),Zulu,N/A
'8204136809065,S'fiso,Mtimande,Male,1982-04-13,43,Permanent Resident,South Africa,95393047,N/A,N/A,N/A,N/A,N/A,0.9,esokhulu@co.za,+1-502-552-9888,"217 Short Ithafa, Klerksdorp, 4704",Soweto,Gauteng,3382,Analytical chemist,Zulu,N/A
'4612291910084,Nomalanga,Shamase,Female,1946-12-29,78,Citizen,South Africa,15482625,N/A,N/A,N/A,N/A,N/A,0.7,mandlakhehlongwane@co.za,001-607-273-1275x032,"539 Frere Isitaladi, Thohoyandou, 6548",Vereeniging,Mpumalanga,4884,Transport planner,Zulu,N/A
'0007045586052,Siyabonga,Mantshinga,Male,2000-07-04,25,Citizen,South Africa,32099632,N/A,N/A,N/A,N/A,N/A,0.97,mbothothabisile@co.za,9987581211,"841 Edward Indlela, Uitenhage, 3143",Sasolburg,KwaZulu-Natal,2325,"Surveyor, building",Zulu,N/A
'6207100839067,Gugulethu,Mashiya,Female,1962-07-10,63,Citizen,South Africa,71422935,N/A,N/A,N/A,N/A,N/A,0.93,ncananamthokozisi@co.za,001-390-937-2398x5011,"9846 Jan Smuts Indlela, Mbombela, 5534",George,Free State,7783,Advertising copywriter,Zulu,N/A
'4212185225010,Sandile,Ntanzi,Male,1942-12-18,82,Citizen,South Africa,15944770,N/A,N/A,N/A,N/A,N/A,0.97,nonhlanhlagcumisa@co.za,224-562-5273x22608,"142 Paul Kruger Umgwaqo, Sasolburg, 8467",Benoni,Northern Cape,4769,"Designer, television/film set",Zulu,N/A
'6004089774016,Thando,Mahaye,Male,1960-04-08,65,Citizen,South Africa,63069436,N/A,N/A,N/A,N/A,N/A,0.73,thando38@za.net,001-304-828-9595x7181,"4850 Milner Ithafa, Paarl, 3816",Soweto,Northern Cape,3883,Geographical information systems officer,Zulu,N/A
'TV57861,丽娟,陈,Female,1983-04-04,42,Citizen,China,89701654,Relative's Visa,2025-03-21,2027-09-08,VIS13854,N/A,0.55,pingchen@china.com,18946794220,黑龙江省刚市高港关岭路d座 790871,旭县,KwaZulu-Natal,438172,Web前端开发,Mandarin,6
'TV39900,Laurent,Potier,Male,1995-06-29,30,Permanent Resident,Democratic Republic of Congo,28067619,Corporate Visa,2023-04-07,2025-08-06,VIS43481,N/A,0.78,denis13@com,03 58 18 24 59,"boulevard Théophile Raynaud, 68135 Barthelemy",Saint Josettenec,North West,68107,ingénieur en construction automobile,French,8
'5501156622033,Sphiwe,Qwabe,Male,1955-01-15,70,Temporary Visa,South Africa,37361516,N/A,N/A,N/A,N/A,N/A,0.92,mandla60@co.za,(424)976-1787,"655 Milner Isitaladi, Mahikeng, 1249",Sasolburg,Northern Cape,8835,Claims inspector/assessor,Zulu,N/A
'0105277672003,Mzamo,Mdaka,Male,2001-05-27,24,Temporary Visa,South Africa,84094602,N/A,N/A,N/A,N/A,N/A,0.71,busisiwehlabisa@za.net,+1-289-342-8671x575,"1433 Edward Indlela, iBhayi, 3813",Bloemfontein,Eastern Cape,7545,Hospital pharmacist,Zulu,N/A
'TV43302,Cláudio,Maia,Male,1996-01-25,29,Citizen,Mozambique,MO580919,Relative's Visa,2025-04-26,2027-02-25,VIS40177,N/A,0.86,torresdiogo@co.mz,+351927854079,"Rua Kévim Vieira, 42, 8119-686 Loures",Ourém,North West,7520-317,Carregador de fogo e dinamitador,Portuguese,5
'4808264063041,Mnqobi,Ngwekazi,Female,1948-08-26,77,Citizen,South Africa,61110291,N/A,N/A,N/A,N/A,N/A,0.81,mgabadelithandeka@co.za,(556)229-7940,"177 High Indlela, Musina, 8395",iBhayi,KwaZulu-Natal,3421,Soil scientist,Zulu,N/A
'4206234353079,Thembile,Ntsele,Female,1942-06-23,83,Temporary Visa,South Africa,95759640,N/A,N/A,N/A,N/A,N/A,0.88,mzonelilangalibalele@africa.com,709.872.9312,"5192 Smith Indlela, Bloemfontein, 4758",Stellenbosch,Gauteng,5866,"Designer, exhibition/display",Zulu,N/A
'PR76155756,Thabisile,Cwalile,Female,2004-05-25,21,Citizen,Ghana,G5885745,Work Visa,2022-10-31,2032-10-28,PER64988,N/A,0.8,thandiwemngoma@ghana.com,+1-981-471-3587x2068,"418 Main Umgwaqo, Sasolburg, 7190",Chatsworth,Northern Cape,6770,Phytotherapist,Zulu,18
'9305142453058,Nqobizitha,Khonjwayo,Female,1993-05-14,32,Temporary Visa,South Africa,35301770,N/A,N/A,N/A,N/A,N/A,0.86,nyazitlaandile@za.net,+1-823-934-1080,"86 Rivonia Indawo, iKapa, 5869",Vanderbijlpark,Eastern Cape,5671,Jewellery designer,Zulu,N/A
'PR65453897,Musa,Nandisa,Male,1973-07-29,52,Temporary Visa,Botswana,BO410352,Corporate Visa,2023-07-08,2033-07-05,PER28392,N/A,0.75,nobuhlemshikila@com,(476)676-9338,"102 Joseph Ithafa, Thohoyandou, 4683",Vereeniging,Mpumalanga,3701,Tax adviser,Zulu,16
'PR68458057,Sibusiso,Mkhandlela,Male,1993-06-13,32,Citizen,Lesotho,55565743,Critical Skills Visa,2024-06-16,2034-06-14,PER20314,N/A,0.89,sihawukele42@org,776-496-5859x3134,"1856 Rivonia Umgwaqo, Mbombela, 2815",Witbank,Northern Cape,9092,Patent attorney,Zulu,20
'PR13908115,Bandile,Mcoyi,Male,1970-12-06,54,Citizen,Botswana,BO759007,Critical Skills Visa,2025-07-07,2035-07-05,PER70914,N/A,0.82,ybiyase@net,963-525-7866x037,"20 Commissioner Isitaladi, Centurion, 4421",Centurion,Limpopo,2312,Advertising account executive,Zulu,18
'TV34187,Zibuyile,Dinabantu,Female,2001-04-03,24,Citizen,Botswana,BO424553,Retirement Visa,2023-10-03,2025-11-02,VIS39041,N/A,0.84,lwandile59@com,773-811-8465x13999,"513 Churchill Isitaladi, Middelburg, 3467",Mahikeng,Gauteng,7673,Naval architect,Zulu,18
'0104086744078,Mzamo,Maphanga,Male,2001-04-08,24,Permanent Resident,South Africa,97251136,N/A,N/A,N/A,N/A,N/A,0.84,ndabandabanobuhle@co.za,866-494-1166x107,"91 Joseph Indawo, Tembisa, 5875",Polokwane,Limpopo,8062,Financial manager,Zulu,N/A
'5508202983033,Nkazimulo,Bhengu,Female,1955-08-20,70,Citizen,South Africa,88684314,N/A,N/A,N/A,N/A,N/A,0.91,zibuyilempungose@co.za,5515773960,"2735 Oxford Indawo, Vereeniging, 8901",Springs,Gauteng,5366,Chartered certified accountant,Zulu,N/A
'9912071158009,Nomalanga,Ntsele,Female,1999-12-07,25,Citizen,South Africa,12531268,N/A,N/A,N/A,N/A,N/A,0.92,sibonelombonambi@africa.com,001-656-372-2511,"127 Grey Isitaladi, Newcastle, 4697",Potchefstroom,Mpumalanga,4992,"Engineer, civil (consulting)",Zulu,N/A
'4212028603040,Thabani,Nkala,Male,1942-12-02,82,Citizen,South Africa,39273658,N/A,N/A,N/A,N/A,N/A,0.86,sfiso97@za.net,001-369-613-0877x757,"673 Short Indawo, Vereeniging, 1947",Mahikeng,Western Cape,9056,Marketing executive,Zulu,N/A
'PR72355353,Sibusisiwe,Ngungunyana,Female,1989-01-04,36,Citizen,Somalia,97578215,Study Visa,2023-01-20,2033-01-17,PER85256,N/A,0.61,dumisanikhathi@net,544.405.3068,"2447 Voortrekker Umgwaqo, Upington, 1069",Rustenburg,Limpopo,7407,Colour technologist,Zulu,6
'AS648214,Mzamo,Xaba,Male,1983-04-27,42,Permanent Resident,Kenya,K5441354,Asylum Seeker Permit,2023-10-16,2025-10-15,ASP37575,Refugee Status Granted,0.78,ddlabazane@co.ke,909-477-9788,"7118 Clarence Indlela, Krugersdorp, 6080",Vereeniging,Northern Cape,6085,"Scientist, forensic",Zulu,9
'5211134640030,Nomusa,Gwija,Female,1952-11-13,72,Citizen,South Africa,32568207,N/A,N/A,N/A,N/A,N/A,0.75,jmbutho@co.za,255.860.5889,"61 Churchill Indawo, Uitenhage, 9931",Bloemfontein,Gauteng,8374,Applications developer,Zulu,N/A
'6909125542051,Lungile,Sikobi,Male,1969-09-12,56,Citizen,South Africa,51080136,N/A,N/A,N/A,N/A,N/A,0.78,tgcaleka@za.net,001-224-323-6126x86644,"71 Edward Ithafa, Bethlehem, 5697",Witbank,Northern Cape,6652,Animal nutritionist,Zulu,N/A
'TV22703,Noxolo,Nyide,Female,1983-09-14,42,Citizen,Malawi,72083099,Relative's Visa,2023-01-09,2023-11-22,VIS25296,N/A,0.63,londisizwe56@org,+1-540-251-3054x10807,"4839 Main Indlela, iKapa, 9825",Polokwane,Free State,5811,Actor,Zulu,20
'6210241351010,Nkazimulo,Luvuno,Female,1962-10-24,62,Citizen,South Africa,52806736,N/A,N/A,N/A,N/A,N/A,0.88,mzamo64@za.net,486-717-2283x3515,"5982 Queen Isitaladi, Thohoyandou, 2721",Polokwane,Western Cape,5325,Chief Strategy Officer,Zulu,N/A
'PR19612462,Daniel,Ramos,Male,2005-03-27,20,Temporary Visa,France,681086278,Corporate Visa,2023-02-07,2033-02-04,PER68765,N/A,0.71,eleonoremartin@france.com,05 54 43 98 54,"6, rue Benjamin Ruiz, 37203 Gauthier-sur-Dos Santos",Potier-sur-Letellier,Western Cape,92181,responsable de laboratoire de recherche,French,14
'TV52688,Busisiwe,Khaba,Female,1971-01-16,54,Permanent Resident,Lesotho,24028180,Corporate Visa,2023-05-28,2025-01-12,VIS70001,N/A,0.85,emayeza@org,388.754.6218x763,"4195 Voortrekker Indlela, Potchefstroom, 2133",iKapa,Mpumalanga,9209,Estate manager/land agent,Zulu,10
'5202090334002,Busisiwe,Ngobisi,Female,1952-02-09,73,Permanent Resident,South Africa,13917938,N/A,N/A,N/A,N/A,N/A,0.88,nonhlanhlamthiya@africa.com,(989)353-4044x581,"75 Charles Umgwaqo, Springs, 1149",Upington,KwaZulu-Natal,2730,Race relations officer,Zulu,N/A
'7912170808068,Bhekizizwe,Maduma,Female,1979-12-17,45,Citizen,South Africa,42857771,N/A,N/A,N/A,N/A,N/A,0.72,busisiwe28@za.net,501-673-1736x96722,"4276 Prince Indlela, Thohoyandou, 2458",Chatsworth,KwaZulu-Natal,5140,Environmental manager,Zulu,N/A
'5601225208002,Mandla,Wanda,Male,1956-01-22,69,Temporary Visa,South Africa,54655194,N/A,N/A,N/A,N/A,N/A,0.73,thuthukile00@co.za,001-693-311-8494,"158 Cecil Umgwaqo, Centurion, 2878",uMgungundlovu,Mpumalanga,8859,"Designer, fashion/clothing",Zulu,N/A
'7206062873098,Nozizwe,Mngadi,Female,1972-06-06,53,Permanent Resident,South Africa,83458903,N/A,N/A,N/A,N/A,N/A,1.0,nonjabulo96@co.za,001-254-960-1228,"36 Main Indlela, iBhayi, 9457",Springs,Limpopo,1904,Water quality scientist,Zulu,N/A
'9108245375008,Bandile,Mahlinza,Male,1991-08-24,34,Temporary Visa,South Africa,46868092,N/A,N/A,N/A,N/A,N/A,0.95,thembekile27@za.net,686.464.7967x56880,"9184 Smith Ithafa, Benoni, 8564",George,Eastern Cape,6875,Textile designer,Zulu,N/A
'6809308648072,SimphiweyiNkosi,Mlondo,Male,1968-09-30,57,Citizen,South Africa,39652487,N/A,N/A,N/A,N/A,N/A,0.73,vusumuzimcoyi@africa.com,(472)957-7549x2388,"7210 Oxford Indawo, Welkom, 4268",Soweto,North West,9790,Graphic designer,Zulu,N/A
'6609121408083,Nkazimulo,Sigagu,Female,1966-09-12,59,Citizen,South Africa,56602686,N/A,N/A,N/A,N/A,N/A,1.0,busisiwe08@africa.com,731.318.1893,"26 Paul Kruger Indawo, Stellenbosch, 7971",Sasolburg,Eastern Cape,2552,Land,Zulu,N/A
'TV25354,Nobuhle,Sandanezwe,Female,1993-05-13,32,Temporary Visa,Ghana,G4100418,Work Visa,2025-06-03,2026-02-06,VIS63629,N/A,0.86,zakhelegama@com.gh,397.592.8457x73907,"9843 Napier Umgwaqo, Klerksdorp, 2944",Vanderbijlpark,North West,8374,Tourist information centre manager,Zulu,9
'7802222621030,Owethu,Songiya,Female,1978-02-22,47,Citizen,South Africa,64344824,N/A,N/A,N/A,N/A,N/A,0.93,sondininomvula@africa.com,+1-493-735-2365x8083,"73 Napier Indawo, Chatsworth, 8896",Uitenhage,North West,8989,"Programmer, systems",Zulu,N/A
'0411188305041,S'fiso,Masikane,Male,2004-11-18,20,Temporary Visa,South Africa,59162826,N/A,N/A,N/A,N/A,N/A,0.79,thando42@africa.com,(653)747-2881,"3383 Napier Isitaladi, Randfontein, 5570",Stellenbosch,Western Cape,9162,Electronics engineer,Zulu,N/A
'4909148861055,Thando,Nzuza,Male,1949-09-14,76,Citizen,South Africa,12284603,N/A,N/A,N/A,N/A,N/A,0.86,ndinisasilondile@co.za,001-337-999-7160x0023,"5517 West Umgwaqo, Vereeniging, 1716",Vanderbijlpark,Mpumalanga,1900,"Production assistant, radio",Zulu,N/A
'PR92635977,विद्या,भरद्वाज,Female,1997-12-07,27,Citizen,India,61213922,Retirement Visa,2025-04-08,2035-04-06,PER38008,N/A,0.9,shaahjy@co.in,046-14833720,"83 गौहर नाथ, देहरा-879850",बहादुरगंज,Mpumalanga,913348,Tourist information centre manager,Hindi,10
'8509036436064,Nhlanhla,Hangala,Male,1985-09-03,40,Citizen,South Africa,72599529,N/A,N/A,N/A,N/A,N/A,0.87,delwayothando@za.net,647-429-2021x0837,"618 Voortrekker Indlela, Mahikeng, 8784",Krugersdorp,North West,7719,Medical technical officer,Zulu,N/A
'9310148045061,Sphiwe,Sothole,Male,1993-10-14,31,Temporary Visa,South Africa,81961545,N/A,N/A,N/A,N/A,N/A,0.88,lmahlalela@za.net,001-289-903-6934,"2425 Nelson Mandela Isitaladi, Witbank, 5096",Stellenbosch,Northern Cape,5247,Legal secretary,Zulu,N/A
'4210224512067,Dumisani,Hlabisa,Female,1942-10-22,82,Temporary Visa,South Africa,68854346,N/A,N/A,N/A,N/A,N/A,0.81,magonondesimphiweyinkosi@africa.com,001-292-269-3643x503,"73 Victoria Indlela, Chatsworth, 1161",Rustenburg,North West,8640,Public librarian,Zulu,N/A
'4603224602030,Nomusa,Shange,Female,1946-03-22,79,Permanent Resident,South Africa,61552153,N/A,N/A,N/A,N/A,N/A,0.95,thabisile48@za.net,+1-307-323-7194x00960,"2466 Long Indawo, Kathu, 5419",Thohoyandou,Limpopo,6717,Communications engineer,Zulu,N/A
'5101067632081,Mzamo,Dwala,Male,1951-01-06,74,Temporary Visa,South Africa,46975094,N/A,N/A,N/A,N/A,N/A,0.89,phuthinibhekani@africa.com,410-826-6283x4632,"45 Gandhi Isitaladi, Rustenburg, 3965",Klerksdorp,North West,6763,Petroleum engineer,Zulu,N/A
'6711050584062,Thandeka,Maphindela,Female,1967-11-05,57,Citizen,South Africa,50788967,N/A,N/A,N/A,N/A,N/A,0.73,gugu57@africa.com,990-614-6995x8786,"287 Smith Ithafa, Uitenhage, 4996",George,Free State,3835,Television production assistant,Zulu,N/A
'8502174256038,Thandazile,Nhlapho,Female,1985-02-17,40,Citizen,South Africa,46143161,N/A,N/A,N/A,N/A,N/A,0.78,ymzilankatha@za.net,530.354.3378,"33 Nelson Mandela Ithafa, Kimberley, 3039",Chatsworth,KwaZulu-Natal,6055,Games developer,Zulu,N/A
'6609041939016,Nomusa,Ngwenya,Female,1966-09-04,59,Citizen,South Africa,98515502,N/A,N/A,N/A,N/A,N/A,0.93,nonjabulo13@co.za,+1-379-683-8303x15170,"79 Somerset Indawo, Polokwane, 9606",Newcastle,Northern Cape,7725,Armed forces training and education officer,Zulu,N/A
'4603273402024,Simphiwe,Mhayise,Female,1946-03-27,79,Citizen,South Africa,23745350,N/A,N/A,N/A,N/A,N/A,0.84,fndwandwe@za.net,989-417-7002,"251 King Umgwaqo, Newcastle, 6148",Witbank,Free State,2246,"Engineer, land",Zulu,N/A
'8909076017082,Sandile,Njinji,Male,1989-09-07,36,Citizen,South Africa,14996687,N/A,N/A,N/A,N/A,N/A,0.72,mbhelethembeka@za.net,327-479-6830x4437,"1204 Charles Umgwaqo, Upington, 8383",Musina,Eastern Cape,2122,Town planner,Zulu,N/A
'TV90737,Arthur,Moulin,Male,1995-10-21,29,Citizen,France,732216703,Business Visa,2024-01-23,2026-06-27,VIS86352,N/A,0.77,ameliemasson@france.com,+33 3 80 75 03 51,"74, chemin de Thibault, 49777 Coulon",Étienne,Limpopo,23797,chargé de veille législative et réglementaire,French,17
'PR61198906,Thabisa,Mlawula,Female,2002-12-31,22,Citizen,Kenya,K7586155,Retirement Visa,2023-07-24,2033-07-21,PER99525,N/A,0.75,longodethando@kenya.com,222-358-2910x42110,"17 Edward Umgwaqo, Thohoyandou, 2324",Bloemfontein,North West,6725,Theatre stage manager,Zulu,14
'TV65479,Zenzele,Khuboni,Male,1985-02-11,40,Citizen,Lesotho,20408553,Business Visa,2024-10-02,2025-08-13,VIS59551,N/A,0.77,zsikwayo@net,(414)800-3370,"29 Paul Kruger Indawo, Soweto, 1851",Stellenbosch,KwaZulu-Natal,7812,Interior and spatial designer,Zulu,12
'TV77504,Luyanda,Nyambose,Male,1982-09-16,43,Citizen,Somalia,22386344,Critical Skills Visa,2023-09-18,2024-02-14,VIS69390,N/A,0.86,mcusisiyabonga@net,247-536-2092,"716 Stanley Ithafa, Klerksdorp, 7774",Boksburg,Gauteng,2122,Communications engineer,Zulu,1
'7504305315028,SimphiweyiNkosi,Maziya,Male,1975-04-30,50,Citizen,South Africa,84573498,N/A,N/A,N/A,N/A,N/A,0.91,zshangase@africa.com,001-643-497-8312x510,"4598 Joseph Umgwaqo, Benoni, 7243",Upington,Northern Cape,8803,Hotel manager,Zulu,N/A
'5008048895098,Minenhle,Sokhela,Male,1950-08-04,75,Citizen,South Africa,31184052,N/A,N/A,N/A,N/A,N/A,0.83,ojamile@africa.com,(930)750-8862,"20 Edward Ithafa, Boksburg, 3932",Tembisa,Eastern Cape,4526,"Producer, television/film/video",Zulu,N/A
'8307014977053,Sibusisiwe,Kweyama,Female,1983-07-01,42,Citizen,South Africa,58159764,N/A,N/A,N/A,N/A,N/A,0.95,musa12@africa.com,(560)977-6769x243,"601 High Indlela, Stellenbosch, 7228",Springs,Gauteng,2670,Editorial assistant,Zulu,N/A
'TV13842,Jabulani,Sabelo,Male,1979-09-23,46,Citizen,Ghana,G6632897,Corporate Visa,2023-08-15,2026-04-09,VIS70063,N/A,0.84,zibuyilemanzi@ghana.com,854.606.4401x319,"4117 Elizabeth Indlela, iBhayi, 1988",Welkom,North West,9401,Quality manager,Zulu,4
'TV74489,Gilbert,Dubois,Male,2004-03-11,21,Citizen,Democratic Republic of Congo,32065067,Relative's Visa,2023-10-24,2025-05-10,VIS14363,N/A,0.58,malbert@net,04 15 19 56 33,"88, rue Simon, 82155 Besnardboeuf",Blot,Limpopo,82551,conseiller espace info-énergie,French,12
'0303042340076,Ndumiso,Gence,Female,2003-03-04,22,Citizen,South Africa,16054928,N/A,N/A,N/A,N/A,N/A,0.98,thembile55@africa.com,4087164978,"62 Jan Smuts Indawo, Chatsworth, 7346",Soweto,KwaZulu-Natal,2020,Chartered public finance accountant,Zulu,N/A
'5411157929056,Thalente,Dlebenkomo,Male,1954-11-15,70,Citizen,South Africa,95033334,N/A,N/A,N/A,N/A,N/A,0.99,gambusfiso@africa.com,(946)229-1545,"1368 Short Umgwaqo, Upington, 2117",Mahikeng,Northern Cape,1048,"Chemist, analytical",Zulu,N/A
'PR73006714,Christelle,Pages,Female,1979-09-30,46,Citizen,United Kingdom,550028824,Corporate Visa,2023-04-06,2033-04-03,PER25414,N/A,0.77,martinmatthieu@uk.com,0533953559,"36, chemin Marcelle Poirier, 71123 Peltier",Dijouxdan,KwaZulu-Natal,53534,éducateur technique spécialisé technique spécialisée,French,1
'0106127852070,S'fiso,Mvubu,Male,2001-06-12,24,Citizen,South Africa,95427422,N/A,N/A,N/A,N/A,N/A,0.82,lwandile46@co.za,671.319.1832,"99 Clarence Umgwaqo, Mahikeng, 1335",Vereeniging,North West,6548,Information officer,Zulu,N/A
'8009085020069,S'fiso,Khumbuza,Male,1980-09-08,45,Permanent Resident,South Africa,21402672,N/A,N/A,N/A,N/A,N/A,0.89,sibongilengwekazi@za.net,(231)538-6738x76244,"76 George Indawo, Centurion, 1736",Bloemfontein,Northern Cape,9736,Health and safety adviser,Zulu,N/A
'8605256266084,Mlungisi,Mthabela,Male,1986-05-25,39,Citizen,South Africa,78832862,N/A,N/A,N/A,N/A,N/A,0.93,nomusamgwaba@za.net,647.972.2427x405,"52 Somerset Indlela, Boksburg, 1811",Stellenbosch,Gauteng,6958,Theme park manager,Zulu,N/A
'AS923838,Mlungisi,Binda,Male,1998-08-12,27,Citizen,Malawi,60374401,Asylum Seeker Permit,2025-02-15,2027-02-15,ASP45315,Under Review,0.64,simphiwe06@org,629.583.4252x139,"80 Long Isitaladi, uMgungundlovu, 3500",Upington,Gauteng,3018,Environmental manager,Zulu,3
'6906019067037,Nhlanhla,Mangethe,Male,1969-06-01,56,Temporary Visa,South Africa,18442159,N/A,N/A,N/A,N/A,N/A,0.73,pshange@co.za,001-621-384-3935x5400,"31 Gandhi Ithafa, Middelburg, 5863",iBhayi,Free State,2700,Herbalist,Zulu,N/A
'0512209558054,Mthokozisi,Malambule,Male,2005-12-20,19,Citizen,South Africa,88758980,N/A,N/A,N/A,N/A,N/A,0.79,pntaka@za.net,325.877.6655x728,"63 King Umgwaqo, Witbank, 8558",Soweto,Limpopo,8382,Oncologist,Zulu,N/A
'0109290176090,Gugu,Bayeni,Female,2001-09-29,24,Citizen,South Africa,10016209,N/A,N/A,N/A,N/A,N/A,0.86,zakhele05@za.net,687-265-7434x346,"3734 Grey Indlela, Benoni, 2103",Upington,Gauteng,3719,"Nurse, mental health",Zulu,N/A
'9309219020030,Sibusiso,Mantshinga,Male,1993-09-21,32,Citizen,South Africa,54393732,N/A,N/A,N/A,N/A,N/A,0.78,nomathemba41@africa.com,+1-578-537-9232x283,"4580 Churchill Ithafa, Stellenbosch, 7617",Bloemfontein,Western Cape,6053,Medical technical officer,Zulu,N/A
'7210319410094,Andile,Sithenjwa,Male,1972-10-31,52,Permanent Resident,South Africa,75573112,N/A,N/A,N/A,N/A,N/A,0.88,nonjabulonhlane@africa.com,826.497.0722x698,"20 Short Indlela, Polokwane, 6049",Bloemfontein,Northern Cape,3387,Broadcast journalist,Zulu,N/A
'PR46619004,Sibusiso,Mahulube,Male,1975-04-13,50,Permanent Resident,Ethiopia,53644623,Business Visa,2025-02-18,2035-02-16,PER68255,N/A,0.84,nozibusiso57@org,611-296-1007x311,"2809 Walter Sisulu Isitaladi, Witbank, 6281",Boksburg,KwaZulu-Natal,2618,Art gallery manager,Zulu,9
'TV59455,Mnqobi,Khuba,Female,1978-11-15,46,Citizen,Ethiopia,37239700,Relative's Visa,2024-03-16,2027-02-07,VIS50799,N/A,0.72,vkhuyameni@net,552.334.5381x466,"86 Charles Umgwaqo, Paarl, 9295",Bloemfontein,KwaZulu-Natal,5410,Land/geomatics surveyor,Zulu,1
'AS166908,Adèle,Munoz,Female,1982-09-27,43,Citizen,United Kingdom,789627592,Asylum Seeker Permit,2024-10-01,2026-10-01,ASP53879,Application Submitted,0.61,adele29@uk.com,+33 (0)5 65 67 09 66,"23, avenue de Boyer, 54264 Morel",Jolydan,Western Cape,65138,juge des enfants,French,1
'8006073988089,Nonhlanhla,Khuzwayo,Female,1980-06-07,45,Citizen,South Africa,59271593,N/A,N/A,N/A,N/A,N/A,0.96,nokulungampungose@za.net,(870)963-7593,"683 Albertina Sisulu Indlela, Musina, 7692",Soweto,Northern Cape,9944,"Engineer, materials",Zulu,N/A
'4001149810048,Sandile,Ncama,Male,1940-01-14,85,Citizen,South Africa,82507207,N/A,N/A,N/A,N/A,N/A,0.83,nozibusisomvelase@za.net,001-658-349-2066x43772,"121 Clarence Indlela, eThekwini, 7058",Thohoyandou,Free State,6537,Production engineer,Zulu,N/A
'6806170503044,Thembisile,Ndabandaba,Female,1968-06-17,57,Citizen,South Africa,57169216,N/A,N/A,N/A,N/A,N/A,0.83,mahlobosfiso@co.za,579.306.0486x918,"9839 Short Isitaladi, Krugersdorp, 3504",Thohoyandou,Limpopo,2962,Psychotherapist,Zulu,N/A
'PR69395570,Alexej,Henschel,Male,2000-12-02,24,Citizen,Germany,426362500,Relative's Visa,2025-05-06,2035-05-04,PER46255,N/A,0.64,mrust@de,09077 05153,"Marko-Caspar-Platz 76/98, 12734 Garmisch-Partenkirchen",Goslar,Free State,11403,Pilot,German,6
'9003192031090,Nobuhle,Dingila,Female,1990-03-19,35,Citizen,South Africa,99113540,N/A,N/A,N/A,N/A,N/A,0.92,vmasinga@za.net,+1-325-958-8700x9510,"24 Joseph Indawo, George, 7729",Paarl,Free State,2659,Nutritional therapist,Zulu,N/A
'5411156836026,Mthokozisi,Hlomuka,Male,1954-11-15,70,Citizen,South Africa,12339741,N/A,N/A,N/A,N/A,N/A,0.97,egoba@za.net,+1-349-454-3059x456,"6979 Frere Isitaladi, Rustenburg, 7259",Centurion,Mpumalanga,4114,Advice worker,Zulu,N/A
'9211203455025,Nobuhle,Siwele,Female,1992-11-20,32,Citizen,South Africa,86596491,N/A,N/A,N/A,N/A,N/A,0.77,vmthombeni@africa.com,(531)864-2016x6592,"926 High Umgwaqo, Springs, 6154",Kathu,North West,7212,Information officer,Zulu,N/A
'5510033814066,Sibusisiwe,Duma,Female,1955-10-03,70,Citizen,South Africa,12530936,N/A,N/A,N/A,N/A,N/A,0.81,mahlinzathabisile@africa.com,+1-667-204-7004x6601,"65 Clarence Isitaladi, Bethlehem, 7774",Thohoyandou,Mpumalanga,4384,"Designer, ceramics/pottery",Zulu,N/A
'7907303644081,Nomasonto,Bikwayo,Female,1979-07-30,46,Permanent Resident,South Africa,70901675,N/A,N/A,N/A,N/A,N/A,0.93,nomalanga20@africa.com,001-389-639-6861x7842,"294 Milner Ithafa, uMgungundlovu, 8804",Soweto,Limpopo,2502,"Engineer, maintenance",Zulu,N/A
'PR68103683,Nkazimulo,Mnyoni,Female,1989-01-05,36,Citizen,Tanzania,80613360,Retirement Visa,2023-09-30,2033-09-27,PER85954,N/A,0.74,nonhlanhlamgwaba@net,839-868-6271,"72 Gandhi Umgwaqo, Bloemfontein, 1902",Musina,KwaZulu-Natal,7429,Outdoor activities/education manager,Zulu,11
'8812256420055,Minenhle,Swazi,Male,1988-12-25,36,Citizen,South Africa,45120086,N/A,N/A,N/A,N/A,N/A,0.76,khlengwa@co.za,3789235944,"482 Frere Indlela, Uitenhage, 7970",Springs,Western Cape,1983,"Surveyor, mining",Zulu,N/A
'5510113686090,Thuthukile,Sithuli,Female,1955-10-11,69,Permanent Resident,South Africa,42124044,N/A,N/A,N/A,N/A,N/A,0.9,wsontuli@co.za,001-774-744-6193x92414,"4821 Oxford Indlela, Kathu, 6687",Potchefstroom,North West,4103,"Psychologist, prison and probation services",Zulu,N/A
'5610226585040,Thalente,Nkomose,Male,1956-10-22,68,Citizen,South Africa,55205206,N/A,N/A,N/A,N/A,N/A,0.95,thandongiba@co.za,593-785-5881,"733 Milner Indlela, iKapa, 4576",Randfontein,Northern Cape,7822,"Investment banker, operational",Zulu,N/A
'8006274192007,Owethu,Mngwemkhulu,Female,1980-06-27,45,Temporary Visa,South Africa,47382160,N/A,N/A,N/A,N/A,N/A,0.87,mthalaneluyanda@co.za,001-750-498-3456x5060,"37 Victoria Indlela, Benoni, 1174",Vanderbijlpark,Eastern Cape,6504,Medical secretary,Zulu,N/A
'PR77673904,Thabani,Dinangwe,Male,1981-05-31,44,Citizen,Tanzania,30539521,Work Visa,2022-12-29,2032-12-26,PER79056,N/A,0.81,mbathazenzile@net,+1-415-591-5218x473,"7694 Albertina Sisulu Indlela, Bethlehem, 4065",Uitenhage,Free State,2643,Land/geomatics surveyor,Zulu,12
'0303241769039,Nomalanga,Madziba,Female,2003-03-24,22,Citizen,South Africa,19622681,N/A,N/A,N/A,N/A,N/A,0.89,ymbungela@co.za,001-683-419-8866x5902,"1690 Adelaide Isitaladi, Polokwane, 5850",Uitenhage,Northern Cape,4342,Ambulance person,Zulu,N/A
'5005189004028,S'fiso,Sikhunyana,Male,1950-05-18,75,Citizen,South Africa,79780362,N/A,N/A,N/A,N/A,N/A,0.77,olwethu71@co.za,897-737-4494x356,"90 Clarence Umgwaqo, Klerksdorp, 9975",iKapa,Northern Cape,5133,Senior tax professional/tax inspector,Zulu,N/A
'8802086166091,Langalibalele,Mafulela,Male,1988-02-08,37,Permanent Resident,South Africa,28341642,N/A,N/A,N/A,N/A,N/A,0.96,mjadubhekokwakhe@africa.com,001-347-895-9637x0142,"68 High Indlela, Boksburg, 5826",Bloemfontein,Gauteng,4980,"Civil engineer, consulting",Zulu,N/A
'AS938802,Lungile,Mgilija,Male,1971-09-24,54,Asylum Seeker,Zambia,93969206,Asylum Seeker Permit,2025-07-11,2027-07-11,ASP32379,Rejected,0.5,mjwarazenzele@net,991-916-3951x89934,"6388 James Indlela, George, 3332",eThekwini,Free State,9446,Control and instrumentation engineer,Zulu,12
'AS407388,Njabulo,Khoza,Male,2003-04-08,22,Temporary Visa,Kenya,K7633650,Asylum Seeker Permit,2023-12-14,2025-12-13,ASP16230,Refugee Status Granted,0.45,choncoluyanda@co.ke,001-414-389-7464x0546,"64 Gandhi Indlela, uMgungundlovu, 2745",uMgungundlovu,Mpumalanga,9798,Catering manager,Zulu,12
'7201242057088,Amahle,Myeni,Female,1972-01-24,53,Citizen,South Africa,53154558,N/A,N/A,N/A,N/A,N/A,0.99,glutholoni@za.net,001-725-261-3810x5809,"28 Jan Smuts Isitaladi, Musina, 8918",Kathu,Mpumalanga,6692,Quality manager,Zulu,N/A
'TV11295,Zinhle,Msindazwe,Female,1975-07-12,50,Citizen,Kenya,K4855515,Critical Skills Visa,2023-07-24,2023-10-31,VIS37746,N/A,0.8,siphesihle84@co.ke,(281)815-3685x71755,"951 Paul Kruger Indawo, George, 6139",Uitenhage,North West,7833,"Pharmacist, community",Zulu,16
'AS857165,Édouard,Nicolas,Male,1980-04-08,45,Citizen,United States,118902148,Asylum Seeker Permit,2025-07-02,2027-07-02,ASP33113,Interview Scheduled,0.49,aurore77@com,+33 2 19 10 50 00,"860, rue Zoé Riou, 73757 Chauvin-sur-Lacroix",David,Free State,06567,étalagiste,French,19
'4102233249056,Simphiwe,Gabela,Female,1941-02-23,84,Citizen,South Africa,33942334,N/A,N/A,N/A,N/A,N/A,0.94,nkazimulovangisa@co.za,828.846.4375,"4916 Rivonia Indawo, Benoni, 4975",Bethlehem,Northern Cape,2701,Risk analyst,Zulu,N/A
'6001099007072,Musa,Ngiba,Male,1960-01-09,65,Citizen,South Africa,24199162,N/A,N/A,N/A,N/A,N/A,1.0,nobantuxhakaza@za.net,(719)901-2885x320,"1195 High Isitaladi, Middelburg, 5431",Paarl,KwaZulu-Natal,1329,"Exhibitions officer, museum/gallery",Zulu,N/A
'7210202699055,Sibongile,Ncama,Female,1972-10-20,52,Citizen,South Africa,22361926,N/A,N/A,N/A,N/A,N/A,0.91,sfiso70@africa.com,348-694-8566x2491,"55 Oxford Isitaladi, Centurion, 7873",Springs,Northern Cape,3943,Landscape architect,Zulu,N/A
'0512199935015,Lungile,Gubhuza,Male,2005-12-19,19,Citizen,South Africa,34979553,N/A,N/A,N/A,N/A,N/A,0.81,nphuthini@co.za,535-620-7160,"48 Elizabeth Umgwaqo, Upington, 2149",Krugersdorp,Limpopo,3639,Bookseller,Zulu,N/A
'5502047952047,Bhekani,Mzilankatha,Male,1955-02-04,70,Citizen,South Africa,16229587,N/A,N/A,N/A,N/A,N/A,0.84,thalentemphazima@za.net,708.986.7807x8125,"98 Short Ithafa, Randfontein, 2183",Centurion,KwaZulu-Natal,4568,"Psychologist, clinical",Zulu,N/A
'8607057039032,Mandla,Gxabhashe,Male,1986-07-05,39,Citizen,South Africa,74798776,N/A,N/A,N/A,N/A,N/A,0.85,dumisile97@za.net,273.341.5783x4337,"8344 Napier Indawo, Welkom, 3613",Rustenburg,Free State,1428,Higher education careers adviser,Zulu,N/A
'7904161545093,Nomthandazo,Gabhisa,Female,1979-04-16,46,Citizen,South Africa,70940595,N/A,N/A,N/A,N/A,N/A,0.99,sondininomagugu@co.za,370-379-9067x96457,"357 Long Indawo, Mahikeng, 8880",Boksburg,Gauteng,3710,Associate Professor,Zulu,N/A
'6910018291021,S'fiso,Ngcolosi,Male,1969-10-01,56,Temporary Visa,South Africa,32454582,N/A,N/A,N/A,N/A,N/A,0.79,thandothoyana@za.net,+1-591-818-5599x5209,"725 Grey Ithafa, Vanderbijlpark, 6282",Uitenhage,Western Cape,4067,"Therapist, occupational",Zulu,N/A
'TV14727,Roswita,Mielcarek,Female,1974-07-10,51,Citizen,Germany,591662884,Business Visa,2022-10-08,2023-04-22,VIS51395,N/A,0.53,carmelosegebahn@de,+49(0)9072 352783,"Ortmanngasse 72, 33286 Schongau",Suhl,Western Cape,19291,Beamter,German,10
'PR78643800,Thembisile,Masango,Female,1999-08-06,26,Citizen,Nigeria,N2252691,Business Visa,2025-05-11,2035-05-09,PER24604,N/A,0.69,musabhejelibomvu@nigeria.com,(830)336-5422x0906,"3864 Cecil Indlela, Mahikeng, 3722",Middelburg,Western Cape,2149,"Civil engineer, contracting",Zulu,12
'8507070289027,Dumisani,Ntshingila,Female,1985-07-07,40,Temporary Visa,South Africa,87974999,N/A,N/A,N/A,N/A,N/A,0.71,sibonelo01@co.za,(715)499-7352x826,"1207 Stanley Umgwaqo, Centurion, 9854",Newcastle,Mpumalanga,2457,Broadcast engineer,Zulu,N/A
'AS396369,Mandla,Phungula,Male,1975-04-14,50,Citizen,Zambia,52044407,Asylum Seeker Permit,2023-10-13,2025-10-12,ASP91602,Refugee Status Granted,0.62,myenithabisa@com,987.808.1583,"43 Albertina Sisulu Ithafa, Vereeniging, 8536",Welkom,Limpopo,4671,"Exhibitions officer, museum/gallery",Zulu,7
'8007288864003,Mzamo,Sembathwa,Male,1980-07-28,45,Citizen,South Africa,38816026,N/A,N/A,N/A,N/A,N/A,0.89,mangenathabani@co.za,893-218-8290x187,"16 Queen Ithafa, Welkom, 4669",Upington,Western Cape,8067,Civil Service administrator,Zulu,N/A
'0110099362031,Sibusiso,Ngwekazi,Male,2001-10-09,23,Permanent Resident,South Africa,85676320,N/A,N/A,N/A,N/A,N/A,0.7,zenzile95@co.za,+1-922-247-8542x6719,"9155 Charles Ithafa, Boksburg, 3270",Mbombela,North West,7997,Politician's assistant,Zulu,N/A
'8809208011087,Bhekani,Ngcolosi,Male,1988-09-20,37,Citizen,South Africa,28503374,N/A,N/A,N/A,N/A,N/A,0.74,pnxasana@co.za,(227)412-3913x545,"100 York Indlela, iKapa, 5484",Vanderbijlpark,Limpopo,7375,"Geologist, wellsite",Zulu,N/A
'AS404281,Mandla,Sengwayo,Male,1985-11-18,39,Citizen,Lesotho,54356493,Asylum Seeker Permit,2023-03-27,2025-03-26,ASP41663,Application Submitted,0.35,mngungunyana@com,+1-218-557-3157,"59 Prince Indlela, Musina, 6613",Musina,Limpopo,3349,"Producer, radio",Zulu,4
'PR28750942,霞,贾,Female,1971-03-23,54,Citizen,China,88212811,Study Visa,2024-02-20,2034-02-17,PER18637,N/A,0.87,chaoding@china.com,15728227143,山东省西安市城北辽阳路c座 424887,亮县,KwaZulu-Natal,268462,高级管理,Mandarin,2
'9412245607014,Sandile,Ncusi,Male,1994-12-24,30,Permanent Resident,South Africa,86520653,N/A,N/A,N/A,N/A,N/A,0.96,luyanda49@co.za,+1-858-707-4138x116,"80 Churchill Umgwaqo, Rustenburg, 1953",Krugersdorp,KwaZulu-Natal,2014,"Pilot, airline",Zulu,N/A
'PR26309699,Gabriel,Mercier,Male,1980-01-04,45,Asylum Seeker,United States,952279992,Business Visa,2023-01-01,2032-12-29,PER70193,N/A,0.89,oprevost@com,02 77 82 30 57,"333, rue de Clément, 20699 Gonzalez",Saint Marc-la-Forêt,KwaZulu-Natal,27463,agenceur de cuisines et salles de bains,French,14
'9403032050075,Zinhle,Silangwe,Female,1994-03-03,31,Citizen,South Africa,18568808,N/A,N/A,N/A,N/A,N/A,1.0,xndiyema@africa.com,253-980-7826x76548,"2916 Nelson Mandela Indawo, Tembisa, 1194",Bethlehem,North West,5125,Paramedic,Zulu,N/A
'PR94507011,Enzo,Fernandes,Male,1999-04-09,26,Temporary Visa,Mozambique,MO479490,Business Visa,2023-04-28,2033-04-25,PER87053,N/A,0.9,liaassuncao@mozambique.com,(351) 919 563 213,"Av de Santo Estêvão, 7, 6633-935 Gandra",Ourém,Limpopo,1647-327,Filólogo,Portuguese,7
'PR55926147,Jacques,Pinto,Male,2000-05-31,25,Citizen,Democratic Republic of Congo,11946046,Critical Skills Visa,2024-10-19,2034-10-17,PER30182,N/A,0.86,thibault84@com,04 30 37 91 54,"rue Inès Barthelemy, 16157 Saint Richard",Delmas,Mpumalanga,49184,contrôleur technique automobile,French,5
'9412188306009,Andile,Ncanana,Male,1994-12-18,30,Temporary Visa,South Africa,42532929,N/A,N/A,N/A,N/A,N/A,0.85,sibongile28@africa.com,728-808-3634,"15 Nelson Mandela Indawo, Mbombela, 6773",George,Limpopo,4682,Higher education lecturer,Zulu,N/A
'TV92804,Mandlakhe,Nyawose,Male,1989-01-01,36,Permanent Resident,Nigeria,N5803550,Business Visa,2024-12-12,2027-03-21,VIS49652,N/A,0.73,rbantwini@com.ng,808.753.2850x9118,"62 Grey Ithafa, Polokwane, 5853",Sasolburg,Free State,6336,Operations geologist,Zulu,20
'5912315748018,S'fiso,Lwandle,Male,1959-12-31,65,Citizen,South Africa,18113635,N/A,N/A,N/A,N/A,N/A,0.72,xmafobo@africa.com,(322)201-7812x718,"38 Edward Indawo, Benoni, 5814",Soweto,Limpopo,6831,"Engineer, manufacturing systems",Zulu,N/A
'TV71285,Édouard,Gomes,Male,2001-09-10,24,Citizen,France,967586828,Business Visa,2023-09-25,2026-02-13,VIS26688,N/A,0.82,helene05@france.com,+33 4 65 25 42 56,"avenue Paulette Germain, 22851 Saint Victor",Sainte ArnaudeBourg,North West,59526,ingénieur frigoriste,French,20
'PR41594283,Martim,Oliveira,Male,2004-07-28,21,Citizen,Mozambique,MO366402,Relative's Visa,2022-11-03,2032-10-31,PER55138,N/A,0.86,macedodinis@co.mz,(351) 222 207 166,"R. de Rodrigues de Freitas, 85, 6826-475 Ponta Delgada",Mêda,Limpopo,4815-319,Curador de museus,Portuguese,16
'AS560224,ज्योतिष,आचार्य,Male,1979-07-25,46,Citizen,India,49907532,Asylum Seeker Permit,2023-03-21,2025-03-20,ASP92270,Appeal Pending,0.74,bhttnaagrarunnaa@india.com,+91 868 0820373,"52/265 मंडल, देवगढ़-576533",असम,Gauteng,843286,Podiatrist,Hindi,15
'PR55241312,Bhekani,Mdlenevu,Male,2005-10-25,19,Permanent Resident,Lesotho,94597968,Corporate Visa,2025-04-27,2035-04-25,PER27492,N/A,0.89,sibongile61@net,685.772.6117x53826,"96 William Isitaladi, Bloemfontein, 5255",Potchefstroom,Limpopo,3771,Health physicist,Zulu,1
'9504078675032,Sibusiso,Soduba,Male,1995-04-07,30,Citizen,South Africa,41436450,N/A,N/A,N/A,N/A,N/A,0.86,mzombasiphesihle@co.za,811-227-4370x088,"95 Victoria Indawo, Middelburg, 6054",Newcastle,Free State,9141,Chief of Staff,Zulu,N/A
'AS618290,Zakhele,Ndaba,Female,1991-07-18,34,Citizen,Tanzania,38681124,Asylum Seeker Permit,2022-11-16,2024-11-15,ASP77478,Interview Scheduled,0.71,bhekizizwemyeza@org,(985)862-8653x5019,"82 Charles Umgwaqo, Middelburg, 7940",Benoni,Gauteng,5602,"Scientist, audiological",Zulu,20
'6811097366013,Nhlanhla,Nsibanyoni,Male,1968-11-09,56,Citizen,South Africa,53203600,N/A,N/A,N/A,N/A,N/A,0.73,ambuyazi@za.net,856.362.5720,"7042 Adelaide Ithafa, Middelburg, 7399",Benoni,Eastern Cape,3064,Network engineer,Zulu,N/A
'8909057069001,Nhlanhla,Njapha,Male,1989-09-05,36,Citizen,South Africa,45448726,N/A,N/A,N/A,N/A,N/A,0.76,sithombonozibusiso@za.net,+1-473-882-1057x666,"939 Milner Indlela, Centurion, 7044",iKapa,Mpumalanga,7113,Forensic psychologist,Zulu,N/A
'8509155216019,Jabulani,Ngomane,Male,1985-09-15,40,Citizen,South Africa,72534380,N/A,N/A,N/A,N/A,N/A,0.95,sikhakhanemnqobi@africa.com,249-619-9483x531,"239 West Indawo, Boksburg, 1499",Vanderbijlpark,Eastern Cape,3606,Leisure centre manager,Zulu,N/A
'PR92229573,Nhlanhla,Ntuli,Male,1991-02-09,34,Citizen,Tanzania,19977654,Retirement Visa,2025-07-31,2035-07-29,PER43107,N/A,0.65,gugulethu58@net,725-392-2981,"35 Charles Indlela, Klerksdorp, 1819",Thohoyandou,North West,5743,Environmental education officer,Zulu,13
'9603307235055,Minenhle,Bayeni,Male,1996-03-30,29,Permanent Resident,South Africa,94953910,N/A,N/A,N/A,N/A,N/A,0.78,mlalazisiphesihle@za.net,6614305371,"685 Walter Sisulu Indlela, Rustenburg, 3709",Witbank,Limpopo,9631,Armed forces technical officer,Zulu,N/A
'AS939938,François,Roche,Male,2003-10-29,21,Asylum Seeker,United States,969364680,Asylum Seeker Permit,2023-06-06,2025-06-05,ASP43089,Interview Scheduled,0.56,thomasmaillard@com,+33 4 63 92 49 72,"179, avenue de Peltier, 34953 Monnier",Pelletier,Northern Cape,91322,ergonome,French,19
'PR53546830,SimphiweyiNkosi,Mnikathi,Male,1999-01-27,26,Temporary Visa,Kenya,K1681347,Corporate Visa,2023-09-19,2033-09-16,PER36361,N/A,0.68,wchibini@co.ke,(590)260-4081x99739,"254 Frere Umgwaqo, Mbombela, 4802",Paarl,Free State,2499,Logistics and distribution manager,Zulu,8
'7102245903062,S'fiso,Dimbani,Male,1971-02-24,54,Citizen,South Africa,17948078,N/A,N/A,N/A,N/A,N/A,0.84,sluqe@co.za,320-616-6400x175,"55 Oxford Isitaladi, iKapa, 3911",eGoli,North West,9030,Exhibition designer,Zulu,N/A
'9807188722069,SimphiweyiNkosi,Thusini,Male,1998-07-18,27,Citizen,South Africa,24394975,N/A,N/A,N/A,N/A,N/A,0.78,musa13@co.za,9654070734,"7159 Clarence Indlela, Chatsworth, 5466",Newcastle,Limpopo,1948,Civil Service fast streamer,Zulu,N/A
'5505281890022,Thandiwe,Dimbane,Female,1955-05-28,70,Citizen,South Africa,55999650,N/A,N/A,N/A,N/A,N/A,0.75,mphankomomnqobi@za.net,255-302-5444x234,"82 Prince Indlela, Stellenbosch, 2425",Bloemfontein,Limpopo,4878,Airline pilot,Zulu,N/A
'6208270278050,Nonjabulo,Jobe,Female,1962-08-27,63,Citizen,South Africa,63070865,N/A,N/A,N/A,N/A,N/A,0.82,nhlanemusa@za.net,+1-531-981-8831x4577,"223 Long Indlela, Kathu, 3148",Kathu,Northern Cape,6125,Facilities manager,Zulu,N/A
'9106030646082,Nomathalente,Thole,Female,1991-06-03,34,Citizen,South Africa,65538210,N/A,N/A,N/A,N/A,N/A,0.75,mashinininhlanhla@za.net,352-783-9995x04233,"6616 Commissioner Isitaladi, Potchefstroom, 6780",Mbombela,Eastern Cape,1017,Applications developer,Zulu,N/A
'5612179570067,Zenzele,Gubhela,Male,1956-12-17,68,Citizen,South Africa,55670625,N/A,N/A,N/A,N/A,N/A,0.93,njinjimnqobi@za.net,963.252.1702x1401,"17 Nelson Mandela Isitaladi, Polokwane, 9602",Mahikeng,Northern Cape,1091,Hospital pharmacist,Zulu,N/A
'6412130339047,Thembeka,Mnisi,Female,1964-12-13,60,Permanent Resident,South Africa,19907140,N/A,N/A,N/A,N/A,N/A,0.74,dumisilemlawula@africa.com,843.434.7047,"25 Clarence Indlela, Uitenhage, 9835",Potchefstroom,Free State,1280,Food technologist,Zulu,N/A
'8603167033063,Sandile,Thango,Male,1986-03-16,39,Permanent Resident,South Africa,62789078,N/A,N/A,N/A,N/A,N/A,0.73,andilenonduma@africa.com,809-240-1884x6544,"851 Frere Umgwaqo, Bloemfontein, 6485",Klerksdorp,Western Cape,8984,Barrister,Zulu,N/A
'7610308389073,Lungile,Nhlapho,Male,1976-10-30,48,Citizen,South Africa,43716807,N/A,N/A,N/A,N/A,N/A,0.95,bwasendlunkulu@co.za,440-952-2731x99836,"9221 Adelaide Indawo, Bloemfontein, 2949",Middelburg,KwaZulu-Natal,2258,Furniture conservator/restorer,Zulu,N/A
'TV20393,SimphiweyiNkosi,Gagashe,Male,1995-10-27,29,Citizen,Tanzania,84687396,Corporate Visa,2025-04-03,2026-08-16,VIS89045,N/A,0.59,xfenya@org,(288)980-5333x47706,"601 Rivonia Indlela, George, 7765",Upington,North West,1334,Professor Emeritus,Zulu,16
'7611259060087,Minenhle,Nyazitla,Male,1976-11-25,48,Asylum Seeker,South Africa,19443124,N/A,N/A,N/A,N/A,N/A,0.93,mahlabasibonelo@co.za,306-478-6552x026,"1593 Queen Ithafa, iBhayi, 8173",Kathu,Gauteng,9682,"Teacher, primary school",Zulu,N/A
'6109180786035,Thembile,Ngonini,Female,1961-09-18,64,Citizen,South Africa,97831760,N/A,N/A,N/A,N/A,N/A,0.89,gmacingwane@africa.com,648-338-2636x789,"4799 Jan Smuts Ithafa, Mbombela, 2963",Kathu,Gauteng,4800,Personal assistant,Zulu,N/A
'9601031372041,Silondile,Nkamzwayo,Female,1996-01-03,29,Citizen,South Africa,12925022,N/A,N/A,N/A,N/A,N/A,0.83,nobuhle31@africa.com,001-879-617-4778x74829,"91 Cecil Indlela, Springs, 3417",Kathu,Eastern Cape,8953,English as a second language teacher,Zulu,N/A
'4306248277054,Vusumuzi,Khezokhulu,Male,1943-06-24,82,Asylum Seeker,South Africa,34747291,N/A,N/A,N/A,N/A,N/A,0.99,lungilegabela@co.za,887-237-5486x37940,"669 Charles Ithafa, Mahikeng, 4201",Mbombela,North West,9170,Building control surveyor,Zulu,N/A
'8905115970083,Sandile,Mathebela,Male,1989-05-11,36,Citizen,South Africa,95787925,N/A,N/A,N/A,N/A,N/A,0.72,zinhle86@za.net,484.511.7189x158,"3283 George Ithafa, eThekwini, 9115",Polokwane,Western Cape,9443,Forensic scientist,Zulu,N/A
'9908177862086,Langalibalele,Mawewe,Male,1999-08-17,26,Citizen,South Africa,69612174,N/A,N/A,N/A,N/A,N/A,0.94,engobisi@co.za,001-510-441-1781x508,"688 George Indawo, Tembisa, 3706",iBhayi,Mpumalanga,9948,Optometrist,Zulu,N/A
'8508301125038,Zibuyile,Sibhene,Female,1985-08-30,40,Citizen,South Africa,15586815,N/A,N/A,N/A,N/A,N/A,0.99,pmlambo@co.za,358-413-4490,"554 Paul Kruger Isitaladi, Rustenburg, 3356",Mbombela,KwaZulu-Natal,6044,Trade mark attorney,Zulu,N/A
'PR69906356,Luís,Anjos,Male,1999-09-02,26,Citizen,Mozambique,MO668879,Critical Skills Visa,2025-05-12,2035-05-10,PER93620,N/A,0.93,lia87@mozambique.com,911769986,"Praça de Ribeiro, 29, 0923-080 Ovar",Chaves,Free State,0187-706,Envernizador,Portuguese,3
'6804098259059,Sphiwe,Mdakane,Male,1968-04-09,57,Citizen,South Africa,66387797,N/A,N/A,N/A,N/A,N/A,0.92,ukhuboni@co.za,2435683540,"254 Churchill Umgwaqo, Musina, 3230",Centurion,Free State,2452,"Nurse, children's",Zulu,N/A
'5212026102031,SimphiweyiNkosi,Mawewe,Male,1952-12-02,72,Temporary Visa,South Africa,57891691,N/A,N/A,N/A,N/A,N/A,0.96,gugusoduba@africa.com,631-775-8059x23676,"65 Walter Sisulu Umgwaqo, Krugersdorp, 6352",Klerksdorp,Free State,8862,Psychiatric nurse,Zulu,N/A
'4101088059015,Bandile,Thumbela,Male,1941-01-08,84,Permanent Resident,South Africa,33885471,N/A,N/A,N/A,N/A,N/A,0.95,qguma@za.net,694-283-9454x02242,"2430 Oxford Indawo, Tembisa, 6352",Middelburg,Mpumalanga,3980,Tourism officer,Zulu,N/A
'4411050615060,Thalente,Mhlanya,Female,1944-11-05,80,Temporary Visa,South Africa,94497481,N/A,N/A,N/A,N/A,N/A,0.86,thuthukile77@za.net,+1-278-823-6997,"45 Walter Sisulu Isitaladi, Bethlehem, 8554",Chatsworth,Eastern Cape,6195,Industrial/product designer,Zulu,N/A
'5106202375003,Nozizwe,Mnguni,Female,1951-06-20,74,Citizen,South Africa,22461808,N/A,N/A,N/A,N/A,N/A,0.72,ndumisositolotolo@co.za,(785)307-1827x62293,"5435 Victoria Indlela, Benoni, 2921",Randfontein,Western Cape,9133,Health and safety inspector,Zulu,N/A
'6210202226041,Thandazile,Sibisi,Female,1962-10-20,62,Permanent Resident,South Africa,31404068,N/A,N/A,N/A,N/A,N/A,0.85,khawulanoxolo@za.net,(873)543-1122,"6656 Paul Kruger Umgwaqo, Thohoyandou, 8589",Chatsworth,Western Cape,3927,Theatre manager,Zulu,N/A
'5811177473068,Mzamo,Wanda,Male,1958-11-17,66,Citizen,South Africa,17670167,N/A,N/A,N/A,N/A,N/A,0.76,mthabelazenzile@co.za,+1-746-527-1697x43824,"5794 Napier Indlela, Springs, 5545",Upington,Mpumalanga,3655,"Accountant, chartered certified",Zulu,N/A
'8002184748057,Nomthandazo,Ncama,Female,1980-02-18,45,Asylum Seeker,South Africa,31132917,N/A,N/A,N/A,N/A,N/A,0.96,bantwinimzamo@co.za,246.299.8857,"426 Charles Umgwaqo, Sasolburg, 6149",Krugersdorp,Northern Cape,4688,Interpreter,Zulu,N/A
'4910238963080,Vusumuzi,Wanda,Male,1949-10-23,75,Citizen,South Africa,81732153,N/A,N/A,N/A,N/A,N/A,0.92,ximbanonjabulo@co.za,001-271-738-9887x6529,"192 Oxford Isitaladi, Sasolburg, 4739",Witbank,Northern Cape,9165,Television/film/video producer,Zulu,N/A
'4204080112086,Zibuyile,Dimbani,Female,1942-04-08,83,Temporary Visa,South Africa,81117188,N/A,N/A,N/A,N/A,N/A,0.87,ngcolosinjabulo@africa.com,255.512.1664x89981,"632 Oxford Isitaladi, Mbombela, 2340",Vanderbijlpark,Limpopo,2685,"Conservation officer, historic buildings",Zulu,N/A
'PR50183608,लीला,कलिता,Female,1980-08-31,45,Citizen,India,63351082,Relative's Visa,2024-11-16,2034-11-14,PER35947,N/A,0.72,mistriikaushlyaa@co.in,+91 7872775853,"60/21 इन्द्र मालिक, दालखोला-603109",अम्बाजी,Eastern Cape,720475,Radio broadcast assistant,Hindi,12
'8801099046088,Nhlanhla,Dlangamandla,Male,1988-01-09,37,Permanent Resident,South Africa,42581665,N/A,N/A,N/A,N/A,N/A,0.91,songiyanomasonto@co.za,854.628.0925x84305,"192 Frere Indlela, Middelburg, 2548",eGoli,Eastern Cape,9433,"Surveyor, insurance",Zulu,N/A
'8302250598045,Gugu,Sibindi,Female,1983-02-25,42,Citizen,South Africa,72372781,N/A,N/A,N/A,N/A,N/A,0.94,uphethela@za.net,+1-561-361-0439x252,"121 Elizabeth Indlela, Benoni, 3540",eGoli,Northern Cape,9258,Sales executive,Zulu,N/A
'6201161983015,Thembeka,Chonco,Female,1962-01-16,63,Citizen,South Africa,49111870,N/A,N/A,N/A,N/A,N/A,0.85,mnangwekhanyisile@africa.com,+1-308-501-9186x265,"16 Frere Indawo, Uitenhage, 1860",Klerksdorp,Western Cape,8549,Health and safety inspector,Zulu,N/A
'5710180289037,Owethu,Dludla,Female,1957-10-18,67,Citizen,South Africa,61750880,N/A,N/A,N/A,N/A,N/A,0.79,fsikhakhane@co.za,958.844.1086,"40 Church Isitaladi, Rustenburg, 4084",Kathu,Gauteng,8468,"Sales professional, IT",Zulu,N/A
'4411260293073,Nkazimulo,Maduma,Female,1944-11-26,80,Permanent Resident,South Africa,55904719,N/A,N/A,N/A,N/A,N/A,0.84,nokulunga33@africa.com,+1-248-585-2199x00467,"93 Short Umgwaqo, Krugersdorp, 9150",Boksburg,North West,3923,Immunologist,Zulu,N/A
'AS544717,Nomcebo,Khuboni,Female,1989-03-02,36,Citizen,Kenya,K8528546,Asylum Seeker Permit,2025-03-11,2027-03-11,ASP35052,Under Review,0.75,pkhabalidaka@kenya.com,839.980.5008,"885 Stanley Isitaladi, Springs, 6088",Uitenhage,KwaZulu-Natal,2182,Environmental education officer,Zulu,12
'7107014679069,Dumisani,Msweli,Female,1971-07-01,54,Citizen,South Africa,55319513,N/A,N/A,N/A,N/A,N/A,0.89,nozibusisomabhoko@africa.com,9397618344,"10 William Indlela, uMgungundlovu, 8813",Potchefstroom,Free State,5365,Technical sales engineer,Zulu,N/A
'AS690557,Mandlakhe,Qwabe,Male,1982-11-19,42,Citizen,Somalia,44186436,Asylum Seeker Permit,2022-10-29,2024-10-28,ASP55712,Refugee Status Granted,0.58,nqobizitha30@com,001-490-493-7076x0268,"9390 Somerset Indlela, Vereeniging, 1018",Bloemfontein,Gauteng,7525,Illustrator,Zulu,18
'0511035122034,Sandile,Wanda,Male,2005-11-03,19,Citizen,South Africa,44545185,N/A,N/A,N/A,N/A,N/A,0.99,thuthukilemncwanga@za.net,001-611-941-8067x3378,"384 Elizabeth Indlela, Vanderbijlpark, 1462",George,Gauteng,4272,Heritage manager,Zulu,N/A
'8909154924075,Owethu,Masango,Female,1989-09-15,36,Citizen,South Africa,54985971,N/A,N/A,N/A,N/A,N/A,0.84,pgedeza@co.za,631-856-7431x7274,"51 Rivonia Isitaladi, Vanderbijlpark, 8398",Paarl,Limpopo,5973,Gaffer,Zulu,N/A
'5006034085078,Amahle,Mtuswa,Female,1950-06-03,75,Citizen,South Africa,20511433,N/A,N/A,N/A,N/A,N/A,0.92,thabekhuluthalente@africa.com,743-336-5589,"50 Grey Umgwaqo, Witbank, 5751",Uitenhage,Mpumalanga,4603,IT sales professional,Zulu,N/A
'7507146168045,Sandile,Mayise,Male,1975-07-14,50,Citizen,South Africa,35019974,N/A,N/A,N/A,N/A,N/A,0.96,andilesimphiwe@za.net,+1-429-257-2609,"32 Milner Ithafa, iKapa, 8800",Vereeniging,North West,5974,Trade union research officer,Zulu,N/A
'7809226193072,Njabulo,Lange,Male,1978-09-22,47,Citizen,South Africa,91395995,N/A,N/A,N/A,N/A,N/A,0.93,ayandamthokozisi@africa.com,+1-979-304-5485x10732,"136 Victoria Ithafa, Klerksdorp, 8844",George,Gauteng,2212,Purchasing manager,Zulu,N/A
'AS373427,Vincent,Jacob,Male,1982-05-08,43,Citizen,Democratic Republic of Congo,57525799,Asylum Seeker Permit,2025-01-06,2027-01-06,ASP61004,Application Submitted,0.69,tjean@com,+33 4 23 34 16 61,"49, rue Marc Gérard, 57509 Duhamel",Coulon,Northern Cape,55741,animateur du patrimoine,French,15
'4205148535087,Langalibalele,Mkhize,Male,1942-05-14,83,Citizen,South Africa,30159840,N/A,N/A,N/A,N/A,N/A,0.95,nhlanhladlawuza@co.za,(685)346-9590x736,"8682 Thomas Indlela, Mahikeng, 5537",Rustenburg,North West,9541,Academic librarian,Zulu,N/A
'0408098622081,Musa,Mgabadeli,Male,2004-08-09,21,Temporary Visa,South Africa,89252643,N/A,N/A,N/A,N/A,N/A,0.93,nobuhle31@za.net,(380)517-9667,"975 Somerset Ithafa, Mbombela, 5727",Newcastle,Northern Cape,2633,Bonds trader,Zulu,N/A
'5301025030061,Musa,Mafuleka,Male,1953-01-02,72,Permanent Resident,South Africa,59856204,N/A,N/A,N/A,N/A,N/A,0.93,mkhatshwamthokozisi@africa.com,001-786-448-3234x7321,"582 George Umgwaqo, Soweto, 1955",Vanderbijlpark,KwaZulu-Natal,4773,Recycling officer,Zulu,N/A
'PR70002026,Mandla,Dube,Male,1980-11-11,44,Citizen,Zimbabwe,ZI453029,Relative's Visa,2024-04-09,2034-04-07,PER53728,N/A,0.75,bshinga@co.zw,(411)285-3396x546,"95 Walter Sisulu Ithafa, Krugersdorp, 8122",eThekwini,Limpopo,8463,Recycling officer,Zulu,16
'5405193307008,Zinhle,Makhaza,Female,1954-05-19,71,Citizen,South Africa,18930048,N/A,N/A,N/A,N/A,N/A,0.8,thabanindaba@co.za,714-672-9554x62577,"204 William Indawo, Paarl, 6241",Thohoyandou,KwaZulu-Natal,5337,Chartered certified accountant,Zulu,N/A
'9510080493012,Siphesihle,Duma,Female,1995-10-08,29,Citizen,South Africa,96134824,N/A,N/A,N/A,N/A,N/A,0.94,dmagolwana@za.net,203-541-9203,"2541 Grey Isitaladi, Bloemfontein, 7393",Witbank,Northern Cape,3229,Primary school teacher,Zulu,N/A
'5507240880079,Nomcebo,Nxasana,Female,1955-07-24,70,Asylum Seeker,South Africa,49706622,N/A,N/A,N/A,N/A,N/A,0.91,thandazilexaba@africa.com,(677)372-6774,"196 Church Umgwaqo, Bloemfontein, 2572",Kimberley,Northern Cape,9425,Osteopath,Zulu,N/A
'4706048749046,Lungile,Mathebula,Male,1947-06-04,78,Citizen,South Africa,81831551,N/A,N/A,N/A,N/A,N/A,0.86,bphingoshe@za.net,+1-464-622-7222x5513,"581 Queen Umgwaqo, Springs, 6098",Bethlehem,Gauteng,2439,"Psychologist, occupational",Zulu,N/A
'5205018855070,Mlungisi,Mcambe,Male,1952-05-01,73,Citizen,South Africa,29427123,N/A,N/A,N/A,N/A,N/A,0.87,langalibalele55@za.net,(862)794-7889x127,"763 Jan Smuts Indawo, eThekwini, 1459",iKapa,Eastern Cape,4952,Office manager,Zulu,N/A
'4504260240076,Thembekile,Nyawose,Female,1945-04-26,80,Citizen,South Africa,50048584,N/A,N/A,N/A,N/A,N/A,0.97,athango@za.net,391-271-0715,"2908 Charles Umgwaqo, Kimberley, 6558",iKapa,Limpopo,6721,Dispensing optician,Zulu,N/A
'TV20849,Nozizwe,Ncongwane,Female,1998-08-25,27,Permanent Resident,Zambia,45034980,Corporate Visa,2022-12-09,2023-05-23,VIS88282,N/A,0.68,nomalangasengwayo@net,324-372-1192,"7669 Elizabeth Indlela, Boksburg, 9939",Soweto,North West,3840,Telecommunications researcher,Zulu,16
'6810207065066,Sphiwe,Majozi,Male,1968-10-20,56,Citizen,South Africa,36212767,N/A,N/A,N/A,N/A,N/A,0.73,mfusisimphiweyinkosi@co.za,+1-494-657-7116x87522,"40 Albertina Sisulu Ithafa, Paarl, 5401",Vereeniging,North West,5511,Aid worker,Zulu,N/A
'0401019859081,S'fiso,Ncongwane,Male,2004-01-01,21,Citizen,South Africa,53679599,N/A,N/A,N/A,N/A,N/A,0.99,bnala@africa.com,001-503-691-8551,"60 Church Ithafa, Vanderbijlpark, 3409",uMgungundlovu,Gauteng,7368,Printmaker,Zulu,N/A
'5411096206073,Thando,Mcoyi,Male,1954-11-09,70,Citizen,South Africa,63561124,N/A,N/A,N/A,N/A,N/A,0.73,nothandonombhoco@za.net,320-398-0304,"852 Joseph Indawo, Welkom, 4384",Springs,Eastern Cape,8045,Database administrator,Zulu,N/A
'PR96292380,Nomathemba,Sontuli,Female,1998-09-26,27,Citizen,Ghana,G1521431,Work Visa,2025-03-06,2035-03-04,PER22052,N/A,0.72,nqobizitha15@ghana.com,317.638.0912,"72 Frere Umgwaqo, eThekwini, 7974",Middelburg,Limpopo,2152,Ophthalmologist,Zulu,20
'8410236417020,Vusumuzi,Mbende,Male,1984-10-23,40,Citizen,South Africa,15152338,N/A,N/A,N/A,N/A,N/A,0.77,kntshangase@co.za,589-209-4540,"4413 Paul Kruger Ithafa, Kathu, 5357",Mbombela,Western Cape,8267,Barrister's clerk,Zulu,N/A
'8410202078099,Nqobizitha,Gazu,Female,1984-10-20,40,Citizen,South Africa,78789730,N/A,N/A,N/A,N/A,N/A,0.89,lamulamnqobi@za.net,001-285-332-9857x3917,"2957 Nelson Mandela Indlela, Welkom, 3508",Bethlehem,KwaZulu-Natal,4850,Exercise physiologist,Zulu,N/A
'4301026587001,Nhlanhla,Lange,Male,1943-01-02,82,Citizen,South Africa,91770520,N/A,N/A,N/A,N/A,N/A,0.87,vshombela@africa.com,771-266-8939,"2171 James Umgwaqo, Witbank, 3681",Polokwane,Free State,8679,Information officer,Zulu,N/A
'PR91306183,Mthokozisi,Hlongwa,Male,2002-08-01,23,Temporary Visa,Eswatini,66506648,Corporate Visa,2022-10-10,2032-10-07,PER85337,N/A,0.94,silangwenomvula@com,4473840082,"3616 York Umgwaqo, Uitenhage, 3323",eThekwini,North West,6849,Historic buildings inspector/conservation officer,Zulu,13
'4312111594056,Bhekizizwe,Cenge,Female,1943-12-11,81,Citizen,South Africa,31556799,N/A,N/A,N/A,N/A,N/A,0.99,ndimandenoxolo@za.net,+1-355-603-9321x9600,"448 Paul Kruger Indawo, Benoni, 1127",Vanderbijlpark,Free State,9090,"Surveyor, quantity",Zulu,N/A
'AS520302,Gilles,Laroche,Male,1981-06-29,44,Citizen,Democratic Republic of Congo,56585691,Asylum Seeker Permit,2023-12-27,2025-12-26,ASP53368,Appeal Pending,0.57,pleclercq@org,+33 (0)2 50 08 07 89,"6, boulevard de Maillot, 66704 David",Navarro-sur-Bègue,North West,20153,chargé d'affaires en génie climatique,French,3
'0410069823088,Mcebisi,Hlengwa,Male,2004-10-06,21,Citizen,South Africa,19337181,N/A,N/A,N/A,N/A,N/A,0.84,thoyanasilondile@africa.com,+1-551-470-4069,"4768 Joseph Indlela, Centurion, 5794",Thohoyandou,Limpopo,6037,Tree surgeon,Zulu,N/A
'4110242364033,Zibuyile,Mzilankatha,Female,1941-10-24,83,Citizen,South Africa,38210672,N/A,N/A,N/A,N/A,N/A,0.87,nomusa38@africa.com,281-542-4415x142,"7612 Smith Isitaladi, Polokwane, 8185",Musina,Limpopo,8134,Ranger/warden,Zulu,N/A
'0104203129080,Gugulethu,Mcwaye,Female,2001-04-20,24,Permanent Resident,South Africa,10043650,N/A,N/A,N/A,N/A,N/A,0.74,nobantuchagwe@za.net,001-491-525-0385,"46 Queen Indawo, Soweto, 1747",Musina,Northern Cape,8698,IT sales professional,Zulu,N/A
'9201091132003,Gugulethu,Mdlenevu,Female,1992-01-09,33,Permanent Resident,South Africa,70235783,N/A,N/A,N/A,N/A,N/A,0.96,ilamula@za.net,+1-389-347-2702x73857,"797 Joseph Indawo, uMgungundlovu, 7893",Uitenhage,Limpopo,1768,IT trainer,Zulu,N/A
'5110113770061,Owethu,Nhlabathi,Female,1951-10-11,73,Temporary Visa,South Africa,85891293,N/A,N/A,N/A,N/A,N/A,0.96,xndaba@za.net,267.228.4107,"94 Albertina Sisulu Isitaladi, Newcastle, 2355",Benoni,North West,3309,"Production assistant, radio",Zulu,N/A
'TV78799,Bhekizizwe,Nkosi,Female,1985-03-18,40,Asylum Seeker,Zambia,44686983,Business Visa,2025-01-05,2027-01-13,VIS50187,N/A,0.54,zibuyile29@com,(819)894-5331x339,"786 Churchill Isitaladi, Tembisa, 3969",Klerksdorp,Gauteng,9091,Advertising account executive,Zulu,12
'TV58383,Sphiwe,Ngobisi,Male,2003-09-17,22,Citizen,Lesotho,59092610,Retirement Visa,2024-10-23,2027-10-07,VIS77442,N/A,0.84,ndabandabazenzele@net,+1-698-598-3790x374,"1415 Adelaide Indawo, iBhayi, 1474",iBhayi,Gauteng,6976,Investment analyst,Zulu,19
'0301172009084,Thembile,Masibekela,Female,2003-01-17,22,Citizen,South Africa,97029707,N/A,N/A,N/A,N/A,N/A,0.9,mbuthothabisile@co.za,+1-249-733-0744x463,"362 Adelaide Ithafa, Benoni, 1179",Uitenhage,Gauteng,8931,Publishing rights manager,Zulu,N/A
'9503107123093,Lwandile,Mazalankosi,Male,1995-03-10,30,Citizen,South Africa,47775510,N/A,N/A,N/A,N/A,N/A,0.81,nozizwendlanya@za.net,867-329-1878x0873,"553 Albertina Sisulu Ithafa, Witbank, 4158",Benoni,KwaZulu-Natal,3968,"Engineer, land",Zulu,N/A
'4601273568063,Nomvula,Nyembezi,Female,1946-01-27,79,Citizen,South Africa,50491248,N/A,N/A,N/A,N/A,N/A,1.0,bhekokwakhemnquhe@za.net,805-359-4950,"9843 Oxford Indlela, Kathu, 2746",Soweto,Western Cape,9500,Neurosurgeon,Zulu,N/A
'5206172785073,Nqobizitha,Mathaba,Female,1952-06-17,73,Citizen,South Africa,29945538,N/A,N/A,N/A,N/A,N/A,0.98,mhlanyazenzile@africa.com,3422752312,"90 James Isitaladi, Witbank, 4038",Paarl,North West,3765,"Sound technician, broadcasting/film/video",Zulu,N/A
'9411016955023,Mthokozisi,Mhlongo,Male,1994-11-01,30,Permanent Resident,South Africa,24693511,N/A,N/A,N/A,N/A,N/A,0.84,sfisogazu@africa.com,(364)474-5856x7590,"281 Stanley Indlela, Chatsworth, 3176",Middelburg,Limpopo,2963,Metallurgist,Zulu,N/A
'TV88938,Thandiwe,Mabanga,Female,1981-06-04,44,Citizen,Eswatini,70987603,Relative's Visa,2023-02-05,2024-01-30,VIS56205,N/A,0.58,nozibusisodunge@org,(770)790-8973x8979,"685 Walter Sisulu Umgwaqo, Rustenburg, 1873",Potchefstroom,KwaZulu-Natal,4347,Dietitian,Zulu,0
'9406304513097,Nobuhle,Msani,Female,1994-06-30,31,Temporary Visa,South Africa,85518236,N/A,N/A,N/A,N/A,N/A,0.79,dmbatshazwa@co.za,+1-420-872-3561x651,"39 Victoria Ithafa, Bloemfontein, 3441",Thohoyandou,Limpopo,2842,Telecommunications researcher,Zulu,N/A
'TV22944,Dumisile,Onjengenyamazane,Female,1975-07-02,50,Citizen,Zambia,50678110,Relative's Visa,2025-02-10,2025-09-30,VIS40481,N/A,0.6,mbatshazwamlungisi@net,936-778-2123x33984,"85 President Indlela, Tembisa, 2568",Klerksdorp,Gauteng,7496,"Engineer, materials",Zulu,19
'5105296825006,Mlungisi,Mbutho,Male,1951-05-29,74,Citizen,South Africa,70896305,N/A,N/A,N/A,N/A,N/A,0.94,magozanomathemba@africa.com,+1-359-361-6891,"105 Napier Umgwaqo, George, 3292",Krugersdorp,Limpopo,4953,"Geneticist, molecular",Zulu,N/A
'5507269047055,Thabani,Nenzi,Male,1955-07-26,70,Temporary Visa,South Africa,36679563,N/A,N/A,N/A,N/A,N/A,0.77,zenzele36@za.net,580.874.5890,"7826 Elizabeth Indlela, Rustenburg, 7106",Witbank,Limpopo,6841,"Civil engineer, contracting",Zulu,N/A
'4712060499089,Olwethu,Nhleko,Female,1947-12-06,77,Citizen,South Africa,37253846,N/A,N/A,N/A,N/A,N/A,0.75,khaphelanomathalente@africa.com,(871)877-5675,"73 Somerset Indawo, Polokwane, 9083",Tembisa,Free State,6932,"Therapist, speech and language",Zulu,N/A
'7812296704096,Sibonelo,Mashinini,Male,1978-12-29,46,Citizen,South Africa,20576414,N/A,N/A,N/A,N/A,N/A,0.97,mcebisi45@co.za,(304)455-7688x85968,"294 High Ithafa, Stellenbosch, 9693",Bloemfontein,North West,5838,"Engineer, structural",Zulu,N/A
'5501143487093,Zibuyile,Fakazi,Female,1955-01-14,70,Asylum Seeker,South Africa,20985557,N/A,N/A,N/A,N/A,N/A,0.71,bmshikila@co.za,(458)775-5281,"11 Church Isitaladi, Boksburg, 9772",Rustenburg,Northern Cape,1386,Race relations officer,Zulu,N/A
'PR72533107,Dorothée,Carlier,Female,1991-06-18,34,Citizen,Democratic Republic of Congo,21255936,Work Visa,2025-03-29,2035-03-27,PER78861,N/A,0.67,sduval@net,0251567490,"48, chemin Bertin, 07761 LopezVille",Carredan,Free State,57190,technicien biologiste,French,14
'9201071683080,Thandazile,Jamile,Female,1992-01-07,33,Citizen,South Africa,52286318,N/A,N/A,N/A,N/A,N/A,0.84,mshibesilondile@africa.com,5492221777,"70 Thomas Ithafa, Bethlehem, 3144",Chatsworth,Eastern Cape,6509,Sport and exercise psychologist,Zulu,N/A
'4808128275011,Sibusiso,Nyazitla,Male,1948-08-12,77,Citizen,South Africa,38150198,N/A,N/A,N/A,N/A,N/A,0.84,ohhoyiyane@co.za,7067967965,"566 Cecil Umgwaqo, Bloemfontein, 5788",Tembisa,Western Cape,4437,TEFL teacher,Zulu,N/A
'TV74750,मधुकर,चोपरा,Male,1995-08-18,30,Temporary Visa,India,93281728,Study Visa,2023-01-20,2024-02-26,VIS32401,N/A,0.89,essaa38@india.com,+91 186 1361042,"478 साहा, इलाहाबाद-869054",अनंतनाग,Western Cape,079681,Textile designer,Hindi,5
'PR49528473,Nomagugu,Mbili,Female,1985-03-01,40,Citizen,Tanzania,29459886,Critical Skills Visa,2022-11-25,2032-11-22,PER98124,N/A,0.83,thabanishelembe@org,3239742600,"47 York Umgwaqo, Bethlehem, 3896",uMgungundlovu,Northern Cape,5011,Soil scientist,Zulu,18
'9804196877047,Mzamo,Ndlondlo,Male,1998-04-19,27,Citizen,South Africa,93179227,N/A,N/A,N/A,N/A,N/A,0.92,nonhlanhla03@co.za,963-332-4854x947,"930 Long Indawo, Tembisa, 4282",Stellenbosch,Northern Cape,2193,Proofreader,Zulu,N/A
'PR14290808,राकेश,मिश्रा,Male,1995-01-06,30,Citizen,India,55774269,Work Visa,2022-10-19,2032-10-16,PER47195,N/A,0.79,kmlaa46@co.in,02272 935337,"60/60 प्रधान, अखनूर 284091",रानीताल,Eastern Cape,810440,Database administrator,Hindi,11
'6509158745079,Lungile,Sotobe,Male,1965-09-15,60,Citizen,South Africa,93045933,N/A,N/A,N/A,N/A,N/A,0.76,mvenibhekizizwe@za.net,9198082827,"76 Voortrekker Umgwaqo, Springs, 5564",Polokwane,Free State,4425,Politician's assistant,Zulu,N/A
'6111244283032,Mnqobi,Sikobi,Female,1961-11-24,63,Permanent Resident,South Africa,12303284,N/A,N/A,N/A,N/A,N/A,0.79,emvelase@za.net,864-700-2290x9433,"8942 Victoria Umgwaqo, Kimberley, 4404",Paarl,KwaZulu-Natal,3203,Multimedia programmer,Zulu,N/A
'AS948245,ओम,दासगुप्ता,Male,1978-09-28,47,Citizen,India,84376626,Asylum Seeker Permit,2022-11-16,2024-11-15,ASP57925,Appeal Pending,0.53,suniitaamaalik@india.com,+91 503 0701228,"55/77 भट्टाचार्य, करना-128111",अकोला,Limpopo,395546,Patent examiner,Hindi,15
'5906222117036,Nomcebo,Nxamalala,Female,1959-06-22,66,Temporary Visa,South Africa,20242324,N/A,N/A,N/A,N/A,N/A,0.92,thalente21@co.za,+1-496-903-5298x03041,"852 Short Umgwaqo, Randfontein, 2880",Thohoyandou,North West,6273,Fine artist,Zulu,N/A
'4708198901051,Luyanda,Guliwe,Male,1947-08-19,78,Temporary Visa,South Africa,33165805,N/A,N/A,N/A,N/A,N/A,0.97,khanyisile23@co.za,309-803-4438,"85 Joseph Ithafa, Sasolburg, 1626",Musina,Northern Cape,6068,Dietitian,Zulu,N/A
'8710130453089,Nozibusiso,Weza,Female,1987-10-13,37,Citizen,South Africa,48892223,N/A,N/A,N/A,N/A,N/A,0.96,siyabonga51@za.net,488-499-7505x926,"61 Elizabeth Umgwaqo, Sasolburg, 7152",Welkom,Western Cape,8497,Lexicographer,Zulu,N/A
'9210190836073,Nomalanga,Donda,Female,1992-10-19,32,Citizen,South Africa,34918418,N/A,N/A,N/A,N/A,N/A,0.79,nomalanga98@africa.com,001-894-822-7740x437,"6169 Victoria Umgwaqo, Krugersdorp, 1635",Vereeniging,Northern Cape,7263,Communications engineer,Zulu,N/A
'6203260716025,Sibongile,Kholose,Female,1962-03-26,63,Citizen,South Africa,90866229,N/A,N/A,N/A,N/A,N/A,0.81,thando38@africa.com,335-379-9380x084,"6159 Voortrekker Indawo, Mahikeng, 9363",Uitenhage,Limpopo,2001,Structural engineer,Zulu,N/A
'6502166454073,Sandile,Ndonga,Male,1965-02-16,60,Citizen,South Africa,59376135,N/A,N/A,N/A,N/A,N/A,0.8,kdimba@co.za,600-544-4322x83829,"50 Cecil Indawo, Kimberley, 8226",Randfontein,KwaZulu-Natal,9522,IT sales professional,Zulu,N/A
'5412249586071,Sibusiso,Ndlanzi,Male,1954-12-24,70,Asylum Seeker,South Africa,70963205,N/A,N/A,N/A,N/A,N/A,0.82,amdakane@za.net,001-483-761-4214x20530,"3461 Charles Isitaladi, George, 9430",iBhayi,North West,1371,"Therapist, nutritional",Zulu,N/A
'TV75801,Bhekani,Sitolotolo,Male,1996-05-08,29,Citizen,Ghana,G2550638,Relative's Visa,2025-08-12,2027-11-17,VIS11011,N/A,0.56,ksibiya@com.gh,001-318-361-2967x58336,"51 Milner Umgwaqo, Uitenhage, 2547",George,Mpumalanga,5634,Clinical molecular geneticist,Zulu,5
'PR39968609,Thandeka,Jamasijadu,Female,1970-03-05,55,Citizen,Somalia,80127003,Relative's Visa,2024-09-10,2034-09-08,PER87650,N/A,0.7,siphesihlemhlanya@net,+1-817-591-6968x75858,"572 Grey Ithafa, Bethlehem, 7909",Rustenburg,North West,8823,Quality manager,Zulu,11
'PR64260502,शान्ती,पिल्लई,Female,2005-03-28,20,Asylum Seeker,India,74692145,Critical Skills Visa,2025-03-06,2035-03-04,PER17573,N/A,0.85,prtibhaashuklaa@india.com,00625 126267,"41/6193 सिंह, अमरपुर 000900",अन्तर्गत,Eastern Cape,226341,"Horticulturist, amenity",Hindi,8
'4411013712023,Zibuyile,Khwela,Female,1944-11-01,80,Citizen,South Africa,68001735,N/A,N/A,N/A,N/A,N/A,0.78,luyanda26@co.za,(841)509-8352,"72 Albertina Sisulu Ithafa, Rustenburg, 5020",Sasolburg,Mpumalanga,5263,Primary school teacher,Zulu,N/A
'4709080405060,Ndumiso,Msuthu,Female,1947-09-08,78,Permanent Resident,South Africa,84996492,N/A,N/A,N/A,N/A,N/A,0.99,nkosithabisa@africa.com,881.388.2804x44951,"29 Church Indawo, Welkom, 3733",Polokwane,Limpopo,8784,"Designer, industrial/product",Zulu,N/A
'5509061824050,Thembeka,Nombela,Female,1955-09-06,70,Temporary Visa,South Africa,49582882,N/A,N/A,N/A,N/A,N/A,0.94,owethuncama@za.net,+1-416-507-0765,"233 Short Indlela, Mbombela, 1214",Benoni,Mpumalanga,9779,Optometrist,Zulu,N/A
'6603011080020,Nozibusiso,Nonyana,Female,1966-03-01,59,Citizen,South Africa,39967859,N/A,N/A,N/A,N/A,N/A,0.96,vmayeza@co.za,+1-858-949-4151,"19 Nelson Mandela Indlela, eGoli, 5543",Potchefstroom,Western Cape,4634,Tourism officer,Zulu,N/A
'PR74681009,Londiwe,Vezi,Female,2004-12-31,20,Permanent Resident,Nigeria,N6390956,Corporate Visa,2023-03-03,2033-02-28,PER85928,N/A,0.7,bhekokwakhe99@com.ng,(427)893-2048x93056,"842 Napier Isitaladi, Mahikeng, 5102",eThekwini,Eastern Cape,8469,Accommodation manager,Zulu,11
'5809275471082,S'fiso,Ngazitha,Male,1958-09-27,67,Citizen,South Africa,21730319,N/A,N/A,N/A,N/A,N/A,0.94,nomathemba20@co.za,390.501.5888,"2907 Gandhi Indawo, Klerksdorp, 2689",George,Limpopo,9772,Water engineer,Zulu,N/A
'5703188991023,Mzamo,Nzimande,Male,1957-03-18,68,Temporary Visa,South Africa,16579341,N/A,N/A,N/A,N/A,N/A,0.87,sibonelosangwani@za.net,(366)855-6826x73502,"43 Adelaide Ithafa, Musina, 7252",Rustenburg,KwaZulu-Natal,3035,"Designer, interior/spatial",Zulu,N/A
'7110241450064,Thembisile,Phewa,Female,1971-10-24,53,Citizen,South Africa,29100506,N/A,N/A,N/A,N/A,N/A,0.83,nomathembanogantshi@co.za,+1-813-452-3018x55524,"44 Short Umgwaqo, Bethlehem, 9433",eGoli,Mpumalanga,6190,"Teacher, primary school",Zulu,N/A
'7301291475060,Zinhle,Songiya,Female,1973-01-29,52,Citizen,South Africa,61132129,N/A,N/A,N/A,N/A,N/A,0.83,thembekilemabaso@za.net,001-884-837-2134x558,"958 Long Indawo, Uitenhage, 4162",eGoli,Free State,4918,Chartered certified accountant,Zulu,N/A
'5109062035084,Nomathalente,Bhungane,Female,1951-09-06,74,Citizen,South Africa,10592780,N/A,N/A,N/A,N/A,N/A,0.93,vilakazizakhele@co.za,001-333-355-5715,"6672 Jan Smuts Umgwaqo, Witbank, 9567",Chatsworth,Free State,9504,Tourist information centre manager,Zulu,N/A
'0104027906027,Langalibalele,Lukhele,Male,2001-04-02,24,Citizen,South Africa,74213490,N/A,N/A,N/A,N/A,N/A,0.82,zakhele37@co.za,940-828-9176,"7147 West Isitaladi, Witbank, 2224",Middelburg,North West,5487,Analytical chemist,Zulu,N/A
'8702150542009,Zenzile,Luthuli,Female,1987-02-15,38,Citizen,South Africa,10393434,N/A,N/A,N/A,N/A,N/A,0.82,bandilemalambule@za.net,887-576-5241,"254 Church Indlela, Middelburg, 6283",Klerksdorp,Gauteng,3116,Applications developer,Zulu,N/A
'5509077697097,Siyabonga,Sibaya,Male,1955-09-07,70,Permanent Resident,South Africa,49030791,N/A,N/A,N/A,N/A,N/A,0.89,fmzolo@africa.com,001-617-977-8832x798,"43 Church Ithafa, Krugersdorp, 4276",Bloemfontein,Eastern Cape,8643,Telecommunications researcher,Zulu,N/A
'AS328110,Léon,Delaunay,Male,1999-05-10,26,Permanent Resident,Democratic Republic of Congo,26952185,Asylum Seeker Permit,2023-06-17,2025-06-16,ASP68918,Under Review,0.65,nicolas97@com,+33 (0)1 83 96 93 12,"263, chemin Michel Lombard, 20553 Didier-les-Bains",Teixeira-sur-Mer,Northern Cape,59951,géologue,French,1
'8708046362033,SimphiweyiNkosi,Mabuza,Male,1987-08-04,38,Citizen,South Africa,12416943,N/A,N/A,N/A,N/A,N/A,0.78,bkhumbuza@za.net,425.682.2778x44240,"352 William Indlela, Centurion, 1640",Benoni,Eastern Cape,8455,Warehouse manager,Zulu,N/A
'7712208266078,Njabulo,Bhovungana,Male,1977-12-20,47,Citizen,South Africa,96801656,N/A,N/A,N/A,N/A,N/A,0.82,thandomphephethwa@co.za,6813129134,"3410 Short Indawo, Thohoyandou, 4511",Benoni,KwaZulu-Natal,6867,Ergonomist,Zulu,N/A
'TV64953,Thandeka,Mashasha,Female,1972-11-19,52,Citizen,Malawi,77375692,Work Visa,2025-01-25,2027-05-25,VIS93396,N/A,0.7,smzila@org,9995774203,"8278 George Indawo, Stellenbosch, 7745",Sasolburg,Gauteng,6670,Human resources officer,Zulu,0
'4606123717026,Thuthukile,Khanyeza,Female,1946-06-12,79,Citizen,South Africa,79334001,N/A,N/A,N/A,N/A,N/A,0.73,sphiwesithuli@za.net,566.692.7399,"108 Prince Ithafa, iKapa, 8675",George,Northern Cape,3086,"Scientist, physiological",Zulu,N/A
'5203213157064,Londiwe,Ngidi,Female,1952-03-21,73,Citizen,South Africa,57125541,N/A,N/A,N/A,N/A,N/A,0.77,gugu89@za.net,627-663-0061x08505,"879 Church Indawo, Tembisa, 2191",Polokwane,Western Cape,7067,"Scientist, marine",Zulu,N/A
'6809268064089,Mzamo,Mntimande,Male,1968-09-26,57,Citizen,South Africa,65419627,N/A,N/A,N/A,N/A,N/A,0.71,mangethesilondile@za.net,(524)976-9867,"284 Oxford Ithafa, Sasolburg, 6856",Mbombela,Western Cape,4477,Financial trader,Zulu,N/A
'0404154472074,Silondile,Nhlane,Female,2004-04-15,21,Permanent Resident,South Africa,69431994,N/A,N/A,N/A,N/A,N/A,0.81,mdonswasihawukele@za.net,4495225253,"71 James Ithafa, Welkom, 9901",Paarl,Mpumalanga,4479,Public librarian,Zulu,N/A
'5404080771090,Busisiwe,Lwandle,Female,1954-04-08,71,Citizen,South Africa,84825010,N/A,N/A,N/A,N/A,N/A,0.9,dluvuno@co.za,508-920-5480x9018,"8167 Edward Ithafa, Kathu, 7298",Upington,Gauteng,3079,"Doctor, hospital",Zulu,N/A
'PR59750844,Nobuhle,Phungula,Female,1981-02-04,44,Asylum Seeker,Malawi,65120208,Relative's Visa,2022-12-09,2032-12-06,PER81640,N/A,0.74,khanyisilenzimase@net,+1-598-328-0409,"29 West Isitaladi, Mahikeng, 7666",Boksburg,Gauteng,1446,Energy manager,Zulu,5
'9011256791069,Thalente,Nyanda,Male,1990-11-25,34,Citizen,South Africa,28385991,N/A,N/A,N/A,N/A,N/A,0.74,msuthuthalente@africa.com,(712)708-4179,"5114 King Ithafa, Thohoyandou, 1523",Upington,KwaZulu-Natal,6318,Interior and spatial designer,Zulu,N/A
'AS863935,Hans-Friedrich,Martin,Male,1989-01-30,36,Citizen,Germany,808840351,Asylum Seeker Permit,2024-04-03,2026-04-03,ASP76299,Rejected,0.75,tlustekbodo@germany.com,+49(0)8296 33090,"Metzstr. 97, 85494 Wittmund",Dieburg,KwaZulu-Natal,32520,Medizininformatiker,German,3
'TV92968,Busisiwe,Sitolotolo,Female,1972-02-22,53,Permanent Resident,Kenya,K3246916,Corporate Visa,2023-06-27,2025-11-23,VIS77003,N/A,0.58,noxolo37@kenya.com,395.860.7192x0151,"6329 Gandhi Umgwaqo, Kathu, 6195",Randfontein,Mpumalanga,2285,"Engineer, maintenance",Zulu,18
'PR86097945,Nomvula,Mayise,Female,1994-05-31,31,Citizen,Botswana,BO765741,Work Visa,2025-07-19,2035-07-17,PER53831,N/A,0.74,tmnyandu@com,373.669.5863,"46 Somerset Indawo, Mbombela, 6033",Vanderbijlpark,Limpopo,4830,Jewellery designer,Zulu,19
'8801118752014,Sphiwe,Mnqamu,Male,1988-01-11,37,Citizen,South Africa,35818469,N/A,N/A,N/A,N/A,N/A,0.89,iphakathi@co.za,546-746-4698x620,"9343 Paul Kruger Indlela, Bethlehem, 3945",Polokwane,Gauteng,2254,"Pharmacist, hospital",Zulu,N/A
'8610032178071,Nqobizitha,Mgabadeli,Female,1986-10-03,39,Temporary Visa,South Africa,85558349,N/A,N/A,N/A,N/A,N/A,0.85,bhekokwakhe23@za.net,789.270.4122,"47 Gandhi Indawo, Rustenburg, 2702",Kimberley,Free State,3628,Mudlogger,Zulu,N/A
'AS917931,अरुणा,मजूमदार,Male,1989-03-16,36,Citizen,India,79357121,Asylum Seeker Permit,2023-09-07,2025-09-06,ASP68709,Interview Scheduled,0.39,kaamjain@india.com,00245729227,"01/112 शिव शाह, चंडीगढ-632582",अम्बाजी,Northern Cape,603426,Product/process development scientist,Hindi,0
'PR36462044,Bandile,Mgilija,Male,1970-04-19,55,Citizen,Tanzania,79540893,Retirement Visa,2025-07-24,2035-07-22,PER71940,N/A,0.74,imade@org,729-493-0141x85825,"4591 Long Umgwaqo, Vanderbijlpark, 3069",Potchefstroom,Northern Cape,9084,"Conservation officer, historic buildings",Zulu,18
'9803290666067,Nomthandazo,Mdlenevu,Female,1998-03-29,27,Asylum Seeker,South Africa,85690390,N/A,N/A,N/A,N/A,N/A,0.91,zakhelenandisa@africa.com,+1-976-984-1534,"217 Main Indawo, Benoni, 7805",Kathu,KwaZulu-Natal,4076,Heritage manager,Zulu,N/A
'6508163103055,Bhekizizwe,Nyembezi,Female,1965-08-16,60,Citizen,South Africa,74489423,N/A,N/A,N/A,N/A,N/A,0.85,thabisakhuba@co.za,(604)374-5232x74161,"8525 Stanley Indawo, Stellenbosch, 4764",Mahikeng,KwaZulu-Natal,4969,Building services engineer,Zulu,N/A
'5906251077071,Bhekokwakhe,Jobe,Female,1959-06-25,66,Citizen,South Africa,63686891,N/A,N/A,N/A,N/A,N/A,0.94,sphiwendiyema@africa.com,001-790-505-4652x697,"3354 Paul Kruger Ithafa, Boksburg, 8544",eGoli,KwaZulu-Natal,3132,"Designer, interior/spatial",Zulu,N/A
'5510058574083,Mandla,Makhoba,Male,1955-10-05,70,Citizen,South Africa,51359967,N/A,N/A,N/A,N/A,N/A,0.75,mdonswasiphesihle@africa.com,+1-352-369-3545x54682,"6773 Jan Smuts Isitaladi, Bethlehem, 7734",iKapa,Gauteng,9476,"Surveyor, rural practice",Zulu,N/A
'5411085236079,Andile,Madide,Male,1954-11-08,70,Citizen,South Africa,59243215,N/A,N/A,N/A,N/A,N/A,0.72,mnqamusibongile@africa.com,+1-618-362-8593x93553,"609 Frere Indawo, Kathu, 1363",Chatsworth,Free State,8802,Adult guidance worker,Zulu,N/A
'4705104917085,Nomathemba,Sishangwe,Female,1947-05-10,78,Temporary Visa,South Africa,86357554,N/A,N/A,N/A,N/A,N/A,0.74,cximba@za.net,661-608-0187x13277,"216 Main Umgwaqo, Soweto, 3155",Witbank,Eastern Cape,8769,Health and safety adviser,Zulu,N/A
'5910280918065,Nomathalente,Mbunjwa,Female,1959-10-28,65,Citizen,South Africa,57364290,N/A,N/A,N/A,N/A,N/A,0.73,nomagugu94@co.za,567.213.8785x4443,"929 Prince Ithafa, Uitenhage, 4322",Boksburg,Western Cape,7216,"Teacher, early years/pre",Zulu,N/A
'PR81885677,秀云,沈,Female,2005-09-24,20,Citizen,China,35458121,Critical Skills Visa,2023-06-03,2033-05-31,PER70749,N/A,0.61,laili@china.com,18221560240,海南省梧州市锡山方街s座 368526,龙市,Western Cape,734993,放映经理/主管,Mandarin,15
'0408262756040,Sibusisiwe,Ntaka,Female,2004-08-26,21,Asylum Seeker,South Africa,23503605,N/A,N/A,N/A,N/A,N/A,0.85,ntulinjabulo@za.net,730.819.7743x28954,"963 Cecil Ithafa, Bloemfontein, 5779",iKapa,Free State,3311,"Psychologist, clinical",Zulu,N/A
'PR80772946,Lungile,Jokiwe,Male,1976-06-27,49,Citizen,Zambia,63172192,Critical Skills Visa,2024-02-17,2034-02-14,PER88979,N/A,0.91,amahamba@net,001-969-481-3921,"531 William Ithafa, Chatsworth, 6029",George,Free State,4482,Event organiser,Zulu,1
'8101222310045,Thembile,Dlakadla,Female,1981-01-22,44,Citizen,South Africa,67025522,N/A,N/A,N/A,N/A,N/A,0.92,nyokayebulululondiwe@za.net,(273)205-2139,"89 Long Umgwaqo, Springs, 5307",Welkom,Limpopo,1333,"Engineer, biomedical",Zulu,N/A
'TV69519,Frédérique,Lévêque,Female,1985-05-18,40,Permanent Resident,United States,844827574,Retirement Visa,2025-08-27,2026-03-30,VIS42558,N/A,0.61,rbenard@us.com,04 74 65 89 81,"98, rue de Bernard, 65317 Saint Bernard-les-Bains",Collin-sur-Martinez,KwaZulu-Natal,41881,secrétaire,French,14
'4910152745036,Olwethu,Hlumakazi,Female,1949-10-15,75,Citizen,South Africa,82171458,N/A,N/A,N/A,N/A,N/A,0.73,njabulo40@za.net,2904328539,"2141 Joseph Ithafa, Boksburg, 2730",Benoni,Northern Cape,8614,Psychiatric nurse,Zulu,N/A
'4102276460027,Minenhle,Khuba,Male,1941-02-27,84,Permanent Resident,South Africa,58861866,N/A,N/A,N/A,N/A,N/A,0.97,mlambomlungisi@za.net,941-843-7351x199,"457 Grey Indawo, Welkom, 6418",Vanderbijlpark,Eastern Cape,4620,"Engineer, manufacturing systems",Zulu,N/A
'4712155649037,Bandile,Mdletshe,Male,1947-12-15,77,Permanent Resident,South Africa,26692223,N/A,N/A,N/A,N/A,N/A,0.94,rnyandeni@africa.com,299-746-9387,"7959 Prince Indawo, Uitenhage, 5516",Middelburg,Free State,4606,Furniture conservator/restorer,Zulu,N/A
'AS299776,Nomcebo,Jiyane,Female,1972-03-30,53,Permanent Resident,Ghana,G8115086,Asylum Seeker Permit,2024-03-29,2026-03-29,ASP82176,Rejected,0.67,antanzi@ghana.com,(729)575-5520x9368,"4201 King Indlela, Randfontein, 3015",Mahikeng,Gauteng,1188,"Scientist, research (maths)",Zulu,16
'PR48221189,Georges,Lamy,Male,1973-09-27,52,Citizen,United Kingdom,275252554,Corporate Visa,2024-04-12,2034-04-10,PER80002,N/A,0.69,dominiquemartineau@uk.com,+33 (0)4 67 66 26 13,"43, chemin de Ferreira, 02952 Da Costa",Payet,Mpumalanga,58583,professeur de collège et de lycée,French,1
'4102281498053,Zenzile,Bhengu,Female,1941-02-28,84,Citizen,South Africa,56525687,N/A,N/A,N/A,N/A,N/A,0.83,thembisilenzimande@co.za,572.371.4279x6706,"6350 Thomas Indawo, Soweto, 1084",Tembisa,Limpopo,7454,"Chemist, analytical",Zulu,N/A
'8701127396067,Lungile,Madela,Male,1987-01-12,38,Permanent Resident,South Africa,60910659,N/A,N/A,N/A,N/A,N/A,0.97,idube@co.za,001-956-571-7792x95397,"297 Napier Indawo, iKapa, 9860",Sasolburg,Eastern Cape,7827,Charity officer,Zulu,N/A
'6909147772087,Mcebisi,Gugushe,Male,1969-09-14,56,Citizen,South Africa,52076894,N/A,N/A,N/A,N/A,N/A,0.85,thandeka22@co.za,481.925.8159,"57 Somerset Indlela, George, 9341",Mahikeng,Northern Cape,8347,Physiotherapist,Zulu,N/A
'TV33150,Mzamo,Thabekhulu,Male,1989-11-21,35,Citizen,Botswana,BO321099,Critical Skills Visa,2025-04-19,2026-01-14,VIS45082,N/A,0.87,sibusiso96@com,(637)791-6966,"99 Paul Kruger Ithafa, Middelburg, 8210",Kathu,Northern Cape,7105,Tourist information centre manager,Zulu,4
'7408013917073,Busisiwe,Dinabantu,Female,1974-08-01,51,Citizen,South Africa,42441419,N/A,N/A,N/A,N/A,N/A,0.87,owethu96@za.net,(577)242-1540x0247,"31 Joseph Isitaladi, Krugersdorp, 6790",Thohoyandou,North West,4201,Community pharmacist,Zulu,N/A
'6703242742079,Thembekile,Thabethe,Female,1967-03-24,58,Permanent Resident,South Africa,14640777,N/A,N/A,N/A,N/A,N/A,0.91,zenzile05@co.za,955-562-4036,"268 Jan Smuts Ithafa, Centurion, 7835",Upington,Northern Cape,4679,Patent examiner,Zulu,N/A
'8805138916050,Langalibalele,Lubelo,Male,1988-05-13,37,Citizen,South Africa,39851576,N/A,N/A,N/A,N/A,N/A,1.0,khuzwayobhekani@africa.com,363-891-2747,"89 Rivonia Isitaladi, Mbombela, 2944",Mbombela,KwaZulu-Natal,7918,Financial planner,Zulu,N/A
'6009204037016,Thabisile,Dikane,Female,1960-09-20,65,Citizen,South Africa,66742456,N/A,N/A,N/A,N/A,N/A,0.84,sibonelo39@africa.com,+1-400-496-0121x715,"2437 Elizabeth Umgwaqo, George, 5063",Middelburg,Western Cape,9022,Field trials officer,Zulu,N/A
'PR45644569,Margot,Traore,Female,1988-03-07,37,Temporary Visa,United States,886400293,Work Visa,2023-02-14,2033-02-11,PER20764,N/A,0.92,huetcapucine@us.com,+33 (0)1 58 63 64 04,"40, rue Thomas, 97269 Adam",Saint Joseph-la-Forêt,KwaZulu-Natal,37240,restaurateur d'oeuvres d'art,French,15
'TV59457,Madeleine,Bousquet,Female,1970-09-08,55,Citizen,United Kingdom,123603218,Study Visa,2022-11-15,2023-07-30,VIS20768,N/A,0.54,alphonsecosta@co.uk,+33 2 29 88 37 09,"rue Riou, 51733 Dupont-sur-Mer",CouturierVille,Northern Cape,04150,conducteur de machines agricoles,French,16
'TV68425,Gugulethu,Myeza,Female,1997-10-25,27,Temporary Visa,Eswatini,96779903,Study Visa,2023-11-11,2024-05-01,VIS85775,N/A,0.82,zngotsha@org,579-256-2970,"77 Smith Umgwaqo, Witbank, 6850",Welkom,Western Cape,9781,Professor Emeritus,Zulu,2
'8206223654053,Nozibusiso,Magagula,Female,1982-06-22,43,Citizen,South Africa,50253169,N/A,N/A,N/A,N/A,N/A,0.84,ndabandabadumisile@za.net,681.445.9362x9009,"1693 Oxford Umgwaqo, George, 1002",Bethlehem,Western Cape,7931,"Radiographer, diagnostic",Zulu,N/A
'PR21278865,Nokulunga,Lembede,Female,1992-04-24,33,Citizen,Eswatini,47027924,Study Visa,2023-10-19,2033-10-16,PER17353,N/A,0.95,qmalevu@net,+1-621-602-9326x7385,"76 Elizabeth Ithafa, George, 6939",Potchefstroom,Mpumalanga,1690,Insurance broker,Zulu,0
'7111149952052,Thalente,Mnikathi,Male,1971-11-14,53,Citizen,South Africa,39984586,N/A,N/A,N/A,N/A,N/A,0.74,mlalanemandlakhe@za.net,960.399.1272x61605,"229 Edward Indlela, Springs, 5449",Vereeniging,KwaZulu-Natal,2989,Materials engineer,Zulu,N/A
'8511124502078,Siphesihle,Shangase,Female,1985-11-12,39,Citizen,South Africa,41863736,N/A,N/A,N/A,N/A,N/A,0.85,luvunomandla@za.net,7297774636,"44 Frere Indawo, Middelburg, 6982",Uitenhage,Northern Cape,9043,Consulting civil engineer,Zulu,N/A
'0512018588058,SimphiweyiNkosi,Nkwaliyenkosi,Male,2005-12-01,19,Citizen,South Africa,87459448,N/A,N/A,N/A,N/A,N/A,0.98,nzamaowethu@za.net,831-849-6166x7338,"114 Church Ithafa, Bethlehem, 6718",Mbombela,Gauteng,4743,Clinical psychologist,Zulu,N/A
'4201023472065,Londiwe,Mhlongo,Female,1942-01-02,83,Citizen,South Africa,71719993,N/A,N/A,N/A,N/A,N/A,0.86,mpungosethembeka@africa.com,(625)314-3409,"4695 Grey Indlela, Bloemfontein, 4620",Polokwane,Gauteng,1601,Bonds trader,Zulu,N/A
'4905086309088,Sibusiso,Mkhonza,Male,1949-05-08,76,Citizen,South Africa,62731386,N/A,N/A,N/A,N/A,N/A,0.71,sandile78@za.net,(376)414-5163,"76 Main Indawo, Vanderbijlpark, 9168",iKapa,Eastern Cape,9879,"Therapist, art",Zulu,N/A
'5511142657096,Sibusisiwe,Mntambo,Female,1955-11-14,69,Citizen,South Africa,93080402,N/A,N/A,N/A,N/A,N/A,0.75,simphiwe42@za.net,(827)802-1695,"207 Clarence Indawo, Newcastle, 8283",Potchefstroom,North West,5484,Psychiatrist,Zulu,N/A
'8403111960092,Busisiwe,Manzi,Female,1984-03-11,41,Citizen,South Africa,48429247,N/A,N/A,N/A,N/A,N/A,0.71,zenzele35@africa.com,898-968-1366x1220,"3048 Frere Ithafa, Soweto, 7622",Rustenburg,Limpopo,2491,Proofreader,Zulu,N/A
'6702255641000,Sandile,Mhlanya,Male,1967-02-25,58,Temporary Visa,South Africa,69315864,N/A,N/A,N/A,N/A,N/A,0.79,gmahulube@co.za,8908597093,"407 York Ithafa, Mahikeng, 8503",Bethlehem,KwaZulu-Natal,1303,Technical brewer,Zulu,N/A
'PR90771545,Nozizwe,Nonduma,Female,1990-07-20,35,Citizen,Tanzania,68831562,Work Visa,2022-11-09,2032-11-06,PER63567,N/A,0.84,mphephethwanomvula@com,(287)502-3618x603,"6630 Prince Umgwaqo, Musina, 5354",Thohoyandou,KwaZulu-Natal,1529,Psychiatric nurse,Zulu,12
'8406118198050,Bhekani,Mdlalose,Male,1984-06-11,41,Citizen,South Africa,99281373,N/A,N/A,N/A,N/A,N/A,0.99,mzamo50@africa.com,596.769.6384x38845,"84 Milner Isitaladi, Randfontein, 5714",Kimberley,Free State,7935,"Lecturer, higher education",Zulu,N/A
'6504235101048,Langalibalele,Nyokayebululu,Male,1965-04-23,60,Temporary Visa,South Africa,88645239,N/A,N/A,N/A,N/A,N/A,0.75,omthimkhulu@africa.com,471.933.6964,"583 Grey Indlela, Kimberley, 5138",Bethlehem,Northern Cape,3778,Site engineer,Zulu,N/A
'9007257977039,Musa,Gcaba,Male,1990-07-25,35,Citizen,South Africa,95971551,N/A,N/A,N/A,N/A,N/A,0.85,sihawukelenzimase@za.net,3703095049,"430 Stanley Umgwaqo, Centurion, 8548",Bethlehem,North West,3309,Bookseller,Zulu,N/A
'7405012805063,Thandiwe,Mabhoko,Female,1974-05-01,51,Citizen,South Africa,11298092,N/A,N/A,N/A,N/A,N/A,0.83,mlungisi10@africa.com,+1-520-656-7179x5988,"9967 Clarence Ithafa, Kimberley, 2867",Tembisa,Gauteng,9777,"Geologist, wellsite",Zulu,N/A
'6911210474019,Thembekile,Msamkhulu,Female,1969-11-21,55,Citizen,South Africa,69293743,N/A,N/A,N/A,N/A,N/A,0.86,jabulani16@za.net,636.838.5390x24202,"57 King Isitaladi, eGoli, 4795",Kimberley,Northern Cape,4770,Health visitor,Zulu,N/A
'5811164983006,Nomasonto,Lamula,Female,1958-11-16,66,Temporary Visa,South Africa,21842861,N/A,N/A,N/A,N/A,N/A,0.87,dsokhela@za.net,822-228-0184x12789,"853 James Indlela, Uitenhage, 1953",Newcastle,Northern Cape,5354,"Administrator, charities/voluntary organisations",Zulu,N/A
'8903157263034,Langalibalele,Mwelase,Male,1989-03-15,36,Citizen,South Africa,32079544,N/A,N/A,N/A,N/A,N/A,0.97,gugu59@africa.com,984-601-0587x43199,"382 Clarence Isitaladi, Tembisa, 9351",Witbank,Mpumalanga,3790,Counsellor,Zulu,N/A
'PR92622684,Sphiwe,Motha,Male,1972-03-30,53,Citizen,Kenya,K8150222,Retirement Visa,2025-07-22,2035-07-20,PER60308,N/A,0.67,mlungisimdlumbi@co.ke,(723)371-3398x49504,"792 Walter Sisulu Umgwaqo, Paarl, 7708",Thohoyandou,North West,8026,"Psychologist, forensic",Zulu,0
'7508076575008,Thando,Nxele,Male,1975-08-07,50,Permanent Resident,South Africa,85731951,N/A,N/A,N/A,N/A,N/A,0.71,sandilemngadi@co.za,001-248-566-2085,"65 William Indawo, iBhayi, 8136",eThekwini,Northern Cape,9524,"Designer, television/film set",Zulu,N/A
'5302218692099,Sphiwe,Mbonane,Male,1953-02-21,72,Citizen,South Africa,86629127,N/A,N/A,N/A,N/A,N/A,0.77,menziwamthokozisi@africa.com,(344)924-4715x454,"68 President Umgwaqo, Vanderbijlpark, 3494",Bethlehem,Western Cape,9380,Media planner,Zulu,N/A
'0205289024039,Musa,Mbuyisa,Male,2002-05-28,23,Citizen,South Africa,58360699,N/A,N/A,N/A,N/A,N/A,0.81,dlebenkomolwandile@co.za,001-525-776-3697x99887,"767 Stanley Indawo, Sasolburg, 2202",Welkom,Gauteng,4121,Adult guidance worker,Zulu,N/A
'5802244357072,Thandazile,Myeni,Female,1958-02-24,67,Citizen,South Africa,48624437,N/A,N/A,N/A,N/A,N/A,0.89,sibusiso57@za.net,558-362-2012x65642,"83 Elizabeth Indawo, Stellenbosch, 2834",eGoli,Free State,9068,Equality and diversity officer,Zulu,N/A
'9611010308038,Bhekokwakhe,Maphalala,Female,1996-11-01,28,Citizen,South Africa,51914074,N/A,N/A,N/A,N/A,N/A,0.75,mbunjwaowethu@africa.com,226.802.7160x4427,"4369 Napier Indlela, Witbank, 9780",eGoli,Northern Cape,1009,Energy manager,Zulu,N/A
'0302126639017,Sibusiso,Mnyandu,Male,2003-02-12,22,Permanent Resident,South Africa,83158731,N/A,N/A,N/A,N/A,N/A,0.95,sandilenzuza@co.za,001-950-863-3880x6930,"40 Cecil Indawo, iKapa, 8938",Witbank,Western Cape,3005,Landscape architect,Zulu,N/A
'7903250409058,Thembeka,Miya,Female,1979-03-25,46,Citizen,South Africa,84478795,N/A,N/A,N/A,N/A,N/A,0.72,gadlelasimphiwe@africa.com,(703)498-3814x148,"712 Albertina Sisulu Umgwaqo, Stellenbosch, 8948",Rustenburg,Western Cape,2284,Orthoptist,Zulu,N/A
'7211231761008,Nomagugu,Khomo,Female,1972-11-23,52,Permanent Resident,South Africa,43138704,N/A,N/A,N/A,N/A,N/A,0.81,qchagwe@co.za,902-961-5603x7130,"6706 Rivonia Isitaladi, Paarl, 2479",Benoni,Free State,5341,Naval architect,Zulu,N/A
'6804130142063,Nobantu,Guliwe,Female,1968-04-13,57,Citizen,South Africa,25302236,N/A,N/A,N/A,N/A,N/A,0.92,thandiwehlumakazi@co.za,574-923-2042x789,"8596 Edward Ithafa, Uitenhage, 4943",Randfontein,KwaZulu-Natal,1451,"Designer, interior/spatial",Zulu,N/A
'5005255168052,Siyabonga,Ndonga,Male,1950-05-25,75,Citizen,South Africa,22521535,N/A,N/A,N/A,N/A,N/A,1.0,qchonco@za.net,(306)806-5862,"51 Adelaide Indlela, Vanderbijlpark, 8955",Kimberley,Eastern Cape,2363,Chartered accountant,Zulu,N/A
'0009090090064,Thandazile,Ndimande,Female,2000-09-09,25,Citizen,South Africa,31282863,N/A,N/A,N/A,N/A,N/A,0.83,mhlambonokulunga@co.za,389-502-0016x2777,"752 Stanley Indawo, Paarl, 4310",uMgungundlovu,Free State,7036,Translator,Zulu,N/A
'7904304070080,Amahle,Mathwasa,Female,1979-04-30,46,Citizen,South Africa,47123132,N/A,N/A,N/A,N/A,N/A,0.93,nomcebo67@co.za,+1-750-732-0432,"6960 Rivonia Isitaladi, Musina, 1553",Springs,Western Cape,7291,Licensed conveyancer,Zulu,N/A
'5005132655060,Nomathemba,Khwane,Female,1950-05-13,75,Permanent Resident,South Africa,87695118,N/A,N/A,N/A,N/A,N/A,0.8,vusumuzisabela@co.za,750.631.3259x4653,"53 Smith Indlela, Vereeniging, 5047",Benoni,North West,9943,Mechanical engineer,Zulu,N/A
'4909140161040,Dumisile,Mhlongwane,Female,1949-09-14,76,Citizen,South Africa,98350721,N/A,N/A,N/A,N/A,N/A,0.98,nobantu06@africa.com,367-876-7087x76806,"91 Main Indlela, iBhayi, 3344",Polokwane,Limpopo,7333,"Pilot, airline",Zulu,N/A
'4504073273050,Nothando,Shibase,Female,1945-04-07,80,Citizen,South Africa,34569837,N/A,N/A,N/A,N/A,N/A,0.99,zbhengu@africa.com,803.774.5147x600,"401 High Isitaladi, Krugersdorp, 5146",Bloemfontein,Limpopo,7191,Field seismologist,Zulu,N/A
'9201101611028,Olwethu,Nduli,Female,1992-01-10,33,Citizen,South Africa,20138603,N/A,N/A,N/A,N/A,N/A,0.89,wandile@co.za,881.485.5217x281,"32 Commissioner Isitaladi, Soweto, 7876",Middelburg,Gauteng,8685,"Scientist, forensic",Zulu,N/A
'6201134774042,Ndumiso,Shamase,Female,1962-01-13,63,Citizen,South Africa,41479590,N/A,N/A,N/A,N/A,N/A,0.95,shombelasimphiweyinkosi@za.net,902.868.4190x13229,"74 James Umgwaqo, Krugersdorp, 7110",Middelburg,Gauteng,6537,Make,Zulu,N/A
'6905130291001,Nomathalente,Mnqayi,Female,1969-05-13,56,Temporary Visa,South Africa,97018426,N/A,N/A,N/A,N/A,N/A,0.82,vmawewe@co.za,2297596131,"7403 Church Ithafa, Bloemfontein, 6138",Soweto,Free State,9999,Restaurant manager,Zulu,N/A
'AS333494,Nqobizitha,Thabekhulu,Female,1999-08-31,26,Citizen,Tanzania,56015471,Asylum Seeker Permit,2025-04-15,2027-04-15,ASP63334,Refugee Status Granted,0.76,thuthukilemnguni@net,5538931425,"7026 Rivonia Indlela, uMgungundlovu, 1351",Kimberley,KwaZulu-Natal,3577,Advertising account planner,Zulu,4
'6705147760028,Thabani,Mzoneli,Male,1967-05-14,58,Citizen,South Africa,84621248,N/A,N/A,N/A,N/A,N/A,0.79,mandlakhenhlanhlampofu@africa.com,885.909.0240,"246 Napier Isitaladi, uMgungundlovu, 2235",George,Mpumalanga,6943,"Engineer, mining",Zulu,N/A
'8407239520011,Nhlanhla,Mageba,Male,1984-07-23,41,Citizen,South Africa,70524110,N/A,N/A,N/A,N/A,N/A,0.77,dumisile80@africa.com,8957477362,"9514 Church Indawo, Stellenbosch, 7896",Stellenbosch,Northern Cape,3814,"Nurse, mental health",Zulu,N/A
'8301143395043,Busisiwe,Mafuleka,Female,1983-01-14,42,Permanent Resident,South Africa,94158896,N/A,N/A,N/A,N/A,N/A,0.83,jabulani31@co.za,(617)401-6209x174,"72 Gandhi Umgwaqo, uMgungundlovu, 3067",Randfontein,Western Cape,4877,Contractor,Zulu,N/A
'6703068340025,Lwandile,Nkosi,Male,1967-03-06,58,Citizen,South Africa,99562840,N/A,N/A,N/A,N/A,N/A,0.72,nkomosemzamo@africa.com,733.453.5989,"9319 Elizabeth Umgwaqo, Stellenbosch, 2914",Randfontein,Gauteng,8371,Insurance account manager,Zulu,N/A
'TV27595,Thuthukile,Ngomane,Female,1988-12-14,36,Citizen,Zambia,52349237,Corporate Visa,2025-06-07,2028-04-18,VIS29044,N/A,0.56,thembekazikhungwini@org,304.784.8848,"636 Clarence Isitaladi, uMgungundlovu, 6602",Boksburg,Western Cape,2493,"Sound technician, broadcasting/film/video",Zulu,19
'AS522791,Auguste,Loiseau,Male,1992-07-14,33,Citizen,France,251011840,Asylum Seeker Permit,2024-12-14,2026-12-14,ASP53746,Refugee Status Granted,0.41,rlombard@fr,04 49 83 69 28,"36, rue de Delaunay, 22821 Vaillant",Mendès,Limpopo,72932,statisticien en analyse sensorielle,French,1
'PR37296150,Olwethu,Langa,Female,1977-07-10,48,Citizen,Tanzania,94677951,Relative's Visa,2023-05-20,2033-05-17,PER34827,N/A,0.66,thalentekhumbuza@org,001-961-316-0007x96620,"225 Churchill Indawo, Benoni, 4745",Newcastle,Free State,3752,"Psychologist, educational",Zulu,4
'8504125095029,Zenzele,Ngazitha,Male,1985-04-12,40,Citizen,South Africa,31878051,N/A,N/A,N/A,N/A,N/A,0.88,mngunisihawukele@africa.com,(254)503-8576,"4563 Thomas Umgwaqo, Benoni, 1363",Soweto,Mpumalanga,5775,Product designer,Zulu,N/A
'0301026073024,Lwandile,Mpumuza,Male,2003-01-02,22,Citizen,South Africa,96997800,N/A,N/A,N/A,N/A,N/A,0.96,londisizwenhlabathi@africa.com,001-392-911-4051,"346 King Isitaladi, Boksburg, 3553",eGoli,Gauteng,2760,Ambulance person,Zulu,N/A
'9912254066084,Amahle,Madinane,Female,1999-12-25,25,Permanent Resident,South Africa,73955737,N/A,N/A,N/A,N/A,N/A,0.75,gabadelathembeka@africa.com,4006427518,"9902 Paul Kruger Isitaladi, Rustenburg, 2022",Thohoyandou,Gauteng,7774,Trading standards officer,Zulu,N/A
'8809250153056,Thandeka,Swazi,Female,1988-09-25,37,Temporary Visa,South Africa,67678427,N/A,N/A,N/A,N/A,N/A,0.76,majozizenzile@za.net,679.496.5329,"24 Adelaide Ithafa, Rustenburg, 9957",Kimberley,Gauteng,8087,International aid/development worker,Zulu,N/A
'7506184987093,Thabisa,Mbatshazwa,Female,1975-06-18,50,Citizen,South Africa,67950025,N/A,N/A,N/A,N/A,N/A,0.97,vusumuzi85@co.za,511-316-8341,"23 President Indawo, Sasolburg, 4953",Musina,Limpopo,8314,Marketing executive,Zulu,N/A
'PR72393003,Igor,Coelho,Male,1970-09-14,55,Citizen,Mozambique,MO536976,Business Visa,2023-10-24,2033-10-21,PER98935,N/A,0.94,henriquesvalentina@mozambique.com,(351) 912202968,"Largo de Reis, 96, 4734-365 Trancoso",Sacavém,KwaZulu-Natal,8535-863,"Fumigador e outros controladores, de pragas e ervas daninhas",Portuguese,11
'8007237566097,Langalibalele,Mabuyakhulu,Male,1980-07-23,45,Citizen,South Africa,17429247,N/A,N/A,N/A,N/A,N/A,0.91,xolonqobizitha@za.net,861-924-3665x9768,"583 King Indawo, Randfontein, 8950",Benoni,Mpumalanga,9721,Pension scheme manager,Zulu,N/A
'0411152453096,Thandiwe,Mbuyisa,Female,2004-11-15,20,Citizen,South Africa,76822901,N/A,N/A,N/A,N/A,N/A,0.74,madonselakhanyisile@za.net,+1-419-438-5760,"915 Adelaide Isitaladi, Uitenhage, 6292",Potchefstroom,Eastern Cape,9493,Orthoptist,Zulu,N/A
'9601278293065,Mandla,Shozi,Male,1996-01-27,29,Citizen,South Africa,58721966,N/A,N/A,N/A,N/A,N/A,0.9,lungilemzilankatha@co.za,345.554.8420x203,"574 Smith Ithafa, Paarl, 9878",iBhayi,Free State,8955,"Chemist, analytical",Zulu,N/A
'5907256159066,Mandla,Jele,Male,1959-07-25,66,Citizen,South Africa,73877702,N/A,N/A,N/A,N/A,N/A,0.85,thabanimshiyane@co.za,298.495.7785x3398,"329 Voortrekker Umgwaqo, Klerksdorp, 2887",Vanderbijlpark,North West,6536,"Psychologist, occupational",Zulu,N/A
'TV38555,Minenhle,Yengwayo,Male,2003-08-13,22,Citizen,Ghana,G8492060,Business Visa,2023-08-16,2024-06-07,VIS30105,N/A,0.79,nkonyeninobantu@ghana.com,+1-565-975-4365,"945 Paul Kruger Indawo, Boksburg, 7325",eGoli,Mpumalanga,1092,Television floor manager,Zulu,16
'7408030567071,Thalente,Nenzi,Female,1974-08-03,51,Citizen,South Africa,80795720,N/A,N/A,N/A,N/A,N/A,0.71,bhekokwakhe21@za.net,735.448.6607x05558,"554 Jan Smuts Indlela, Bethlehem, 3123",Kathu,Limpopo,3948,Fish farm manager,Zulu,N/A
'9809075959072,Sibusiso,Nonyana,Male,1998-09-07,27,Citizen,South Africa,44475653,N/A,N/A,N/A,N/A,N/A,0.9,luyanda71@za.net,001-318-947-5568x003,"85 Walter Sisulu Indlela, Soweto, 3117",Centurion,North West,2416,Fitness centre manager,Zulu,N/A
'9510231941086,Gugulethu,Dlamdaka,Female,1995-10-23,29,Citizen,South Africa,89773018,N/A,N/A,N/A,N/A,N/A,0.75,nomusamashaba@africa.com,784.516.5589x463,"2261 James Umgwaqo, Rustenburg, 1371",Witbank,Western Cape,6408,Water quality scientist,Zulu,N/A
'PR85285993,Franck,Delmas,Male,2005-01-18,20,Citizen,United States,824340253,Corporate Visa,2023-09-20,2033-09-17,PER89323,N/A,0.72,fbrunet@us.com,+33 7 85 85 71 03,"38, chemin Petitjean, 71884 Chrétiendan",Colin,Western Cape,32583,grutier,French,13
'6010063848059,Thabisile,Ximba,Female,1960-10-06,65,Temporary Visa,South Africa,98453925,N/A,N/A,N/A,N/A,N/A,0.72,siphesihlemadela@africa.com,(329)998-1697,"43 Paul Kruger Indlela, eGoli, 3009",uMgungundlovu,Gauteng,7161,Secondary school teacher,Zulu,N/A
'9802217699066,Siyabonga,Ngazitha,Male,1998-02-21,27,Permanent Resident,South Africa,48607361,N/A,N/A,N/A,N/A,N/A,0.91,nkundlandethabisa@africa.com,5688562831,"7513 Edward Indawo, Thohoyandou, 1251",Springs,North West,4371,Sports therapist,Zulu,N/A
'TV16083,Sibonelo,Nkomoye,Male,2000-11-01,24,Permanent Resident,Tanzania,84836762,Study Visa,2023-05-28,2024-12-21,VIS78824,N/A,0.55,ysongiya@com,453-239-8475,"688 Victoria Indawo, Paarl, 7857",Stellenbosch,Mpumalanga,5904,Field trials officer,Zulu,5
'4207088603027,Lungile,Goje,Male,1942-07-08,83,Permanent Resident,South Africa,60277993,N/A,N/A,N/A,N/A,N/A,0.97,simphiwenyongwana@africa.com,392.596.6417,"49 Milner Ithafa, Mahikeng, 3486",eGoli,Limpopo,7553,Manufacturing systems engineer,Zulu,N/A
'7708079981006,Njabulo,Sothole,Male,1977-08-07,48,Citizen,South Africa,17022889,N/A,N/A,N/A,N/A,N/A,0.81,imasango@co.za,8342951276,"9864 Commissioner Isitaladi, Vanderbijlpark, 9362",iBhayi,Eastern Cape,7032,Warehouse manager,Zulu,N/A
'4009296370010,SimphiweyiNkosi,Mabuza,Male,1940-09-29,85,Citizen,South Africa,99013916,N/A,N/A,N/A,N/A,N/A,0.89,usengwayo@co.za,918-897-8433x4246,"10 York Indawo, Krugersdorp, 8005",Benoni,Western Cape,5561,Education administrator,Zulu,N/A
'5501036663058,Nhlanhla,Onjengenyamazane,Male,1955-01-03,70,Citizen,South Africa,67925775,N/A,N/A,N/A,N/A,N/A,0.75,thembekwayondumiso@co.za,963.925.4249x422,"78 Charles Umgwaqo, Uitenhage, 4622",Sasolburg,North West,5438,Advertising account planner,Zulu,N/A
'AS409857,Lucas,Carre,Male,1977-07-29,48,Citizen,Democratic Republic of Congo,88214440,Asylum Seeker Permit,2023-06-23,2025-06-22,ASP65901,Application Submitted,0.31,upasquier@org,+33 4 83 29 70 35,"12, avenue Barbe, 07720 Raynaud",Sainte Honoré,Western Cape,13522,hydrogéologue,French,17
'7712037366017,Sibusiso,Nhlane,Male,1977-12-03,47,Citizen,South Africa,27871143,N/A,N/A,N/A,N/A,N/A,0.78,mandla46@africa.com,(296)439-5632x901,"1171 Thomas Isitaladi, Springs, 7253",Musina,Eastern Cape,7939,Magazine features editor,Zulu,N/A
'5006219074021,Lungile,Bhebhe,Male,1950-06-21,75,Citizen,South Africa,90726223,N/A,N/A,N/A,N/A,N/A,0.96,nhlanhlabiyase@za.net,336.259.7931,"761 Nelson Mandela Isitaladi, Bloemfontein, 9309",Bethlehem,Free State,3902,"Engineer, aeronautical",Zulu,N/A
'9107120204097,Gugulethu,Gambuse,Female,1991-07-12,34,Citizen,South Africa,60459975,N/A,N/A,N/A,N/A,N/A,0.94,phuthinithandeka@za.net,+1-961-391-2157x03511,"9487 Walter Sisulu Isitaladi, Bloemfontein, 5777",Stellenbosch,KwaZulu-Natal,5984,Medical physicist,Zulu,N/A
'0101070989044,Mnqobi,Nonyana,Female,2001-01-07,24,Permanent Resident,South Africa,74394695,N/A,N/A,N/A,N/A,N/A,0.89,musa74@co.za,001-636-770-9130x362,"66 Walter Sisulu Indlela, George, 4440",uMgungundlovu,Western Cape,2281,Architectural technologist,Zulu,N/A
'AS324422,秀华,周,Female,1977-06-12,48,Citizen,China,64126763,Asylum Seeker Permit,2025-05-25,2027-05-25,ASP47829,Appeal Pending,0.49,jie36@com.cn,13423104322,山东省林县萧山武汉街R座 593830,刚县,Western Cape,125648,葡萄牙语翻译,Mandarin,17
'AS673663,Laure,Toussaint,Female,1994-12-17,30,Citizen,United Kingdom,880486919,Asylum Seeker Permit,2024-11-08,2026-11-08,ASP95722,Rejected,0.46,boulayalfred@uk.com,+33 (0)5 96 91 66 67,"346, boulevard Bertrand, 55495 Lacombe",JeanBourg,Western Cape,05503,juge d'instruction,French,15
'PR82581826,Nonhlanhla,Mgwaba,Female,1985-07-30,40,Citizen,Nigeria,N7252448,Study Visa,2024-08-12,2034-08-10,PER92065,N/A,0.76,gasagugu@nigeria.com,205.457.4371x79461,"9884 Frere Isitaladi, Benoni, 2976",Paarl,Northern Cape,8173,Newspaper journalist,Zulu,6
'PR63898999,Gugu,Langa,Female,1975-12-12,49,Citizen,Somalia,80358373,Relative's Visa,2023-10-30,2033-10-27,PER15719,N/A,0.68,nomvulamkhonza@com,741.345.7796,"437 Nelson Mandela Indlela, Tembisa, 4738",Vanderbijlpark,Limpopo,3701,"Doctor, hospital",Zulu,12
'6905024412042,Nomathalente,Fakazi,Female,1969-05-02,56,Citizen,South Africa,55044237,N/A,N/A,N/A,N/A,N/A,0.94,nontulinokulunga@co.za,492.840.5804x136,"605 Smith Ithafa, eGoli, 5950",Witbank,Northern Cape,4468,Toxicologist,Zulu,N/A
'8701044758044,Nomathalente,Madiba,Female,1987-01-04,38,Citizen,South Africa,80410334,N/A,N/A,N/A,N/A,N/A,0.98,pduze@africa.com,(201)930-0122x04650,"130 Long Indawo, eThekwini, 2346",Stellenbosch,North West,2160,Copy,Zulu,N/A
'5112203402088,Thuthukile,Magolwana,Female,1951-12-20,73,Citizen,South Africa,83329389,N/A,N/A,N/A,N/A,N/A,0.98,mangethethandiwe@za.net,349-866-8961x88279,"73 Oxford Indlela, Potchefstroom, 4789",Mbombela,Mpumalanga,6342,Risk analyst,Zulu,N/A
'8711240078054,Sibusisiwe,Hlomuka,Female,1987-11-24,37,Citizen,South Africa,53540925,N/A,N/A,N/A,N/A,N/A,0.75,mpumuzasimphiweyinkosi@za.net,350.953.6803x53945,"5904 William Umgwaqo, Krugersdorp, 1007",iKapa,Mpumalanga,8972,Personal assistant,Zulu,N/A
'PR12328927,Khanyisile,Bikwayo,Female,1997-04-22,28,Citizen,Kenya,K4902820,Business Visa,2022-12-27,2032-12-24,PER85531,N/A,0.76,zinhlengema@kenya.com,001-205-903-5430x67177,"8957 Rivonia Isitaladi, iKapa, 7337",iKapa,North West,7260,Health physicist,Zulu,6
'PR95295607,Marguerite,Thierry,Female,2004-09-18,21,Citizen,United States,272279111,Study Visa,2024-06-09,2034-06-07,PER28521,N/A,0.76,susan05@us.com,0269510801,"47, rue Maillard, 72181 Imbert-sur-Mer",Saint AnneBourg,Gauteng,85241,chargé d'études naturalistes,French,1
'PR99348682,Lucie,Gosselin,Female,1999-02-12,26,Temporary Visa,Democratic Republic of Congo,20370503,Work Visa,2023-02-26,2033-02-23,PER19205,N/A,0.62,thibault54@org,+33 (0)6 99 10 90 10,"94, rue Blanchet, 89904 Saint Élisedan",Gauthier,Limpopo,20125,consignataire de navire,French,7
'4710200616088,Owethu,Makhoba,Female,1947-10-20,77,Citizen,South Africa,90626476,N/A,N/A,N/A,N/A,N/A,0.87,ndimandenozizwe@za.net,001-319-787-4360x7483,"2618 York Umgwaqo, Soweto, 8493",uMgungundlovu,North West,3642,Special educational needs teacher,Zulu,N/A
'PR63104979,Mlungisi,Dlangamandla,Male,1986-02-18,39,Citizen,Ethiopia,98287584,Corporate Visa,2023-06-30,2033-06-27,PER35060,N/A,0.6,njinjizenzele@com,(500)396-1288x7122,"596 Albertina Sisulu Umgwaqo, Upington, 2499",Newcastle,Mpumalanga,7232,Architect,Zulu,14
'6009163719074,Nokulunga,Ndlela,Female,1960-09-16,65,Citizen,South Africa,85447711,N/A,N/A,N/A,N/A,N/A,0.77,fxhakaza@africa.com,001-226-504-0498x2679,"8411 Charles Indawo, Vanderbijlpark, 3770",Vereeniging,Limpopo,1069,Leisure centre manager,Zulu,N/A
'9912161979091,Thandiwe,Mcambi,Female,1999-12-16,25,Citizen,South Africa,25935720,N/A,N/A,N/A,N/A,N/A,0.95,bandileshange@co.za,702-656-5981,"27 Clarence Indawo, Potchefstroom, 6056",Tembisa,Mpumalanga,5164,"Civil engineer, consulting",Zulu,N/A
'TV71814,Benedita,Araújo,Female,1985-11-16,39,Citizen,Mozambique,MO263033,Work Visa,2025-04-05,2026-09-25,VIS95017,N/A,0.56,nairmendes@co.mz,937 544 779,"Largo Sul do Bairro da Encarnação, 949, 2263-434 Almada",Sintra,Free State,1598-622,Lavadeiro e engomador de roupa,Portuguese,0
'7703028037097,Mcebisi,Nzama,Male,1977-03-02,48,Citizen,South Africa,80845684,N/A,N/A,N/A,N/A,N/A,0.9,gmabuyakhulu@africa.com,545-459-2463,"865 Frere Indawo, Mahikeng, 8800",George,Western Cape,3914,"Conservator, furniture",Zulu,N/A
'6403276884083,Sibusiso,Siyaya,Male,1964-03-27,61,Citizen,South Africa,90119651,N/A,N/A,N/A,N/A,N/A,0.9,vdlamdaka@za.net,759.493.9542x301,"98 York Indawo, Middelburg, 8033",Centurion,Limpopo,1403,"Education officer, museum",Zulu,N/A
'TV11410,Londiwe,Mhlangu,Female,1999-07-06,26,Permanent Resident,Tanzania,55235246,Critical Skills Visa,2023-09-28,2026-06-05,VIS41172,N/A,0.85,londiwe86@org,(620)536-1459,"220 West Indawo, Mahikeng, 2736",Vanderbijlpark,Eastern Cape,6072,"Psychologist, occupational",Zulu,13
'4012100964025,Londisizwe,Msibi,Female,1940-12-10,84,Temporary Visa,South Africa,30661985,N/A,N/A,N/A,N/A,N/A,0.99,tthango@africa.com,001-970-300-7922,"29 Commissioner Ithafa, Newcastle, 5392",Bethlehem,Western Cape,2793,Airline pilot,Zulu,N/A
'9305245636090,Sandile,Mlotshwa,Male,1993-05-24,32,Citizen,South Africa,72677315,N/A,N/A,N/A,N/A,N/A,0.98,sphiwewanda@co.za,+1-308-432-7652,"5554 Paul Kruger Indawo, Middelburg, 4180",Kimberley,KwaZulu-Natal,9470,Maintenance engineer,Zulu,N/A
'7110241259033,Busisiwe,Andile,Female,1971-10-24,53,Citizen,South Africa,53729576,N/A,N/A,N/A,N/A,N/A,0.89,tmadinane@za.net,+1-320-950-6769x7752,"7347 Queen Ithafa, Soweto, 5830",iKapa,Eastern Cape,8028,Optometrist,Zulu,N/A
'7107243175031,Sibongile,Dlamlenze,Female,1971-07-24,54,Temporary Visa,South Africa,53931193,N/A,N/A,N/A,N/A,N/A,1.0,mlungisimanzi@africa.com,247.764.9420x124,"35 Main Indlela, Chatsworth, 4503",Sasolburg,Free State,3457,"Scientist, research (maths)",Zulu,N/A
'5007235800048,Zenzele,Msokazi,Male,1950-07-23,75,Citizen,South Africa,85632066,N/A,N/A,N/A,N/A,N/A,0.7,imahlaba@africa.com,001-225-629-8035x694,"52 Long Isitaladi, Krugersdorp, 6700",George,Mpumalanga,2048,Mudlogger,Zulu,N/A
'5305166950081,Musa,Ndima,Male,1953-05-16,72,Temporary Visa,South Africa,96264416,N/A,N/A,N/A,N/A,N/A,0.85,tsondini@africa.com,(359)977-1117x429,"63 Nelson Mandela Indlela, Chatsworth, 5380",iBhayi,Eastern Cape,3096,Risk analyst,Zulu,N/A
'6807316614024,Mcebisi,Ngotsha,Male,1968-07-31,57,Temporary Visa,South Africa,45883551,N/A,N/A,N/A,N/A,N/A,0.83,madibalangalibalele@za.net,504-434-0374x36452,"675 Elizabeth Umgwaqo, eThekwini, 8764",Kimberley,Mpumalanga,4554,Translator,Zulu,N/A
'PR27524874,Siyabonga,Mcambe,Male,1998-02-23,27,Permanent Resident,Malawi,96226956,Retirement Visa,2025-06-14,2035-06-12,PER90498,N/A,0.8,thandiwemncube@org,001-347-246-2344,"837 President Isitaladi, eThekwini, 2364",eGoli,Northern Cape,7507,Counselling psychologist,Zulu,7
'7002059962008,S'fiso,Mngwemkhulu,Male,1970-02-05,55,Citizen,South Africa,29864754,N/A,N/A,N/A,N/A,N/A,0.98,eweza@za.net,+1-705-699-1599x689,"7331 Frere Ithafa, Bloemfontein, 6107",George,Limpopo,4116,"Psychologist, prison and probation services",Zulu,N/A
'PR23691844,Mzamo,Nkomose,Male,1984-10-10,40,Temporary Visa,Malawi,21574074,Retirement Visa,2023-09-25,2033-09-22,PER82983,N/A,0.81,phakathinobantu@com,537-645-6734x03847,"6448 West Indlela, Uitenhage, 9267",Mahikeng,Western Cape,5218,Cytogeneticist,Zulu,10
'9409213310030,Amahle,Ndlandla,Female,1994-09-21,31,Citizen,South Africa,54673593,N/A,N/A,N/A,N/A,N/A,0.74,lmbuyisa@za.net,742.352.3801x479,"26 King Indlela, Vereeniging, 4086",Bloemfontein,Eastern Cape,2509,Emergency planning/management officer,Zulu,N/A
'8805134901087,Nomathalente,Thembekwayo,Female,1988-05-13,37,Citizen,South Africa,53999650,N/A,N/A,N/A,N/A,N/A,0.98,njabulomshazi@africa.com,753.738.5316,"4466 Churchill Ithafa, George, 2726",Stellenbosch,KwaZulu-Natal,9012,Patent attorney,Zulu,N/A
'0505238142062,Mandlakhe,Mfeka,Male,2005-05-23,20,Permanent Resident,South Africa,88304152,N/A,N/A,N/A,N/A,N/A,0.7,noxolodoncabe@africa.com,830-508-9220,"44 Paul Kruger Indlela, Vanderbijlpark, 5427",Middelburg,Mpumalanga,1741,Town planner,Zulu,N/A
'8804267184051,Bandile,Sotobe,Male,1988-04-26,37,Citizen,South Africa,71078847,N/A,N/A,N/A,N/A,N/A,0.98,xnyanda@co.za,+1-908-526-1861x3517,"329 Nelson Mandela Umgwaqo, Paarl, 3058",Uitenhage,Limpopo,2684,"Engineer, automotive",Zulu,N/A
'4810138052016,Mlungisi,Khathi,Male,1948-10-13,76,Citizen,South Africa,53511108,N/A,N/A,N/A,N/A,N/A,0.95,thalentesibalukhulu@africa.com,431.459.5002x34117,"68 Smith Ithafa, George, 4551",Upington,Limpopo,6167,Advertising account executive,Zulu,N/A
'6703080108029,Nomthandazo,Myeza,Female,1967-03-08,58,Citizen,South Africa,45767163,N/A,N/A,N/A,N/A,N/A,0.96,thalentemayisela@africa.com,299.983.5955,"46 Jan Smuts Indlela, Bethlehem, 7313",Vereeniging,Limpopo,2236,TEFL teacher,Zulu,N/A
'PR14982695,Clémence,Hardy,Female,1995-07-21,30,Citizen,United States,816355910,Retirement Visa,2025-03-24,2035-03-22,PER50616,N/A,0.91,claudineparent@us.com,0687943866,"55, rue Olivier Parent, 81485 PaulBourg",Louis,North West,70248,architecte,French,4
'TV36135,Emmanuelle,Antoine,Female,1993-07-23,32,Citizen,United Kingdom,544520493,Relative's Visa,2024-04-20,2025-04-30,VIS89376,N/A,0.54,penelope62@co.uk,0760639254,"chemin Joubert, 33242 Verdier",Vidal,Eastern Cape,77569,accompagnant éducatif et social éducative et sociale,French,7
'4709234193008,Silondile,Ntanzi,Female,1947-09-23,78,Citizen,South Africa,56215053,N/A,N/A,N/A,N/A,N/A,0.98,mcebisilubelo@co.za,446.432.7018x555,"981 Milner Isitaladi, Thohoyandou, 3605",Welkom,KwaZulu-Natal,8666,"Engineer, maintenance",Zulu,N/A
'TV64899,Njabulo,Nzuza,Male,1972-05-02,53,Temporary Visa,Malawi,42594219,Retirement Visa,2023-02-01,2025-02-20,VIS87361,N/A,0.52,rsontuli@com,001-228-675-2144,"605 Cecil Isitaladi, Bethlehem, 8045",Krugersdorp,Northern Cape,4897,Interpreter,Zulu,5
'TV31887,Luyanda,Hlomuka,Male,1984-08-06,41,Permanent Resident,Ethiopia,15509263,Corporate Visa,2023-08-22,2024-04-30,VIS55808,N/A,0.69,nomthandazo19@com,662.215.1257,"80 Queen Indawo, Polokwane, 2932",Thohoyandou,KwaZulu-Natal,4534,Marine scientist,Zulu,13
'4808314094066,Nonjabulo,Nkamzwayo,Female,1948-08-31,77,Asylum Seeker,South Africa,81816254,N/A,N/A,N/A,N/A,N/A,0.81,mzamomakhulukhulu@za.net,(624)460-8022,"71 Oxford Umgwaqo, Bloemfontein, 8208",Randfontein,Eastern Cape,4913,Patent attorney,Zulu,N/A
'9909116408095,Nhlanhla,Kheswa,Male,1999-09-11,26,Asylum Seeker,South Africa,19977629,N/A,N/A,N/A,N/A,N/A,0.83,nhlanhlavilakazi@co.za,001-780-460-8607x9381,"60 Napier Indlela, Centurion, 2771",Kimberley,North West,1741,Retail banker,Zulu,N/A
'7809291447069,Thalente,Makhoba,Female,1978-09-29,47,Citizen,South Africa,76222286,N/A,N/A,N/A,N/A,N/A,0.86,dlamanebandile@za.net,(279)838-6095x045,"3096 Thomas Isitaladi, Bloemfontein, 3860",Uitenhage,Free State,2076,Web designer,Zulu,N/A
'8005279465030,Mlungisi,Ludonga,Male,1980-05-27,45,Citizen,South Africa,41659075,N/A,N/A,N/A,N/A,N/A,0.96,mcusisibonelo@co.za,921.682.9891,"44 York Indlela, Newcastle, 3129",Boksburg,KwaZulu-Natal,9910,"Surveyor, mining",Zulu,N/A
'PR50039464,Dumisile,Chibini,Female,1972-06-22,53,Citizen,Nigeria,N3377858,Business Visa,2023-12-08,2033-12-05,PER26577,N/A,0.78,noxolo43@com.ng,(302)523-0417x8425,"5251 Prince Indlela, Sasolburg, 1086",Witbank,Limpopo,5922,Geographical information systems officer,Zulu,4
'PR31670666,Nokulunga,Njinji,Female,1990-07-02,35,Permanent Resident,Lesotho,98040143,Work Visa,2025-02-19,2035-02-17,PER76290,N/A,0.74,nomalanga13@net,7443288071,"1859 Oxford Isitaladi, Tembisa, 7002",Upington,Free State,7174,"Engineer, drilling",Zulu,11
'TV92207,Dumisile,Msani,Female,1977-12-09,47,Citizen,Somalia,48870390,Business Visa,2025-07-07,2028-06-02,VIS42341,N/A,0.65,magubanenozizwe@com,+1-205-925-5302x690,"869 Paul Kruger Isitaladi, Springs, 1617",Witbank,Gauteng,6189,Paediatric nurse,Zulu,1
'4104105239060,Bhekani,Mhlongwane,Male,1941-04-10,84,Citizen,South Africa,61273963,N/A,N/A,N/A,N/A,N/A,0.73,rndonga@za.net,351-745-2830,"909 Napier Isitaladi, Sasolburg, 8787",iKapa,Northern Cape,8280,Recruitment consultant,Zulu,N/A
'4209250947033,Thabisile,Lange,Female,1942-09-25,83,Citizen,South Africa,51838272,N/A,N/A,N/A,N/A,N/A,0.77,enkwaliyenkosi@za.net,+1-998-663-6175x4822,"97 Jan Smuts Umgwaqo, Newcastle, 4305",Vereeniging,KwaZulu-Natal,5140,Insurance underwriter,Zulu,N/A
'7704274203089,Bhekisisa,Makhedama,Female,1977-04-27,48,Permanent Resident,South Africa,10555118,N/A,N/A,N/A,N/A,N/A,0.85,gmashinini@co.za,+1-779-249-7331x63142,"727 Long Isitaladi, Springs, 6768",Witbank,Mpumalanga,2144,Investment analyst,Zulu,N/A
'7304204867088,Owethu,Nonkululeko,Female,1973-04-20,52,Citizen,South Africa,13658947,N/A,N/A,N/A,N/A,N/A,0.71,zenzele66@africa.com,494.978.7781x050,"7259 Paul Kruger Ithafa, Kathu, 9349",Chatsworth,Gauteng,6321,"Engineer, manufacturing systems",Zulu,N/A
'9604088184067,Sphiwe,Nyembe,Male,1996-04-08,29,Citizen,South Africa,39725730,N/A,N/A,N/A,N/A,N/A,0.76,nozibusiso61@za.net,(595)930-9476x508,"4544 Somerset Isitaladi, Vereeniging, 2344",Rustenburg,Limpopo,1364,Copy,Zulu,N/A
'AS126536,Nozibusiso,Nsibande,Female,1995-03-03,30,Permanent Resident,Kenya,K3340551,Asylum Seeker Permit,2022-10-20,2024-10-19,ASP17172,Interview Scheduled,0.49,shezinoxolo@co.ke,001-620-917-3032,"3282 Prince Indawo, George, 9213",Middelburg,Western Cape,2063,Paramedic,Zulu,15
'9202100759010,Nomasonto,Shozi,Female,1992-02-10,33,Citizen,South Africa,47793276,N/A,N/A,N/A,N/A,N/A,0.87,gmathaba@za.net,(216)366-9531x36962,"725 Clarence Isitaladi, Witbank, 9446",Soweto,Northern Cape,7713,"Designer, television/film set",Zulu,N/A
'6709071481080,Nozibusiso,Guliwe,Female,1967-09-07,58,Permanent Resident,South Africa,13984608,N/A,N/A,N/A,N/A,N/A,0.88,jdlamini@africa.com,270.223.5459x82880,"7750 Rivonia Indawo, Thohoyandou, 9327",Newcastle,Western Cape,3654,Emergency planning/management officer,Zulu,N/A
'5510308387035,Zenzele,Ngwane,Male,1955-10-30,69,Citizen,South Africa,41742681,N/A,N/A,N/A,N/A,N/A,0.81,zinhle47@africa.com,450-796-9248,"9231 Nelson Mandela Indawo, Vanderbijlpark, 6230",eGoli,Eastern Cape,5157,"Psychologist, counselling",Zulu,N/A
'PR26321567,Nomasonto,Mjoli,Female,1973-07-24,52,Permanent Resident,Eswatini,56444111,Work Visa,2024-02-09,2034-02-06,PER71120,N/A,0.76,umazalankosi@org,(392)649-8993x080,"767 Gandhi Ithafa, iBhayi, 2531",Kathu,North West,2967,Product/process development scientist,Zulu,19
'0210135471063,Musa,Phewa,Male,2002-10-13,22,Citizen,South Africa,18484417,N/A,N/A,N/A,N/A,N/A,0.84,nozizwemzila@za.net,001-569-395-2452x72657,"45 Frere Indawo, George, 9504",Klerksdorp,Limpopo,9890,Industrial buyer,Zulu,N/A
'9209210200071,Bhekizizwe,Sibindi,Female,1992-09-21,33,Citizen,South Africa,53811004,N/A,N/A,N/A,N/A,N/A,0.97,choncovusumuzi@za.net,(496)972-2424,"97 Voortrekker Indlela, Kimberley, 8548",Polokwane,Eastern Cape,2340,Industrial/product designer,Zulu,N/A
'TV62030,Sibonelo,Shabalala,Male,1984-07-26,41,Citizen,Botswana,BO904056,Retirement Visa,2023-06-19,2026-05-06,VIS17308,N/A,0.84,sibonelo35@org,+1-677-743-6385,"561 Walter Sisulu Ithafa, Potchefstroom, 6587",Randfontein,Mpumalanga,6577,Accounting technician,Zulu,12
'4309129891082,Minenhle,Fakude,Male,1943-09-12,82,Citizen,South Africa,15447304,N/A,N/A,N/A,N/A,N/A,0.78,andile46@za.net,859.405.2302x76510,"23 York Indawo, Middelburg, 3826",Springs,Limpopo,4291,"Sales professional, IT",Zulu,N/A
'5305088922066,Sphiwe,Ndlela,Male,1953-05-08,72,Temporary Visa,South Africa,41667512,N/A,N/A,N/A,N/A,N/A,0.74,thandazile80@za.net,+1-835-608-9354x483,"70 Nelson Mandela Isitaladi, Krugersdorp, 6909",eGoli,Northern Cape,8488,Warden/ranger,Zulu,N/A
'7702071157015,Thabisa,Mcanco,Female,1977-02-07,48,Citizen,South Africa,23459375,N/A,N/A,N/A,N/A,N/A,0.97,sibonelombulaze@za.net,703.220.7034,"295 Adelaide Isitaladi, Upington, 3592",Paarl,Eastern Cape,8588,Financial trader,Zulu,N/A
'9010124619096,Nonjabulo,Mlalane,Female,1990-10-12,34,Permanent Resident,South Africa,97246887,N/A,N/A,N/A,N/A,N/A,0.72,mmtumaseli@za.net,(300)511-5068,"9535 Frere Ithafa, Randfontein, 6118",Thohoyandou,Eastern Cape,3331,Politician's assistant,Zulu,N/A
'6509088891057,Thabani,Sibaya,Male,1965-09-08,60,Citizen,South Africa,91235369,N/A,N/A,N/A,N/A,N/A,0.95,imasikane@africa.com,+1-211-466-0497x19375,"133 Thomas Ithafa, Paarl, 6272",Rustenburg,KwaZulu-Natal,2831,"Teacher, adult education",Zulu,N/A
'5306095924072,Sibonelo,Mthimkhulu,Male,1953-06-09,72,Citizen,South Africa,14865581,N/A,N/A,N/A,N/A,N/A,0.77,qgotsholo@co.za,220-213-4429x5688,"8155 Victoria Isitaladi, Vereeniging, 3468",Musina,Free State,9041,Medical laboratory scientific officer,Zulu,N/A
'6806305802080,Mandla,Mbeje,Male,1968-06-30,57,Citizen,South Africa,77869090,N/A,N/A,N/A,N/A,N/A,0.72,thandiwemaphalala@za.net,5644212949,"4571 Rivonia Indlela, Centurion, 5617",Rustenburg,Western Cape,5017,Artist,Zulu,N/A
'6001298581087,Mzamo,Mtuswa,Male,1960-01-29,65,Citizen,South Africa,26978422,N/A,N/A,N/A,N/A,N/A,0.73,gaselathembile@africa.com,(468)665-5222x4654,"972 Long Isitaladi, Mbombela, 7568",Musina,Western Cape,3837,Community education officer,Zulu,N/A
'7304228706040,Jabulani,Mdlumbi,Male,1973-04-22,52,Asylum Seeker,South Africa,17764996,N/A,N/A,N/A,N/A,N/A,0.74,mandlakhemazibuko@africa.com,286.650.8819x7031,"78 King Isitaladi, Paarl, 1941",Newcastle,Free State,6162,Land,Zulu,N/A
'0208150881028,Sibusisiwe,Nyawose,Female,2002-08-15,23,Permanent Resident,South Africa,51755862,N/A,N/A,N/A,N/A,N/A,0.94,madlandunagugu@africa.com,684-693-3823x8299,"910 Prince Umgwaqo, Vanderbijlpark, 4415",Stellenbosch,Eastern Cape,5068,Land,Zulu,N/A
'9411155282019,Siyabonga,Thabethe,Male,1994-11-15,30,Citizen,South Africa,34112126,N/A,N/A,N/A,N/A,N/A,0.76,acwalile@za.net,751.943.2658x0315,"599 Nelson Mandela Isitaladi, Krugersdorp, 9039",Mahikeng,KwaZulu-Natal,2230,"Scientist, clinical (histocompatibility and immunogenetics)",Zulu,N/A
'4605268086030,Vusumuzi,Mayeza,Male,1946-05-26,79,Permanent Resident,South Africa,80080062,N/A,N/A,N/A,N/A,N/A,0.84,rlongode@co.za,603.211.7852,"797 Victoria Isitaladi, Upington, 5755",Krugersdorp,KwaZulu-Natal,5827,Location manager,Zulu,N/A
'TV60979,兰英,赖,Female,2000-07-28,25,Citizen,China,28833159,Work Visa,2023-12-05,2025-10-02,VIS75168,N/A,0.64,tianjuan@china.com,15368720986,澳门特别行政区玉梅县大兴张家港街u座 715620,拉萨市,Free State,239752,其他,Mandarin,4
'9411167555027,Jabulani,Mwelase,Male,1994-11-16,30,Citizen,South Africa,10898218,N/A,N/A,N/A,N/A,N/A,0.74,kmngwengwe@co.za,(316)740-7490,"48 Cecil Indlela, eThekwini, 4677",Bethlehem,Free State,8175,"Sound technician, broadcasting/film/video",Zulu,N/A
'8903094035070,Nomasonto,Mvelase,Female,1989-03-09,36,Permanent Resident,South Africa,17481586,N/A,N/A,N/A,N/A,N/A,0.9,wkhuluse@za.net,4724951776,"701 Oxford Umgwaqo, Kimberley, 8249",Sasolburg,Mpumalanga,5368,"Engineer, land",Zulu,N/A
'0208043948029,Nozizwe,Mdotshana,Female,2002-08-04,23,Citizen,South Africa,37334143,N/A,N/A,N/A,N/A,N/A,0.88,silondilemsindazwe@za.net,+1-577-927-3958,"89 Milner Indawo, Newcastle, 3115",eGoli,Western Cape,9609,Biomedical scientist,Zulu,N/A
'PR21173538,Sphiwe,Mtumaseli,Male,1986-11-14,38,Citizen,Somalia,69374726,Relative's Visa,2022-11-14,2032-11-11,PER88147,N/A,0.66,mngomezuluowethu@com,+1-370-323-5206x637,"762 Voortrekker Indawo, iKapa, 2443",Paarl,Free State,1737,Hydrologist,Zulu,2
'8608050059096,Nozibusiso,Mthanti,Female,1986-08-05,39,Asylum Seeker,South Africa,38904826,N/A,N/A,N/A,N/A,N/A,0.93,nomvula50@za.net,(650)949-1281x803,"135 George Isitaladi, iBhayi, 6074",Mbombela,North West,2681,"Producer, radio",Zulu,N/A
'5401071150013,Nozizwe,Sijadu,Female,1954-01-07,71,Citizen,South Africa,31547697,N/A,N/A,N/A,N/A,N/A,0.74,nqobizithahlumakazi@africa.com,001-753-842-2196x3248,"317 Milner Isitaladi, Thohoyandou, 2164",Kathu,Northern Cape,2918,Archaeologist,Zulu,N/A
'5112225248005,Sibonelo,Mahlaba,Male,1951-12-22,73,Temporary Visa,South Africa,93817300,N/A,N/A,N/A,N/A,N/A,0.83,nobuhle99@africa.com,001-266-814-6544x3637,"96 Voortrekker Umgwaqo, Uitenhage, 3564",Benoni,Limpopo,7920,Patent attorney,Zulu,N/A
'6607036208034,Musa,Mahlaba,Male,1966-07-03,59,Citizen,South Africa,11305954,N/A,N/A,N/A,N/A,N/A,0.77,thembisile64@co.za,+1-483-693-4875x9842,"97 King Isitaladi, iBhayi, 8864",Middelburg,KwaZulu-Natal,4662,Manufacturing engineer,Zulu,N/A
'4203136736057,Andile,Qwabe,Male,1942-03-13,83,Citizen,South Africa,13759801,N/A,N/A,N/A,N/A,N/A,0.82,zenzele43@co.za,001-648-839-3669x91685,"8188 Clarence Umgwaqo, Middelburg, 4419",Mbombela,Gauteng,5750,"Engineer, petroleum",Zulu,N/A
'7008251567061,Dumisile,Maphanga,Female,1970-08-25,55,Citizen,South Africa,45906716,N/A,N/A,N/A,N/A,N/A,0.97,msamkhuluthabisa@za.net,+1-832-814-6031x107,"691 President Ithafa, Welkom, 8602",Tembisa,Northern Cape,5606,Chartered management accountant,Zulu,N/A
'8404155943055,Mlungisi,Ngobisi,Male,1984-04-15,41,Permanent Resident,South Africa,59574750,N/A,N/A,N/A,N/A,N/A,0.82,fsokhwebula@africa.com,001-898-254-6575x2518,"70 Church Umgwaqo, eGoli, 9923",Kathu,Eastern Cape,4686,Careers adviser,Zulu,N/A
'9204065738085,Sibonelo,Nxasana,Male,1992-04-06,33,Citizen,South Africa,20872856,N/A,N/A,N/A,N/A,N/A,0.83,lungilemzizi@co.za,+1-959-729-4184,"53 Jan Smuts Indlela, Sasolburg, 7710",Paarl,Eastern Cape,9950,Intelligence analyst,Zulu,N/A
'4802229709094,Bhekani,Dimba,Male,1948-02-22,77,Temporary Visa,South Africa,67743573,N/A,N/A,N/A,N/A,N/A,0.95,sibusiso56@africa.com,3482005099,"6506 Walter Sisulu Isitaladi, Benoni, 8270",Rustenburg,KwaZulu-Natal,7017,Heritage manager,Zulu,N/A
'5402131540079,Thabisile,Gwala,Female,1954-02-13,71,Citizen,South Africa,81849812,N/A,N/A,N/A,N/A,N/A,0.91,nobantu54@co.za,(354)223-7779x673,"13 Clarence Indawo, Centurion, 5973",Witbank,North West,5767,Engineering geologist,Zulu,N/A
'TV49792,Sihawukele,Dlakela,Female,1975-09-30,50,Temporary Visa,Ghana,G7351781,Corporate Visa,2022-11-19,2025-07-28,VIS47807,N/A,0.72,nonjabulo76@ghana.com,+1-969-783-2363x1953,"9841 Short Indawo, Paarl, 5424",Randfontein,Eastern Cape,2801,Diagnostic radiographer,Zulu,10
'9504045748052,Mthokozisi,Mntambo,Male,1995-04-04,30,Citizen,South Africa,51152580,N/A,N/A,N/A,N/A,N/A,0.86,nozibusiso46@africa.com,702-837-5042x786,"289 Nelson Mandela Indlela, George, 7588",Bethlehem,Northern Cape,3506,Land,Zulu,N/A
'TV12992,Andile,Dlodlo,Male,1996-02-12,29,Citizen,Somalia,91466699,Work Visa,2025-03-12,2026-09-23,VIS78719,N/A,0.53,thembeka60@net,676.918.3593x072,"114 Long Indawo, Kimberley, 4557",Paarl,KwaZulu-Natal,3523,Retail manager,Zulu,6
'5207158235086,Mzamo,Thabekhulu,Male,1952-07-15,73,Permanent Resident,South Africa,30765235,N/A,N/A,N/A,N/A,N/A,0.92,nqobizithasibeko@africa.com,+1-783-242-4697,"89 Queen Isitaladi, Randfontein, 7632",Witbank,KwaZulu-Natal,6125,"Engineer, water",Zulu,N/A
'5308245065076,Bhekani,Goba,Male,1953-08-24,72,Citizen,South Africa,22918980,N/A,N/A,N/A,N/A,N/A,0.74,langalibalele14@africa.com,(574)295-6845x61676,"3813 Edward Indlela, Uitenhage, 3688",Krugersdorp,Eastern Cape,1931,Osteopath,Zulu,N/A
'6909211465024,Gugulethu,Nsibande,Female,1969-09-21,56,Citizen,South Africa,16484644,N/A,N/A,N/A,N/A,N/A,0.7,thuthukilemavela@co.za,390-882-9322,"731 Thomas Indlela, Klerksdorp, 2704",Boksburg,Gauteng,2000,Museum/gallery conservator,Zulu,N/A
'4601016812086,Mlungisi,Gumede,Male,1946-01-01,79,Citizen,South Africa,63996758,N/A,N/A,N/A,N/A,N/A,0.89,dmpunzana@za.net,4622856872,"130 Paul Kruger Indlela, Vereeniging, 2778",Benoni,Free State,9496,"Psychologist, occupational",Zulu,N/A
'PR66460521,Londiwe,Malevu,Female,1971-08-11,54,Permanent Resident,Botswana,BO335511,Work Visa,2024-02-13,2034-02-10,PER19764,N/A,0.85,ndumisodinwa@com,8084150704,"2775 President Umgwaqo, Musina, 6547",Vanderbijlpark,Gauteng,9050,"Engineer, biomedical",Zulu,17
'TV29398,Jabulani,Ntombela,Male,1998-09-22,27,Citizen,Zimbabwe,ZI258764,Critical Skills Visa,2024-03-14,2025-07-31,VIS39688,N/A,0.7,mbantwini@zimbabwe.com,927-808-3691x68213,"21 Walter Sisulu Indawo, Stellenbosch, 2450",Randfontein,Gauteng,8574,Chief Strategy Officer,Zulu,9
'8205128013094,Mzamo,Nyongwana,Male,1982-05-12,43,Citizen,South Africa,86277176,N/A,N/A,N/A,N/A,N/A,0.74,zinhlegebhezi@co.za,001-571-540-4247x9426,"3928 Charles Ithafa, Klerksdorp, 3522",Soweto,Limpopo,2652,"Engineer, chemical",Zulu,N/A
'4603279730033,Sphiwe,Mzizi,Male,1946-03-27,79,Asylum Seeker,South Africa,32961812,N/A,N/A,N/A,N/A,N/A,0.95,sphiwe74@africa.com,+1-927-745-7973,"4460 Edward Isitaladi, Boksburg, 1127",iBhayi,Eastern Cape,6685,Passenger transport manager,Zulu,N/A
'PR81312141,Sibonelo,Gumbi,Male,1993-09-04,32,Citizen,Malawi,75037518,Retirement Visa,2023-09-07,2033-09-04,PER53017,N/A,0.81,antenga@net,001-956-220-9948x15746,"17 Church Isitaladi, Musina, 7228",Stellenbosch,Free State,6745,"Exhibitions officer, museum/gallery",Zulu,16
'4506295089022,Lungile,Sontuli,Male,1945-06-29,80,Temporary Visa,South Africa,71261359,N/A,N/A,N/A,N/A,N/A,0.72,mambasihawukele@africa.com,+1-579-374-1673x225,"45 Jan Smuts Isitaladi, Thohoyandou, 8815",Benoni,Western Cape,5255,"Designer, industrial/product",Zulu,N/A
'PR63494588,Nqobizitha,Anele,Female,1973-07-19,52,Citizen,Eswatini,53895062,Relative's Visa,2024-07-16,2034-07-14,PER23068,N/A,0.74,thuthukile37@net,+1-201-990-4541x4247,"3946 Somerset Ithafa, Tembisa, 9858",Polokwane,Gauteng,1409,"Designer, television/film set",Zulu,18
'PR81617600,Nobuhle,Gcaba,Female,2000-11-03,24,Citizen,Ghana,G3173237,Critical Skills Visa,2025-01-31,2035-01-29,PER31639,N/A,0.77,nkwanyanathuthukile@ghana.com,587-987-3446,"63 Smith Isitaladi, Randfontein, 8863",Middelburg,KwaZulu-Natal,7270,Proofreader,Zulu,6
'6808172249074,Thembisile,Ntshiza,Female,1968-08-17,57,Permanent Resident,South Africa,90610633,N/A,N/A,N/A,N/A,N/A,0.8,zibuyile00@za.net,001-363-425-4597x734,"8443 James Indawo, Rustenburg, 3539",Tembisa,North West,2997,"Psychologist, prison and probation services",Zulu,N/A
'7611087136064,Mlungisi,Gule,Male,1976-11-08,48,Citizen,South Africa,56677827,N/A,N/A,N/A,N/A,N/A,0.91,tmyeza@africa.com,(516)666-3496,"1019 Paul Kruger Indlela, Vereeniging, 4979",Musina,Eastern Cape,9930,"Designer, industrial/product",Zulu,N/A
'9208223609022,Nozibusiso,Sokhulu,Female,1992-08-22,33,Citizen,South Africa,44452744,N/A,N/A,N/A,N/A,N/A,0.89,endawo@co.za,821.350.5972x22219,"580 Churchill Isitaladi, Upington, 4969",Tembisa,Northern Cape,9607,Civil Service fast streamer,Zulu,N/A
'9407223981072,Nobantu,Ngubane,Female,1994-07-22,31,Asylum Seeker,South Africa,73204380,N/A,N/A,N/A,N/A,N/A,0.72,gugulethuhlomuka@za.net,907.374.0669x00559,"3706 Prince Ithafa, Rustenburg, 8280",Potchefstroom,Western Cape,1831,Early years teacher,Zulu,N/A
'AS494006,SimphiweyiNkosi,Nonkululeko,Male,1991-09-12,34,Permanent Resident,Malawi,44486858,Asylum Seeker Permit,2024-02-28,2026-02-27,ASP31097,Application Submitted,0.57,olwethu55@net,(792)925-7856,"805 George Isitaladi, iKapa, 3629",Randfontein,Eastern Cape,5442,Oncologist,Zulu,17
'PR66618509,Thabisa,Ncusi,Female,1990-04-14,35,Citizen,Eswatini,88886448,Study Visa,2022-11-01,2032-10-29,PER87592,N/A,0.72,jelemzamo@net,691.362.0356x632,"4871 Walter Sisulu Indlela, Stellenbosch, 5965",Sasolburg,Mpumalanga,1652,Insurance account manager,Zulu,2
'PR46674372,Gugulethu,Mpungose,Female,2004-09-11,21,Citizen,Tanzania,88851862,Retirement Visa,2024-07-31,2034-07-29,PER64217,N/A,0.66,sondinilungile@net,620.956.8840,"541 King Indawo, Tembisa, 2200",Mbombela,Mpumalanga,5035,Dentist,Zulu,6
'8501257765092,SimphiweyiNkosi,Ngotsha,Male,1985-01-25,40,Citizen,South Africa,46101051,N/A,N/A,N/A,N/A,N/A,0.79,mayiselondiwe@za.net,726.234.4268x317,"857 Napier Indlela, Vanderbijlpark, 8379",Krugersdorp,Limpopo,4367,Management consultant,Zulu,N/A
'PR18289364,Minenhle,Guma,Male,1992-04-07,33,Citizen,Lesotho,89911187,Retirement Visa,2023-06-06,2033-06-03,PER61971,N/A,0.93,nonyanaandile@org,(617)996-8693x45975,"4415 High Isitaladi, Soweto, 8831",Sasolburg,North West,7670,"Engineer, electronics",Zulu,11
'AS144098,Sibusiso,Mngadi,Male,2003-01-24,22,Temporary Visa,Botswana,BO725769,Asylum Seeker Permit,2023-04-22,2025-04-21,ASP95852,Under Review,0.78,sibongile66@org,815-689-7773x756,"448 Victoria Isitaladi, Mbombela, 6219",Thohoyandou,Western Cape,2874,Neurosurgeon,Zulu,17
'6510257339034,Lwandile,Ngcamane,Male,1965-10-25,59,Citizen,South Africa,90493136,N/A,N/A,N/A,N/A,N/A,0.75,zmthanti@africa.com,651-659-5963,"83 Nelson Mandela Ithafa, uMgungundlovu, 6342",Rustenburg,Western Cape,8761,Medical technical officer,Zulu,N/A
'6708024233076,Thembekile,Jamile,Female,1967-08-02,58,Citizen,South Africa,78474099,N/A,N/A,N/A,N/A,N/A,0.98,ihlabisa@africa.com,335.871.9942,"649 Napier Indawo, Uitenhage, 9241",Middelburg,North West,5489,Retail buyer,Zulu,N/A
'8310269403074,Mthokozisi,Ncanana,Male,1983-10-26,41,Citizen,South Africa,84499965,N/A,N/A,N/A,N/A,N/A,0.8,chibiluyanda@za.net,340-283-0402x444,"97 Somerset Umgwaqo, eGoli, 7161",Bethlehem,Gauteng,1802,Commissioning editor,Zulu,N/A
'0511134211001,Nomvula,Mlangatshe,Female,2005-11-13,19,Permanent Resident,South Africa,13690324,N/A,N/A,N/A,N/A,N/A,0.93,tnyembe@africa.com,228.314.9333,"579 Cecil Indawo, Bethlehem, 4760",Chatsworth,Western Cape,3968,Sales executive,Zulu,N/A
'8903031177017,Bhekokwakhe,Simelane,Female,1989-03-03,36,Asylum Seeker,South Africa,45462103,N/A,N/A,N/A,N/A,N/A,0.87,minenhlemanzi@za.net,001-368-968-9107x44176,"99 Stanley Umgwaqo, Kimberley, 8178",Vanderbijlpark,KwaZulu-Natal,6171,Technical brewer,Zulu,N/A
'5201263194005,Nomcebo,Shabalala,Female,1952-01-26,73,Permanent Resident,South Africa,75472394,N/A,N/A,N/A,N/A,N/A,0.92,mzamomyeza@co.za,001-258-404-2910,"2317 Churchill Umgwaqo, uMgungundlovu, 7686",Vereeniging,Northern Cape,7800,Maintenance engineer,Zulu,N/A
'TV97671,Musa,Phakathi,Male,1999-12-04,25,Citizen,Somalia,29858898,Corporate Visa,2025-02-04,2026-01-05,VIS64394,N/A,0.69,gugumboko@org,947.680.8212x6004,"325 Elizabeth Umgwaqo, Sasolburg, 3499",Chatsworth,Limpopo,4839,"Engineer, drilling",Zulu,13
'4803107254091,Bhekani,Sembathwa,Male,1948-03-10,77,Citizen,South Africa,13235011,N/A,N/A,N/A,N/A,N/A,0.99,dthabizolo@co.za,(501)601-6545x646,"470 Long Indawo, Chatsworth, 2030",iBhayi,KwaZulu-Natal,1481,Private music teacher,Zulu,N/A
'PR11899161,Auguste,Lebon,Male,1986-12-13,38,Citizen,United States,226307612,Business Visa,2024-04-15,2034-04-13,PER34001,N/A,0.84,marcel37@us.com,0188254528,"7, chemin de Blanchard, 57756 MarionVille",Léger,Gauteng,05774,employé de chai,French,15
'5304186464094,Mcebisi,Shabalala,Male,1953-04-18,72,Temporary Visa,South Africa,98731271,N/A,N/A,N/A,N/A,N/A,0.91,wmondise@co.za,7744058297,"615 Elizabeth Indawo, Bloemfontein, 3956",Upington,KwaZulu-Natal,5961,Sports administrator,Zulu,N/A
'PR10000640,Eduarda,Marques,Female,2005-04-29,20,Citizen,Mozambique,MO244408,Corporate Visa,2022-10-29,2032-10-26,PER36476,N/A,0.62,joao74@mozambique.com,930 371 471,"Avenida Barbosa, 41, 6019-054 Viseu",Ovar,Limpopo,5756-342,Artesão de artigos em madeira,Portuguese,4
'4208294747014,Nomagugu,Dukada,Female,1942-08-29,83,Citizen,South Africa,13174557,N/A,N/A,N/A,N/A,N/A,0.82,nzuzanozibusiso@co.za,513-270-6193x8873,"9616 Voortrekker Indawo, Potchefstroom, 2022",eGoli,Eastern Cape,4996,Community education officer,Zulu,N/A
'5903186507065,Siyabonga,Mangethe,Male,1959-03-18,66,Citizen,South Africa,92005916,N/A,N/A,N/A,N/A,N/A,0.91,mdakanethandeka@africa.com,5945809926,"4506 Long Isitaladi, uMgungundlovu, 5588",eGoli,Eastern Cape,2823,Hospital doctor,Zulu,N/A
'8304207062005,Langalibalele,Nhleko,Male,1983-04-20,42,Citizen,South Africa,39656288,N/A,N/A,N/A,N/A,N/A,0.75,noxolombekwa@africa.com,+1-513-459-0884x26308,"6657 Walter Sisulu Isitaladi, Bloemfontein, 7737",Welkom,Gauteng,7804,Translator,Zulu,N/A
'4805314989065,Nozibusiso,Mvubu,Female,1948-05-31,77,Citizen,South Africa,22947787,N/A,N/A,N/A,N/A,N/A,0.79,nozibusiso81@africa.com,001-546-802-6215x57070,"230 Commissioner Indlela, iKapa, 3007",iKapa,Western Cape,6121,"Embryologist, clinical",Zulu,N/A
'6911051091017,Thuthukile,Maluleka,Female,1969-11-05,55,Citizen,South Africa,73738933,N/A,N/A,N/A,N/A,N/A,0.88,mandlakhesiwele@africa.com,+1-502-558-3834x77835,"5185 Church Indawo, Vereeniging, 3467",Uitenhage,Northern Cape,8364,Financial planner,Zulu,N/A
'5505289499033,Musa,Mwelase,Male,1955-05-28,70,Citizen,South Africa,26371395,N/A,N/A,N/A,N/A,N/A,0.93,siphesihlenondaba@co.za,001-712-628-8922x1639,"335 President Umgwaqo, Paarl, 7015",Stellenbosch,North West,7341,Visual merchandiser,Zulu,N/A
'TV58073,勇,刘,Male,1998-07-22,27,Temporary Visa,China,75749660,Business Visa,2023-08-17,2025-04-24,VIS13916,N/A,0.59,baichao@com.cn,13526412435,海南省玉县永川合肥街R座 394919,长沙县,Free State,846028,总工程师/副总工程师,Mandarin,19
'AS977615,Zibuyile,Mshiyane,Female,1983-11-19,41,Citizen,Zimbabwe,ZI796045,Asylum Seeker Permit,2024-11-11,2026-11-11,ASP31000,Under Review,0.51,amahle95@co.zw,(401)588-6088x8450,"95 Joseph Umgwaqo, Springs, 6657",Bloemfontein,Northern Cape,8371,Clinical biochemist,Zulu,9
