ID Number,First Name,Last Name,Gender,Date of Birth,Age,Immigration Status,Country of Origin,Passport Number,Visa Type,Visa Issue Date,Visa Expiry Date,Permit Number,Asylum Status,Email,Phone Number,Address,City,Province,Postal Code,Occupation,Language,Years in SA
'PR61328691,Sphiwe,Somfula,Male,1997-12-08,27,Temporary Visa,Zambia,43126403,Retirement Visa,2024-08-26,2034-08-24,PER39089,N/A,gugudimbane@net,2207581127,"2660 Paul Kruger Indawo, Boksburg, 4604",Vereeniging,North West,1025,Barrister's clerk,Zulu,7
'4110156027028,Siyabonga,Sondisa,Male,1941-10-15,83,Citizen,South Africa,29758487,N/A,N/A,N/A,N/A,N/A,thandekamangede@africa.com,+1-987-722-5967x22599,"169 Charles Umgwaqo, Musina, 1669",uMgungundlovu,KwaZulu-Natal,7656,"Biochemist, clinical",Zulu,N/A
'6909301967070,Thembile,Gabhezi,Female,1969-09-30,55,Citizen,South Africa,90044260,N/A,N/A,N/A,N/A,N/A,sphiwemaphalala@africa.com,+1-528-770-3004x95254,"5399 West Indawo, uMgungundlovu, 5002",Kathu,North West,6075,Control and instrumentation engineer,Zulu,N/A
'8108154728006,Zibuyile,Nkumane,Female,1981-08-15,44,Citizen,South Africa,95852018,N/A,N/A,N/A,N/A,N/A,jamilesihawukele@africa.com,001-484-683-2825,"432 Main Indawo, Bloemfontein, 3585",iKapa,Western Cape,5330,Water quality scientist,Zulu,N/A
'5305040129030,Olwethu,Mashiya,Female,1953-05-04,72,Citizen,South Africa,33705827,N/A,N/A,N/A,N/A,N/A,kndonga@africa.com,001-254-878-3295x27556,"77 Victoria Umgwaqo, Newcastle, 4452",Sasolburg,Western Cape,4440,Astronomer,Zulu,N/A
'6204243107009,Thandiwe,Nhlane,Female,1962-04-24,63,Citizen,South Africa,58052310,N/A,N/A,N/A,N/A,N/A,nothando33@africa.com,404.309.5280,"33 Queen Indawo, Musina, 6876",Paarl,Free State,2443,Sports coach,Zulu,N/A
'7209158992089,Njabulo,Guma,Male,1972-09-15,52,Citizen,South Africa,58485067,N/A,N/A,N/A,N/A,N/A,tfakude@co.za,873-947-8333,"576 James Isitaladi, Soweto, 2668",Bloemfontein,Free State,1987,Therapeutic radiographer,Zulu,N/A
'8106085909069,Mcebisi,Nombela,Male,1981-06-08,44,Permanent Resident,South Africa,41343766,N/A,N/A,N/A,N/A,N/A,mnqobikhwane@co.za,(309)660-4604,"43 Stanley Isitaladi, Mbombela, 4034",Middelburg,Free State,7155,"Administrator, education",Zulu,N/A
'9306277891028,Thalente,Xolo,Male,1993-06-27,32,Citizen,South Africa,20986610,N/A,N/A,N/A,N/A,N/A,xulumthokozisi@za.net,425.463.6653,"684 York Indawo, Paarl, 7613",Stellenbosch,Free State,8130,Teaching laboratory technician,Zulu,N/A
'AS822457,Thembisile,Shabalala,Female,1993-11-06,31,Citizen,Ethiopia,51120097,Asylum Seeker Permit,2025-08-06,2027-08-06,ASP64278,Appeal Pending,gugumngadi@org,001-987-555-2846x09174,"8149 Napier Indawo, Benoni, 6451",eThekwini,KwaZulu-Natal,5584,Control and instrumentation engineer,Zulu,20
'8501184148018,Zakhele,Goba,Female,1985-01-18,40,Citizen,South Africa,51567629,N/A,N/A,N/A,N/A,N/A,nomathalente16@co.za,9108250855,"4603 Victoria Isitaladi, Bethlehem, 5908",Welkom,North West,4251,Occupational hygienist,Zulu,N/A
'AS905921,Njabulo,Mdladla,Male,1993-03-06,32,Citizen,Eswatini,62477386,Asylum Seeker Permit,2024-05-15,2026-05-15,ASP77799,Rejected,nhlanhla75@org,+1-832-632-2819x3258,"528 Thomas Ithafa, Benoni, 3393",Middelburg,Mpumalanga,6384,Trading standards officer,Zulu,5
'7012082705073,Londiwe,Ndawo,Female,1970-12-08,54,Citizen,South Africa,38377214,N/A,N/A,N/A,N/A,N/A,jabulanimbulazi@co.za,001-735-412-5922x9862,"426 Oxford Indawo, Polokwane, 1578",Polokwane,KwaZulu-Natal,5880,Structural engineer,Zulu,N/A
'4905135254017,Mthokozisi,Phikela,Male,1949-05-13,76,Citizen,South Africa,10404691,N/A,N/A,N/A,N/A,N/A,yngema@za.net,+1-460-945-4275,"49 President Indawo, Upington, 3954",Stellenbosch,Northern Cape,2404,Forensic scientist,Zulu,N/A
'9812069111094,Siyabonga,Msweli,Male,1998-12-06,26,Citizen,South Africa,36641018,N/A,N/A,N/A,N/A,N/A,ndimandesandile@co.za,(716)850-8365,"475 Church Isitaladi, Rustenburg, 6120",eThekwini,North West,9306,Health visitor,Zulu,N/A
'5709083178017,Thuthukile,Gabela,Female,1957-09-08,68,Temporary Visa,South Africa,79183895,N/A,N/A,N/A,N/A,N/A,nonkosimusa@za.net,579.257.6765x503,"12 High Isitaladi, Stellenbosch, 3872",Kathu,Free State,8427,Oncologist,Zulu,N/A
'5310046873010,Mlungisi,Gebashe,Male,1953-10-04,71,Citizen,South Africa,96369747,N/A,N/A,N/A,N/A,N/A,dumisani42@co.za,587.871.9580x19212,"7704 James Isitaladi, Musina, 2797",Middelburg,KwaZulu-Natal,3799,Manufacturing systems engineer,Zulu,N/A
'4301100143022,Thuthukile,Jili,Female,1943-01-10,82,Citizen,South Africa,74140716,N/A,N/A,N/A,N/A,N/A,zinhle18@za.net,+1-331-863-1138x52782,"38 King Umgwaqo, Vanderbijlpark, 8988",Boksburg,Gauteng,8168,Social worker,Zulu,N/A
'AS639877,Gugulethu,Gabhisa,Female,1989-01-21,36,Citizen,Ghana,G1541059,Asylum Seeker Permit,2022-12-06,2024-12-05,ASP60382,Appeal Pending,zakhele20@com.gh,486-744-0553,"957 Clarence Indawo, Chatsworth, 2794",Welkom,Gauteng,8868,Marine scientist,Zulu,16
'7109193655035,Thabisa,Gasela,Female,1971-09-19,53,Citizen,South Africa,43570930,N/A,N/A,N/A,N/A,N/A,nomasonto90@za.net,922-800-9787x57226,"203 Queen Indlela, Chatsworth, 3502",Middelburg,Limpopo,3367,Civil Service fast streamer,Zulu,N/A
'9903083431011,Thabisile,Mlangatshe,Female,1999-03-08,26,Citizen,South Africa,82693787,N/A,N/A,N/A,N/A,N/A,musa02@za.net,001-631-791-9442x712,"47 High Umgwaqo, Sasolburg, 7669",Springs,North West,5745,"Geneticist, molecular",Zulu,N/A
'9701150726032,Nomagugu,Phoseka,Female,1997-01-15,28,Citizen,South Africa,60419781,N/A,N/A,N/A,N/A,N/A,mabangasimphiwe@za.net,(487)995-6574,"40 Walter Sisulu Isitaladi, Polokwane, 3756",Witbank,Northern Cape,1018,Probation officer,Zulu,N/A
'6611217777071,Siyabonga,Mwelase,Male,1966-11-21,58,Permanent Resident,South Africa,80643752,N/A,N/A,N/A,N/A,N/A,sfisodludla@co.za,514-363-0440,"423 Thomas Indawo, Kimberley, 9588",Upington,Gauteng,3445,"Copywriter, advertising",Zulu,N/A
'5503218065080,Thalente,Dingila,Male,1955-03-21,70,Citizen,South Africa,14355946,N/A,N/A,N/A,N/A,N/A,msibithabisa@za.net,(293)603-2036x32339,"3424 Napier Ithafa, Stellenbosch, 4094",Vanderbijlpark,Gauteng,7308,Risk analyst,Zulu,N/A
'9608182236024,Nqobizitha,Wanda,Female,1996-08-18,29,Temporary Visa,South Africa,61342253,N/A,N/A,N/A,N/A,N/A,hlatshwayosiphesihle@co.za,001-737-887-4811,"6678 Stanley Umgwaqo, Newcastle, 8164",Klerksdorp,Eastern Cape,7233,Health service manager,Zulu,N/A
'5202262116010,Nozibusiso,Mqadi,Female,1952-02-26,73,Permanent Resident,South Africa,87588442,N/A,N/A,N/A,N/A,N/A,tsiyeshe@za.net,439.216.2134,"277 Grey Indlela, Springs, 1496",Thohoyandou,Gauteng,8290,Customer service manager,Zulu,N/A
'6006058120007,Zenzele,Madi,Male,1960-06-05,65,Temporary Visa,South Africa,86743002,N/A,N/A,N/A,N/A,N/A,mzamo34@africa.com,(864)726-3392x2195,"9048 Jan Smuts Isitaladi, Vanderbijlpark, 8554",Witbank,Free State,2635,"Biochemist, clinical",Zulu,N/A
'6503089187046,Andile,Ayize,Male,1965-03-08,60,Citizen,South Africa,69222624,N/A,N/A,N/A,N/A,N/A,emageba@africa.com,(552)296-4897x42078,"8378 Stanley Ithafa, Polokwane, 2229",Sasolburg,Limpopo,3044,Visual merchandiser,Zulu,N/A
'PR49390383,Zenzile,Nhlabathi,Female,1986-03-16,39,Citizen,Malawi,72229045,Work Visa,2022-10-04,2032-10-01,PER32277,N/A,sihawukele49@com,001-395-837-4141,"49 Adelaide Ithafa, Stellenbosch, 2397",Welkom,North West,1534,Proofreader,Zulu,16
'PR15695884,Karl-Jürgen,Weller,Male,1975-06-16,50,Citizen,Germany,908591255,Corporate Visa,2024-02-16,2034-02-13,PER75590,N/A,lindnerclara@de,(07351) 45585,"Marion-Misicher-Weg 57, 75273 Heinsberg",Pritzwalk,Western Cape,70288,Forstwirt,German,11
'7405116825039,Siyabonga,Sibiya,Male,1974-05-11,51,Temporary Visa,South Africa,98818378,N/A,N/A,N/A,N/A,N/A,mlotshwasimphiwe@za.net,001-235-400-1255,"248 Main Ithafa, Krugersdorp, 5550",Witbank,North West,3130,Quarry manager,Zulu,N/A
'9308093677057,Zibuyile,Thwala,Female,1993-08-09,32,Temporary Visa,South Africa,73552863,N/A,N/A,N/A,N/A,N/A,myezazibuyile@co.za,(298)316-9579,"576 Joseph Indawo, Mbombela, 4270",Vereeniging,Northern Cape,4158,Astronomer,Zulu,N/A
'6505225250044,Bhekani,Hlumakazi,Male,1965-05-22,60,Asylum Seeker,South Africa,76409627,N/A,N/A,N/A,N/A,N/A,lsikhakhane@africa.com,331-470-6704x27346,"967 York Isitaladi, eThekwini, 8825",Polokwane,Free State,7818,Systems developer,Zulu,N/A
'0008285428086,Sibonelo,Mabhodla,Male,2000-08-28,25,Temporary Visa,South Africa,87143587,N/A,N/A,N/A,N/A,N/A,nyembebandile@co.za,001-510-632-4456,"229 Edward Indlela, eGoli, 5747",Potchefstroom,Limpopo,9330,Research scientist (life sciences),Zulu,N/A
'8811268304057,Thabani,Makhoba,Male,1988-11-26,36,Temporary Visa,South Africa,10832515,N/A,N/A,N/A,N/A,N/A,nomcebo68@za.net,001-255-650-9132x6779,"8283 Smith Ithafa, Soweto, 1918",Krugersdorp,Eastern Cape,8542,Television/film/video producer,Zulu,N/A
'4708219761050,Mandlakhe,Mtimande,Male,1947-08-21,78,Citizen,South Africa,48305818,N/A,N/A,N/A,N/A,N/A,gcugcwanomalanga@za.net,(221)725-2108,"169 James Ithafa, Krugersdorp, 9366",Soweto,KwaZulu-Natal,2267,"Administrator, local government",Zulu,N/A
'5002226010024,Bhekani,Njiki,Male,1950-02-22,75,Citizen,South Africa,96507615,N/A,N/A,N/A,N/A,N/A,hjobe@za.net,936.567.4574x945,"195 West Ithafa, Chatsworth, 7843",George,North West,1975,Financial adviser,Zulu,N/A
'AS469361,दीपाली,वेंकटएसन,Female,1990-01-11,35,Citizen,India,29922138,Asylum Seeker Permit,2022-12-03,2024-12-02,ASP81478,Appeal Pending,stiish80@india.com,+91 5606056588,"9114 त्रिवेदी, अलीगढ 538036",विस्तारण,Eastern Cape,464439,Chartered loss adjuster,Hindi,9
'4008160925088,Thuthukile,Hlabisa,Female,1940-08-16,85,Citizen,South Africa,26392782,N/A,N/A,N/A,N/A,N/A,mkhatshwanozibusiso@za.net,955.299.2657,"631 Paul Kruger Ithafa, Centurion, 2119",Mbombela,Eastern Cape,5657,Printmaker,Zulu,N/A
'7512188221093,Zenzele,Hlengwa,Male,1975-12-18,49,Permanent Resident,South Africa,80248888,N/A,N/A,N/A,N/A,N/A,hthoyana@za.net,346-711-9614,"26 Paul Kruger Ithafa, Mbombela, 7752",Thohoyandou,Limpopo,9624,Operational researcher,Zulu,N/A
'8102119541019,Mzamo,Phetha,Male,1981-02-11,44,Citizen,South Africa,91110269,N/A,N/A,N/A,N/A,N/A,nontulinhlanhla@africa.com,333-855-7993,"73 Joseph Indlela, eThekwini, 2990",Welkom,Western Cape,9341,Sports coach,Zulu,N/A
'4510058710085,Bandile,Sabela,Male,1945-10-05,79,Citizen,South Africa,22166520,N/A,N/A,N/A,N/A,N/A,gugulethu03@africa.com,321-948-5526,"169 Long Umgwaqo, Sasolburg, 8852",Benoni,Northern Cape,6653,Public relations officer,Zulu,N/A
'8610058049005,Lwandile,Mlangeni,Male,1986-10-05,38,Permanent Resident,South Africa,12403206,N/A,N/A,N/A,N/A,N/A,mnqobi24@co.za,776-927-9044,"568 Queen Indlela, Kathu, 8269",George,Mpumalanga,1835,Chief Financial Officer,Zulu,N/A
'7012185003066,Langalibalele,Khosini,Male,1970-12-18,54,Citizen,South Africa,24159176,N/A,N/A,N/A,N/A,N/A,nqobizithaxolo@africa.com,001-218-760-8415x2904,"130 Frere Isitaladi, Vanderbijlpark, 5053",Mbombela,Gauteng,8862,Information systems manager,Zulu,N/A
'8309037221027,Mzamo,Sondini,Male,1983-09-03,42,Temporary Visa,South Africa,77408758,N/A,N/A,N/A,N/A,N/A,khonjwayomthokozisi@co.za,438-342-6414x2843,"5537 Prince Ithafa, Randfontein, 7909",Chatsworth,Free State,2440,Television/film/video producer,Zulu,N/A
'6309101599008,Nokulunga,Nombhoco,Female,1963-09-10,62,Asylum Seeker,South Africa,44615236,N/A,N/A,N/A,N/A,N/A,nomathembaphewa@co.za,590-225-8337,"885 Charles Indlela, Uitenhage, 9091",Uitenhage,Free State,7050,Writer,Zulu,N/A
'PR95519336,Mcebisi,Phewa,Male,1998-01-02,27,Citizen,Kenya,K7693421,Business Visa,2025-06-23,2035-06-21,PER34980,N/A,nozibusiso02@co.ke,+1-201-699-3313x93683,"86 Church Indlela, Newcastle, 6726",Centurion,Northern Cape,4904,"Teacher, secondary school",Zulu,17
'5507217127034,Siyabonga,Mhlungu,Male,1955-07-21,70,Citizen,South Africa,28500689,N/A,N/A,N/A,N/A,N/A,msamkhulunomusa@co.za,+1-258-471-5890x43708,"75 Joseph Isitaladi, Kimberley, 8532",Sasolburg,KwaZulu-Natal,2416,Commercial horticulturist,Zulu,N/A
'PR95377126,Sibonelo,Magutshwa,Male,1977-01-02,48,Citizen,Lesotho,67683101,Relative's Visa,2022-11-11,2032-11-08,PER93064,N/A,nomthandazomlawula@net,878.808.9784x07781,"5358 Elizabeth Indlela, Tembisa, 3760",Randfontein,Eastern Cape,9959,Communications engineer,Zulu,2
'0204290951035,Thembeka,Ntshangase,Female,2002-04-29,23,Asylum Seeker,South Africa,18983485,N/A,N/A,N/A,N/A,N/A,londisizwe47@africa.com,5143649417,"9417 Grey Indawo, Witbank, 3706",Klerksdorp,Eastern Cape,3766,"Programmer, applications",Zulu,N/A
'0206096713023,Mandlakhe,Sishi,Male,2002-06-09,23,Citizen,South Africa,69354998,N/A,N/A,N/A,N/A,N/A,qmangena@za.net,+1-248-326-2962x537,"884 Joseph Ithafa, Welkom, 1486",iBhayi,Northern Cape,4736,Tourism officer,Zulu,N/A
'7307100090053,Sibusisiwe,Dinabantu,Female,1973-07-10,52,Citizen,South Africa,99136029,N/A,N/A,N/A,N/A,N/A,nhlanhla62@africa.com,363.911.7907x23157,"2736 Joseph Indawo, Bloemfontein, 2004",Kimberley,North West,1757,Sales promotion account executive,Zulu,N/A
'4811252830086,Londisizwe,Goba,Female,1948-11-25,76,Citizen,South Africa,65720859,N/A,N/A,N/A,N/A,N/A,sibonelompila@co.za,535.818.5413x589,"7277 Rivonia Umgwaqo, Bloemfontein, 2397",Centurion,Northern Cape,2205,"Conservator, furniture",Zulu,N/A
'5901309958047,Sandile,Mnyamande,Male,1959-01-30,66,Permanent Resident,South Africa,75119580,N/A,N/A,N/A,N/A,N/A,qmphazima@africa.com,445-217-8137,"56 Grey Indlela, Mbombela, 7236",Uitenhage,Northern Cape,3008,Location manager,Zulu,N/A
'TV86073,Robert,David,Male,1992-11-12,32,Asylum Seeker,France,842143140,Relative's Visa,2023-07-05,2026-01-08,VIS97431,N/A,caroline78@france.com,03 89 75 28 47,"228, rue Potier, 07875 Georges",TraoreVille,Northern Cape,20853,animateur du patrimoine,French,10
'TV29967,Nomalanga,Dumakude,Female,1999-05-22,26,Citizen,Zimbabwe,ZI463928,Retirement Visa,2025-05-14,2027-08-24,VIS17223,N/A,thabani19@co.zw,(562)872-3448x819,"971 Thomas Indawo, Benoni, 2565",Sasolburg,Western Cape,4240,"Production designer, theatre/television/film",Zulu,14
'5105285657002,Sphiwe,Nhlanhlampofu,Male,1951-05-28,74,Citizen,South Africa,79280363,N/A,N/A,N/A,N/A,N/A,ngubenisiphesihle@africa.com,+1-409-222-1515x248,"43 Oxford Indawo, Stellenbosch, 7207",Vanderbijlpark,Western Cape,4797,Network engineer,Zulu,N/A
'7002031680013,Nokulunga,Mcwaye,Female,1970-02-03,55,Permanent Resident,South Africa,88986507,N/A,N/A,N/A,N/A,N/A,bhekizizwe98@za.net,001-379-278-4591x8757,"748 Gandhi Ithafa, Tembisa, 3328",Musina,KwaZulu-Natal,7454,"Research officer, political party",Zulu,N/A
'PR39226682,Mthokozisi,Nonkululeko,Male,2003-09-22,21,Citizen,Ethiopia,59150725,Business Visa,2025-01-11,2035-01-09,PER69106,N/A,thando76@com,405.263.9905,"2269 James Indlela, Thohoyandou, 9655",Welkom,North West,4287,Clinical research associate,Zulu,20
'8012298846010,Nhlanhla,Mbuyazi,Male,1980-12-29,44,Permanent Resident,South Africa,11148449,N/A,N/A,N/A,N/A,N/A,yeyeyenomthandazo@co.za,942.556.4503,"79 Milner Umgwaqo, eThekwini, 2235",Boksburg,Eastern Cape,3519,Chartered accountant,Zulu,N/A
'5811082099039,Nomathemba,Nsibande,Female,1958-11-08,66,Permanent Resident,South Africa,33211699,N/A,N/A,N/A,N/A,N/A,imbulaze@co.za,(469)483-6413x8387,"2156 Churchill Umgwaqo, Mahikeng, 3355",Krugersdorp,Mpumalanga,7865,Sport and exercise psychologist,Zulu,N/A
'TV22332,Gugulethu,Gubhela,Female,1987-06-05,38,Citizen,Ghana,G9033289,Corporate Visa,2023-05-26,2025-11-26,VIS31511,N/A,ndinisazinhle@com.gh,+1-910-571-1232,"7822 High Indawo, Stellenbosch, 7797",Chatsworth,Limpopo,2562,"Pilot, airline",Zulu,5
'PR10606637,Sibusiso,Amahle,Male,2001-10-13,23,Permanent Resident,Zambia,58657695,Corporate Visa,2025-02-24,2035-02-22,PER45580,N/A,bhekokwakhe15@org,001-550-702-7657,"59 Nelson Mandela Isitaladi, iBhayi, 4906",Newcastle,North West,1067,Armed forces operational officer,Zulu,2
'9712012632005,Zenzile,Mgenge,Female,1997-12-01,27,Citizen,South Africa,73026037,N/A,N/A,N/A,N/A,N/A,kkhaba@co.za,493-582-9000x310,"68 Nelson Mandela Indawo, Soweto, 5033",Mahikeng,Western Cape,9783,Psychiatrist,Zulu,N/A
'4205109414072,Thando,Fanisa,Male,1942-05-10,83,Citizen,South Africa,91793755,N/A,N/A,N/A,N/A,N/A,rnsele@co.za,(480)899-6640,"9937 Long Isitaladi, Benoni, 8761",Upington,Northern Cape,4493,Media planner,Zulu,N/A
'4011245048000,Sibonelo,Shombela,Male,1940-11-24,84,Citizen,South Africa,79264331,N/A,N/A,N/A,N/A,N/A,gebhezithalente@africa.com,284.798.5980x47611,"449 Short Umgwaqo, Sasolburg, 6857",Springs,Gauteng,8697,Energy engineer,Zulu,N/A
'8906283875033,Gugulethu,Mphemba,Female,1989-06-28,36,Citizen,South Africa,11708151,N/A,N/A,N/A,N/A,N/A,kholoselangalibalele@za.net,(769)570-0654,"680 Jan Smuts Ithafa, Witbank, 1453",Centurion,Northern Cape,5538,Logistics and distribution manager,Zulu,N/A
'PR95835675,Mandla,Shange,Male,1984-10-20,40,Citizen,Malawi,62129532,Relative's Visa,2022-12-29,2032-12-26,PER28861,N/A,nhlanhladimbane@net,+1-868-426-9914x36251,"626 Joseph Ithafa, Springs, 2417",Paarl,Mpumalanga,8578,Field trials officer,Zulu,16
'PR30028712,Thandazile,Thusi,Female,1996-12-29,28,Citizen,Tanzania,34757063,Retirement Visa,2025-04-01,2035-03-30,PER13837,N/A,njabulo20@com,570.421.9311x634,"660 Rivonia Ithafa, uMgungundlovu, 3841",Boksburg,Northern Cape,3400,Geophysicist/field seismologist,Zulu,12
'5608121925072,Zinhle,Mgabadeli,Female,1956-08-12,69,Citizen,South Africa,99479882,N/A,N/A,N/A,N/A,N/A,hmakhedama@za.net,+1-715-729-2799x4395,"3789 West Indlela, George, 7200",Upington,Eastern Cape,8850,Armed forces logistics/support/administrative officer,Zulu,N/A
'5004257641079,Siyabonga,Chibi,Male,1950-04-25,75,Temporary Visa,South Africa,93617158,N/A,N/A,N/A,N/A,N/A,mvuyanasiphesihle@co.za,8845172240,"39 Frere Umgwaqo, iKapa, 6995",Vanderbijlpark,Limpopo,7377,Tree surgeon,Zulu,N/A
'TV90237,Jacques,Navarro,Male,2003-04-19,22,Citizen,United States,353722409,Corporate Visa,2025-06-13,2025-10-02,VIS93568,N/A,le-rouxtimothee@us.com,+33 2 18 31 61 00,"60, boulevard Victoire Lévy, 20805 Saint Bernadette",Pons,North West,19124,étanchéiste,French,20
'TV24030,Zibuyile,Mlangatshe,Female,1983-02-11,42,Temporary Visa,Tanzania,89977770,Relative's Visa,2025-05-16,2026-01-25,VIS24588,N/A,mahlinzasimphiwe@org,(539)337-2958x36424,"26 Elizabeth Indlela, Vereeniging, 9434",Newcastle,Free State,7935,"Engineer, manufacturing systems",Zulu,16
'7108176063095,Nhlanhla,Khaphela,Male,1971-08-17,54,Citizen,South Africa,77992880,N/A,N/A,N/A,N/A,N/A,nokulungamabhodla@co.za,991-260-2885,"560 Cecil Isitaladi, Chatsworth, 6116",Thohoyandou,Limpopo,2463,"Journalist, magazine",Zulu,N/A
'8904288563073,Andile,Mahamba,Male,1989-04-28,36,Citizen,South Africa,43160168,N/A,N/A,N/A,N/A,N/A,tdubazane@co.za,290.200.4945x80222,"856 West Indlela, Centurion, 8546",iKapa,North West,1337,Armed forces training and education officer,Zulu,N/A
'9903240709067,Zakhele,Mshibe,Female,1999-03-24,26,Citizen,South Africa,47205536,N/A,N/A,N/A,N/A,N/A,ombotho@co.za,(336)302-1575x532,"290 Thomas Indawo, Soweto, 9981",Kathu,Gauteng,8631,Administrator,Zulu,N/A
'0511122795046,Thandiwe,Mafobo,Female,2005-11-12,19,Citizen,South Africa,42091571,N/A,N/A,N/A,N/A,N/A,kmtumaseli@africa.com,(687)599-6365x619,"785 High Isitaladi, Middelburg, 5168",Benoni,North West,1803,Armed forces training and education officer,Zulu,N/A
'PR84245653,Nomthandazo,Ngubeni,Female,1994-12-10,30,Citizen,Kenya,K1948904,Work Visa,2025-01-01,2034-12-30,PER46354,N/A,sibindinomagugu@co.ke,812-553-7811x766,"8596 Charles Indlela, Bethlehem, 8479",iKapa,Mpumalanga,2837,Customer service manager,Zulu,3
'PR53942350,Bhekizizwe,Msomi,Female,1983-03-13,42,Citizen,Tanzania,59179407,Retirement Visa,2024-06-08,2034-06-06,PER57172,N/A,nmawanda@com,9967694314,"26 Frere Indlela, eThekwini, 5522",Vanderbijlpark,Northern Cape,8331,Amenity horticulturist,Zulu,16
'6409256270004,Thabani,Mhlabandlovu,Male,1964-09-25,60,Permanent Resident,South Africa,18319363,N/A,N/A,N/A,N/A,N/A,nokulunga75@za.net,(432)280-4295,"154 West Indawo, Uitenhage, 2284",Welkom,Western Cape,8041,"Geologist, engineering",Zulu,N/A
'8102153319027,Nozizwe,Dlakela,Female,1981-02-15,44,Permanent Resident,South Africa,74714706,N/A,N/A,N/A,N/A,N/A,ndumisogamede@za.net,228.291.8262x48884,"549 Thomas Indlela, Klerksdorp, 1176",Rustenburg,Eastern Cape,5571,"Psychologist, educational",Zulu,N/A
'8705153004072,Nozizwe,Bophela,Female,1987-05-15,38,Temporary Visa,South Africa,25946882,N/A,N/A,N/A,N/A,N/A,thabisile39@co.za,(432)641-4405x9714,"6712 Voortrekker Isitaladi, Sasolburg, 9502",Thohoyandou,Mpumalanga,7623,Investment analyst,Zulu,N/A
'8610275247064,Mthokozisi,Mbhense,Male,1986-10-27,38,Citizen,South Africa,72657482,N/A,N/A,N/A,N/A,N/A,rcwalile@co.za,993.299.9949x712,"12 Main Indlela, Centurion, 2336",uMgungundlovu,North West,6656,"Accountant, chartered",Zulu,N/A
'7307132239092,Nomathemba,Bhensela,Female,1973-07-13,52,Citizen,South Africa,97429527,N/A,N/A,N/A,N/A,N/A,qdonda@za.net,368-312-8886,"25 Paul Kruger Umgwaqo, Mahikeng, 7415",Vereeniging,Limpopo,5195,Theatre stage manager,Zulu,N/A
'0205174668089,Noxolo,Masuku,Female,2002-05-17,23,Citizen,South Africa,27934435,N/A,N/A,N/A,N/A,N/A,owethumkhokeleleki@za.net,2965129954,"5946 James Indlela, Mbombela, 6052",Bethlehem,Limpopo,3828,Copy,Zulu,N/A
'0006100531082,Silondile,Mabaso,Female,2000-06-10,25,Citizen,South Africa,23244306,N/A,N/A,N/A,N/A,N/A,hsibaya@africa.com,576-272-5630x731,"8381 Commissioner Indlela, Bethlehem, 3281",Randfontein,Western Cape,9824,Forensic psychologist,Zulu,N/A
'6910317505096,Vusumuzi,Ndaba,Male,1969-10-31,55,Citizen,South Africa,85180999,N/A,N/A,N/A,N/A,N/A,nomathembagigaba@africa.com,(424)831-3339x025,"9802 Long Umgwaqo, Mahikeng, 2228",Witbank,Gauteng,7704,Television production assistant,Zulu,N/A
'PR97518283,Thandazile,Nyazitla,Female,1976-07-22,49,Temporary Visa,Kenya,K3817319,Study Visa,2025-01-12,2035-01-10,PER89659,N/A,thalentenala@kenya.com,937.674.6305x219,"8447 Walter Sisulu Umgwaqo, Benoni, 5823",Polokwane,Mpumalanga,9080,Legal secretary,Zulu,10
'6506198781071,Sandile,Duyaza,Male,1965-06-19,60,Citizen,South Africa,48473564,N/A,N/A,N/A,N/A,N/A,qvunisa@za.net,+1-913-515-0948,"536 High Indlela, Soweto, 4699",Kimberley,Limpopo,3691,Quality manager,Zulu,N/A
'PR99757690,िकशोरी,प्रधान,Female,1972-01-07,53,Asylum Seeker,India,57204148,Work Visa,2025-04-25,2035-04-23,PER93367,N/A,hgoyl@india.com,+91 729 9906902,"95/8771 अवन्ती रॉय, देवगढ़ 809335",रानीताल,Free State,779558,Physiological scientist,Hindi,14
'4507290652005,Siphesihle,Mbotho,Female,1945-07-29,80,Citizen,South Africa,15164392,N/A,N/A,N/A,N/A,N/A,zakhele95@co.za,001-264-873-9240x4613,"283 Elizabeth Umgwaqo, Uitenhage, 5026",Rustenburg,Free State,5611,International aid/development worker,Zulu,N/A
'6010311782013,Nothando,Msuthu,Female,1960-10-31,64,Temporary Visa,South Africa,37905914,N/A,N/A,N/A,N/A,N/A,ndumiso29@africa.com,285.234.3443,"31 Gandhi Indawo, Stellenbosch, 6755",Kathu,North West,1863,Educational psychologist,Zulu,N/A
'8810020645097,Nomasonto,Hlomuka,Female,1988-10-02,36,Permanent Resident,South Africa,86391921,N/A,N/A,N/A,N/A,N/A,csabela@co.za,776-432-1826x8121,"125 Edward Indawo, iKapa, 6676",Kathu,North West,8724,Clinical molecular geneticist,Zulu,N/A
'7711285582010,Sibusiso,Manyoni,Male,1977-11-28,47,Citizen,South Africa,62876405,N/A,N/A,N/A,N/A,N/A,thando01@co.za,001-377-903-5160,"3193 Napier Umgwaqo, Polokwane, 3186",Kathu,Western Cape,5024,Writer,Zulu,N/A
'PR22514976,सुनीता,मंडल,Female,1989-02-25,36,Citizen,India,58018082,Critical Skills Visa,2025-04-17,2035-04-15,PER63223,N/A,dcopraa@india.com,01046036911,"7 किरण जेटली, बहादुरगंज-467434",बहादुरगढ,Eastern Cape,932610,"Research officer, political party",Hindi,0
'6211276580079,Sandile,Dlakadla,Male,1962-11-27,62,Permanent Resident,South Africa,16364802,N/A,N/A,N/A,N/A,N/A,noxolo99@co.za,001-759-627-5240x576,"3813 Thomas Indawo, Centurion, 1551",Musina,KwaZulu-Natal,2487,Air cabin crew,Zulu,N/A
'4803133758034,Dumisani,Gabhisa,Female,1948-03-13,77,Citizen,South Africa,77546776,N/A,N/A,N/A,N/A,N/A,tmhayise@africa.com,621-576-4753,"894 Churchill Isitaladi, Vanderbijlpark, 8880",Middelburg,Free State,7418,Camera operator,Zulu,N/A
'PR44784953,Zakhele,Mkhwananzi,Female,1995-07-31,30,Citizen,Ethiopia,28506411,Study Visa,2025-07-22,2035-07-20,PER79108,N/A,bhekisisaxaba@net,7289226418,"703 Walter Sisulu Indlela, Boksburg, 7703",Vereeniging,North West,4181,"Pharmacist, community",Zulu,17
'6901105808016,Mcebisi,Mphemba,Male,1969-01-10,56,Citizen,South Africa,35766965,N/A,N/A,N/A,N/A,N/A,mzukasemthokozisi@co.za,+1-508-415-9601,"8828 York Indawo, Potchefstroom, 1642",George,Northern Cape,4932,"Designer, interior/spatial",Zulu,N/A
'9504188222086,SimphiweyiNkosi,Nzimase,Male,1995-04-18,30,Citizen,South Africa,72567474,N/A,N/A,N/A,N/A,N/A,thando32@africa.com,981-602-2876,"95 Gandhi Indawo, Paarl, 3982",Mahikeng,Western Cape,2241,"Clinical scientist, histocompatibility and immunogenetics",Zulu,N/A
'7408028985013,Minenhle,Sijadu,Male,1974-08-02,51,Asylum Seeker,South Africa,92231543,N/A,N/A,N/A,N/A,N/A,siyabonga92@co.za,001-975-656-2229x7287,"99 Churchill Isitaladi, Springs, 2212",Centurion,Mpumalanga,7072,"Administrator, local government",Zulu,N/A
'7110147493067,Thalente,Majola,Male,1971-10-14,53,Citizen,South Africa,45809893,N/A,N/A,N/A,N/A,N/A,sibusisiwe36@za.net,001-585-444-6691,"9454 Clarence Indlela, Vereeniging, 5666",iKapa,North West,5167,"Designer, jewellery",Zulu,N/A
'6112125117003,S'fiso,Gubeshe,Male,1961-12-12,63,Citizen,South Africa,65004754,N/A,N/A,N/A,N/A,N/A,imakhunga@co.za,637-529-5268,"7845 Thomas Ithafa, Kathu, 5290",Thohoyandou,Eastern Cape,1091,"Librarian, academic",Zulu,N/A
'9209021119060,Thandeka,Vilakazi,Female,1992-09-02,33,Citizen,South Africa,11976903,N/A,N/A,N/A,N/A,N/A,bhekisisa90@africa.com,815.516.3373x6775,"98 Commissioner Indlela, uMgungundlovu, 1058",Thohoyandou,KwaZulu-Natal,9326,Geographical information systems officer,Zulu,N/A
'TV89384,Roger,Vallée,Male,1999-03-13,26,Permanent Resident,Democratic Republic of Congo,20663268,Relative's Visa,2024-05-06,2027-04-06,VIS48784,N/A,agarcia@com,+33 4 65 38 78 64,"1, rue Marion, 52625 Petitjean-sur-Leroux",Gayboeuf,Limpopo,95223,technicien d'exploitation du réseau gaz,French,0
'8711062120022,Zakhele,Phingoshe,Female,1987-11-06,37,Citizen,South Africa,81734233,N/A,N/A,N/A,N/A,N/A,silondile86@africa.com,+1-559-740-6198,"187 Thomas Indlela, Vanderbijlpark, 1285",Boksburg,Gauteng,5646,"Scientist, forensic",Zulu,N/A
'PR34617640,Bhekokwakhe,Silangwe,Female,1993-01-04,32,Asylum Seeker,Malawi,17729942,Corporate Visa,2023-06-28,2033-06-25,PER77645,N/A,sishiyaamahle@net,(605)554-5298,"753 West Isitaladi, iKapa, 4427",Musina,Eastern Cape,2428,"Administrator, Civil Service",Zulu,15
'8506099772043,Langalibalele,Mkhatshwa,Male,1985-06-09,40,Citizen,South Africa,69357355,N/A,N/A,N/A,N/A,N/A,mtshalithando@co.za,702.250.6354x93536,"8379 Voortrekker Indawo, Sasolburg, 4221",Paarl,Free State,3216,"Surveyor, quantity",Zulu,N/A
'8601280131013,Nomasonto,Mabizela,Female,1986-01-28,39,Permanent Resident,South Africa,91636015,N/A,N/A,N/A,N/A,N/A,minenhle71@co.za,001-723-711-1124x1949,"57 Edward Umgwaqo, Vereeniging, 1242",Vereeniging,Northern Cape,5957,Web designer,Zulu,N/A
'TV76444,Inès,Bailly,Female,1979-12-30,45,Citizen,France,101092632,Retirement Visa,2025-08-04,2025-11-11,VIS19380,N/A,claudine18@france.com,06 33 59 59 30,"776, avenue de Gaillard, 21597 Saint Joséphine-sur-Mer",Gomes,Northern Cape,18453,ingénieur analogicien analogicienne,French,8
'6802076400096,Lwandile,Duze,Male,1968-02-07,57,Citizen,South Africa,70917202,N/A,N/A,N/A,N/A,N/A,olwethu44@co.za,+1-210-716-9652x18328,"5257 Voortrekker Indlela, Krugersdorp, 6942",Thohoyandou,Mpumalanga,7969,Bookseller,Zulu,N/A
'7805308213036,S'fiso,Dubazane,Male,1978-05-30,47,Citizen,South Africa,35504933,N/A,N/A,N/A,N/A,N/A,gnzima@za.net,+1-682-269-2136x06675,"3531 Commissioner Ithafa, Potchefstroom, 1421",Witbank,Gauteng,8029,"Scientist, water quality",Zulu,N/A
'0510213701083,Thembisile,Hlabisa,Female,2005-10-21,19,Citizen,South Africa,29005141,N/A,N/A,N/A,N/A,N/A,umngadi@za.net,800-643-7253x41402,"1298 Short Indlela, Upington, 8405",Krugersdorp,North West,1517,"Education officer, museum",Zulu,N/A
'5805179452058,Sibusiso,Mahulube,Male,1958-05-17,67,Citizen,South Africa,26634578,N/A,N/A,N/A,N/A,N/A,omqadi@africa.com,773-756-0077,"1799 Queen Umgwaqo, Welkom, 2016",eGoli,KwaZulu-Natal,2478,Ophthalmologist,Zulu,N/A
'7109040013017,Londisizwe,Mahlobo,Female,1971-09-04,54,Permanent Resident,South Africa,11591553,N/A,N/A,N/A,N/A,N/A,ngazithaowethu@za.net,791-859-4410x598,"8935 Stanley Indlela, eGoli, 8520",Centurion,Northern Cape,4790,Public relations officer,Zulu,N/A
'PR20639004,Volker,Blümel,Male,1984-07-03,41,Citizen,Germany,412945549,Critical Skills Visa,2022-09-19,2032-09-16,PER61278,N/A,moechlichenerdogan@de,(02487) 52466,"Barthstraße 672, 75664 Backnang",Mettmann,Limpopo,29652,Forstwirt,German,5
'5006092643017,Nqobizitha,Msani,Female,1950-06-09,75,Temporary Visa,South Africa,33286432,N/A,N/A,N/A,N/A,N/A,thabisileduze@co.za,279-285-7007x7514,"7115 Grey Ithafa, Krugersdorp, 6761",Kimberley,Gauteng,3406,Tourist information centre manager,Zulu,N/A
'6310220972023,Sibusisiwe,Mazalankosi,Female,1963-10-22,61,Asylum Seeker,South Africa,48916536,N/A,N/A,N/A,N/A,N/A,msamkhuluthalente@africa.com,(283)801-1550x21921,"7183 Napier Ithafa, Musina, 2805",Centurion,Free State,5012,Professor Emeritus,Zulu,N/A
'TV49969,Mzamo,Mpungose,Male,2003-09-10,22,Citizen,Botswana,BO443761,Critical Skills Visa,2024-01-11,2024-05-11,VIS27089,N/A,thando96@net,8244683380,"378 Jan Smuts Umgwaqo, Potchefstroom, 6875",Welkom,Limpopo,4438,"Social research officer, government",Zulu,10
'8912294069003,Gugulethu,Mjwara,Female,1989-12-29,35,Permanent Resident,South Africa,86647395,N/A,N/A,N/A,N/A,N/A,luyanda93@africa.com,403.710.3834,"527 William Ithafa, Musina, 9903",Mbombela,North West,2516,"Teacher, primary school",Zulu,N/A
'4707274078035,Thalente,Ngwazi,Female,1947-07-27,78,Citizen,South Africa,37785619,N/A,N/A,N/A,N/A,N/A,mantshinganomcebo@za.net,001-295-615-7111,"514 James Indawo, George, 6327",Krugersdorp,Gauteng,6694,Fitness centre manager,Zulu,N/A
'4211213721068,Nqobizitha,Mabanga,Female,1942-11-21,82,Citizen,South Africa,21747605,N/A,N/A,N/A,N/A,N/A,hjamasijadu@za.net,226-570-5037,"31 Joseph Indawo, Potchefstroom, 3268",uMgungundlovu,North West,2092,Financial planner,Zulu,N/A
'PR97944836,Matthieu,Carre,Male,1977-12-27,47,Citizen,United Kingdom,821051563,Retirement Visa,2025-01-11,2035-01-09,PER50262,N/A,penelopejulien@uk.com,04 71 70 33 32,"97, boulevard de Leroy, 43305 Chartier-sur-Pierre",Teixeira,Mpumalanga,58221,ingénieur du BTP,French,1
'PR93922133,Siyabonga,Mpunzana,Male,1975-09-11,50,Citizen,Zambia,87018987,Study Visa,2023-08-21,2033-08-18,PER11904,N/A,mtshalinonjabulo@net,(983)981-4700x31161,"7869 Church Indlela, Centurion, 3941",Witbank,Western Cape,1413,Advice worker,Zulu,16
'4512104752077,Thabisile,Mkholo,Female,1945-12-10,79,Citizen,South Africa,56374274,N/A,N/A,N/A,N/A,N/A,khawulasibusiso@africa.com,001-301-398-3432,"4224 Paul Kruger Umgwaqo, Tembisa, 6011",Vanderbijlpark,Limpopo,5646,Forensic psychologist,Zulu,N/A
'8405256445078,Minenhle,Msibi,Male,1984-05-25,41,Citizen,South Africa,15195124,N/A,N/A,N/A,N/A,N/A,bhekizizwe52@za.net,387.489.1330,"8989 West Isitaladi, Vanderbijlpark, 3614",Springs,Eastern Cape,1869,Forensic psychologist,Zulu,N/A
'PR19471294,Luyanda,Mcwaye,Male,1982-02-15,43,Citizen,Zimbabwe,ZI389478,Corporate Visa,2024-10-30,2034-10-28,PER15714,N/A,jabulanidube@co.zw,230.931.4109x98193,"4365 Paul Kruger Ithafa, Boksburg, 4112",Rustenburg,North West,1805,Merchant navy officer,Zulu,1
'8511190935057,Bhekizizwe,Makhulukhulu,Female,1985-11-19,39,Citizen,South Africa,44539101,N/A,N/A,N/A,N/A,N/A,mbongwesibongile@co.za,8178410877,"30 Voortrekker Isitaladi, Chatsworth, 1567",iKapa,Northern Cape,8417,"Biochemist, clinical",Zulu,N/A
'PR74102275,Thembekile,Khawula,Female,1974-05-06,51,Temporary Visa,Ethiopia,42342696,Corporate Visa,2024-07-30,2034-07-28,PER58532,N/A,bhekisisa39@com,(948)396-2819x355,"228 Frere Indawo, Welkom, 7737",uMgungundlovu,KwaZulu-Natal,4656,IT technical support officer,Zulu,18
'6807194947083,Thuthukile,Shezi,Female,1968-07-19,57,Permanent Resident,South Africa,42104749,N/A,N/A,N/A,N/A,N/A,lwandileshengele@africa.com,001-484-561-4464x75163,"415 James Ithafa, Tembisa, 9135",Thohoyandou,Northern Cape,9667,"Buyer, retail",Zulu,N/A
'PR29102468,Gugulethu,Dlamlenze,Female,1970-10-02,54,Citizen,Botswana,BO734463,Relative's Visa,2025-08-08,2035-08-06,PER97641,N/A,bngomane@org,(240)663-8905x6529,"985 Queen Umgwaqo, Tembisa, 4992",Newcastle,Free State,4857,Engineering geologist,Zulu,20
'TV46018,Lwandile,Mzizi,Male,1998-05-15,27,Citizen,Eswatini,38210769,Retirement Visa,2023-08-07,2024-11-16,VIS23862,N/A,zenzelekhomo@net,001-369-814-6095x183,"382 Commissioner Indawo, Sasolburg, 9357",Chatsworth,Free State,1662,Chief Strategy Officer,Zulu,8
'AS117074,Ndumiso,Thusi,Female,1979-06-04,46,Asylum Seeker,Tanzania,96884303,Asylum Seeker Permit,2023-08-31,2025-08-30,ASP67067,Application Submitted,mcebisi25@com,+1-850-831-6001x269,"1151 Jan Smuts Isitaladi, Sasolburg, 9825",Benoni,Western Cape,4184,Audiological scientist,Zulu,10
'TV18959,Langalibalele,Ngcolosi,Male,1976-01-23,49,Citizen,Lesotho,73330859,Corporate Visa,2024-04-05,2024-12-31,VIS89783,N/A,khanyisilelamula@net,001-817-920-7841x35374,"295 James Umgwaqo, Bloemfontein, 2206",Rustenburg,North West,6605,Retail banker,Zulu,17
'5106184345070,Thabisile,Gubeshe,Female,1951-06-18,74,Permanent Resident,South Africa,27403477,N/A,N/A,N/A,N/A,N/A,simphiweyinkosinyazitla@co.za,001-728-750-4674x1704,"264 Gandhi Indlela, Stellenbosch, 6174",Soweto,Gauteng,2144,Social worker,Zulu,N/A
'PR45604848,Lungile,Cibane,Male,1977-12-26,47,Citizen,Ghana,G5764733,Study Visa,2023-01-11,2033-01-08,PER49356,N/A,sihawukele18@com.gh,800-911-2228x563,"1751 Victoria Umgwaqo, Krugersdorp, 6842",Chatsworth,Gauteng,1974,Probation officer,Zulu,9
'8906281193091,Nozibusiso,Ngema,Female,1989-06-28,36,Citizen,South Africa,96016047,N/A,N/A,N/A,N/A,N/A,dumisaninongalo@co.za,001-229-799-6288,"9002 Grey Isitaladi, uMgungundlovu, 8482",Kimberley,KwaZulu-Natal,8814,Chartered public finance accountant,Zulu,N/A
'4504132141057,Nonhlanhla,Mbonambi,Female,1945-04-13,80,Citizen,South Africa,84164362,N/A,N/A,N/A,N/A,N/A,nozizwe56@africa.com,417.706.0872x59491,"2360 Main Indlela, Potchefstroom, 1879",Soweto,North West,6016,"Education officer, environmental",Zulu,N/A
'8909306637003,Mzamo,Nzimase,Male,1989-09-30,35,Citizen,South Africa,45587564,N/A,N/A,N/A,N/A,N/A,umzukase@za.net,994.552.0448,"22 James Umgwaqo, Bloemfontein, 9094",Kathu,Free State,6624,Magazine features editor,Zulu,N/A
'5712074906071,Thandazile,Shoyisa,Female,1957-12-07,67,Citizen,South Africa,44482119,N/A,N/A,N/A,N/A,N/A,kubhekanothando@za.net,265.540.6823,"253 Grey Umgwaqo, Musina, 5225",Newcastle,Eastern Cape,8244,Building services engineer,Zulu,N/A
'5706265697065,Andile,Sabelo,Male,1957-06-26,68,Citizen,South Africa,35229710,N/A,N/A,N/A,N/A,N/A,mfusimusa@africa.com,630.204.1287x28497,"4368 Queen Ithafa, Vanderbijlpark, 1454",Bethlehem,North West,9410,Meteorologist,Zulu,N/A
'0501157454044,S'fiso,Thenjwayo,Male,2005-01-15,20,Citizen,South Africa,78555114,N/A,N/A,N/A,N/A,N/A,nonhlanhladludla@za.net,929.234.7365x60650,"27 George Umgwaqo, Potchefstroom, 9888",Klerksdorp,KwaZulu-Natal,2168,Sport and exercise psychologist,Zulu,N/A
'4407238871076,Sibusiso,Mashasha,Male,1944-07-23,81,Citizen,South Africa,69805596,N/A,N/A,N/A,N/A,N/A,thembekilemshikela@africa.com,8246705524,"654 York Indlela, Witbank, 1583",Chatsworth,Northern Cape,6784,Clinical molecular geneticist,Zulu,N/A
'PR64048465,Vusumuzi,Xala,Male,1993-12-22,31,Temporary Visa,Nigeria,N2098525,Study Visa,2025-07-17,2035-07-15,PER97953,N/A,olwethumadondo@nigeria.com,(629)648-4635,"548 Frere Indlela, Polokwane, 6972",Newcastle,Free State,1769,Medical secretary,Zulu,6
'6909106446009,Langalibalele,Mabika,Male,1969-09-10,56,Citizen,South Africa,42033178,N/A,N/A,N/A,N/A,N/A,nomcebo52@co.za,(758)278-7432x0775,"705 Thomas Isitaladi, iBhayi, 2224",Witbank,Eastern Cape,4857,Chief Strategy Officer,Zulu,N/A
'5011042894064,Thandeka,Thwala,Female,1950-11-04,74,Citizen,South Africa,69585791,N/A,N/A,N/A,N/A,N/A,thabisadlomo@za.net,001-620-756-2594,"1066 Voortrekker Isitaladi, Soweto, 6798",uMgungundlovu,Mpumalanga,8153,Chief Operating Officer,Zulu,N/A
'8009140257033,Thabisile,Luthuli,Female,1980-09-14,44,Permanent Resident,South Africa,72023344,N/A,N/A,N/A,N/A,N/A,mtshaliandile@co.za,001-214-314-2259,"9137 William Isitaladi, Benoni, 4774",uMgungundlovu,Northern Cape,3908,IT trainer,Zulu,N/A
'6401098359047,Musa,Nhlengethwa,Male,1964-01-09,61,Citizen,South Africa,59666316,N/A,N/A,N/A,N/A,N/A,thabanimpanza@africa.com,001-532-356-7960x4758,"782 Gandhi Isitaladi, Krugersdorp, 8880",Centurion,Western Cape,9565,Art therapist,Zulu,N/A
'TV82127,Mandla,Mcusi,Male,1984-09-24,40,Permanent Resident,Zimbabwe,ZI374893,Study Visa,2023-08-18,2024-07-19,VIS46450,N/A,mandlakheboyabenyathi@co.zw,001-570-956-2944x168,"85 West Indlela, Soweto, 1639",Krugersdorp,North West,4610,"Solicitor, Scotland",Zulu,15
'7508297471018,Mthokozisi,Cebekhulu,Male,1975-08-29,50,Citizen,South Africa,33074396,N/A,N/A,N/A,N/A,N/A,andile65@co.za,797.934.3526,"8521 Clarence Umgwaqo, Welkom, 9655",Vereeniging,Northern Cape,2635,"Lecturer, higher education",Zulu,N/A
'5609037348010,Sibonelo,Nsele,Male,1956-09-03,69,Citizen,South Africa,29193860,N/A,N/A,N/A,N/A,N/A,bantwinithembekile@africa.com,+1-995-230-6686,"9234 William Ithafa, Benoni, 8823",Centurion,Eastern Cape,3494,"Social research officer, government",Zulu,N/A
'5902065423052,Musa,Hlubi,Male,1959-02-06,66,Citizen,South Africa,91715720,N/A,N/A,N/A,N/A,N/A,bbantwini@co.za,+1-595-254-4066x0384,"189 Edward Isitaladi, Boksburg, 9103",iBhayi,Gauteng,4117,Recycling officer,Zulu,N/A
'PR52994512,Andile,Dukada,Male,1977-04-10,48,Citizen,Eswatini,49662848,Relative's Visa,2023-10-27,2033-10-24,PER39388,N/A,nomasonto12@org,400-498-1416x3233,"9960 Smith Isitaladi, Soweto, 3814",Thohoyandou,KwaZulu-Natal,4808,"Conservator, furniture",Zulu,19
'PR48837636,Nokulunga,Gebashe,Female,1988-08-06,37,Citizen,Somalia,97314140,Retirement Visa,2022-10-26,2032-10-23,PER58844,N/A,nsibanyonimusa@org,+1-693-897-1005,"4313 West Indawo, Upington, 2821",Krugersdorp,Western Cape,1711,Insurance claims handler,Zulu,4
'AS448218,Vusumuzi,Nowanqa,Male,1973-05-27,52,Citizen,Zimbabwe,ZI165057,Asylum Seeker Permit,2022-12-17,2024-12-16,ASP61791,Rejected,thabisile32@zimbabwe.com,9839352805,"60 Gandhi Indlela, Krugersdorp, 4150",Potchefstroom,Mpumalanga,7687,"Producer, television/film/video",Zulu,6
'PR48967056,Vusumuzi,Duyaza,Male,1982-01-03,43,Citizen,Malawi,55970454,Work Visa,2025-06-28,2035-06-26,PER92068,N/A,zakhele05@com,+1-385-750-0376x2832,"5708 High Ithafa, Mahikeng, 1856",iBhayi,Eastern Cape,1935,"Psychologist, counselling",Zulu,2
'4203104229028,Zenzile,Nxele,Female,1942-03-10,83,Citizen,South Africa,38757056,N/A,N/A,N/A,N/A,N/A,mnqobimpunzana@za.net,+1-851-994-7032x211,"673 William Isitaladi, Rustenburg, 8856",Bloemfontein,North West,2775,Higher education careers adviser,Zulu,N/A
'8211303944047,Nomasonto,Dlungwana,Female,1982-11-30,42,Citizen,South Africa,55445566,N/A,N/A,N/A,N/A,N/A,khulusejabulani@za.net,753-309-2606,"61 Charles Ithafa, Uitenhage, 8816",iBhayi,Limpopo,4288,"Loss adjuster, chartered",Zulu,N/A
'9809086850024,Mlungisi,Mlalazi,Male,1998-09-08,27,Permanent Resident,South Africa,83812120,N/A,N/A,N/A,N/A,N/A,ykhambule@co.za,001-937-314-1492,"803 Voortrekker Indlela, Tembisa, 1077",Potchefstroom,Northern Cape,2856,Estate agent,Zulu,N/A
'5112017018034,Mzamo,Sompisi,Male,1951-12-01,73,Permanent Resident,South Africa,92450600,N/A,N/A,N/A,N/A,N/A,mandlamalinga@africa.com,001-445-659-1707x07328,"519 Paul Kruger Isitaladi, iBhayi, 4720",iBhayi,Northern Cape,9788,Human resources officer,Zulu,N/A
'4010177012040,Mlungisi,Mlawula,Male,1940-10-17,84,Permanent Resident,South Africa,76352101,N/A,N/A,N/A,N/A,N/A,bhekokwakhe32@africa.com,001-503-985-4469x2069,"721 High Indlela, iBhayi, 3142",Mbombela,North West,8636,"Therapist, music",Zulu,N/A
'TV82319,Bhekisisa,Mazwi,Female,1984-04-13,41,Temporary Visa,Tanzania,61404637,Critical Skills Visa,2025-05-26,2027-03-14,VIS10341,N/A,gambumlungisi@net,001-877-493-6697x96631,"4752 West Umgwaqo, Randfontein, 5894",Polokwane,Gauteng,7652,"Teacher, English as a foreign language",Zulu,20
'8912033699041,Nqobizitha,Mhlophe,Female,1989-12-03,35,Citizen,South Africa,81859298,N/A,N/A,N/A,N/A,N/A,mzamo10@za.net,944.315.4887,"688 Church Isitaladi, Uitenhage, 1283",Polokwane,Gauteng,3747,Radio producer,Zulu,N/A
'5512067137063,Thando,Shabalala,Male,1955-12-06,69,Citizen,South Africa,97540003,N/A,N/A,N/A,N/A,N/A,nqobizithadubandlela@za.net,509.835.1230,"8049 York Ithafa, iKapa, 6395",Middelburg,Limpopo,9482,"Engineer, civil (contracting)",Zulu,N/A
'7707043705038,Londisizwe,Chamane,Female,1977-07-04,48,Citizen,South Africa,97162402,N/A,N/A,N/A,N/A,N/A,bandiledlabazane@co.za,001-912-400-4912x445,"950 Victoria Isitaladi, Paarl, 1881",Uitenhage,Gauteng,4112,Set designer,Zulu,N/A
'4308063063060,Sihawukele,Thoyana,Female,1943-08-06,82,Permanent Resident,South Africa,27845508,N/A,N/A,N/A,N/A,N/A,nalazenzele@africa.com,+1-998-993-2547x17937,"7235 Napier Indawo, Vereeniging, 9055",Witbank,KwaZulu-Natal,2312,Media planner,Zulu,N/A
'6606034202099,Thuthukile,Mbeje,Female,1966-06-03,59,Temporary Visa,South Africa,13916036,N/A,N/A,N/A,N/A,N/A,xmbuyisa@co.za,001-778-617-7455x4452,"86 George Umgwaqo, Kathu, 5136",Kimberley,Mpumalanga,1635,Theme park manager,Zulu,N/A
'0403053921048,Noxolo,Mantshinga,Female,2004-03-05,21,Citizen,South Africa,50776827,N/A,N/A,N/A,N/A,N/A,thembile87@co.za,001-210-748-3947x48491,"17 Walter Sisulu Indawo, Musina, 1479",Bethlehem,KwaZulu-Natal,2620,Professor Emeritus,Zulu,N/A
'PR88440832,सीता,चटर्जी,Female,1983-08-26,42,Citizen,India,60135505,Business Visa,2023-08-03,2033-07-31,PER66478,N/A,sksenaaviny@co.in,08928836892,"2/2 नाथ, फतहपुर-070216",चित्रकूट,KwaZulu-Natal,333981,Technical brewer,Hindi,15
'7806172139064,Simphiwe,Khomo,Female,1978-06-17,47,Asylum Seeker,South Africa,20869863,N/A,N/A,N/A,N/A,N/A,fgazu@africa.com,001-209-875-5504x0945,"42 High Indlela, Upington, 1120",Bethlehem,Eastern Cape,8164,"Teacher, English as a foreign language",Zulu,N/A
'AS986439,Langalibalele,Ntshalintshali,Male,1973-11-06,51,Citizen,Ghana,G5032328,Asylum Seeker Permit,2023-06-08,2025-06-07,ASP92064,Rejected,xnxumalo@com.gh,001-606-219-3779x2184,"622 Paul Kruger Isitaladi, Upington, 9335",Witbank,KwaZulu-Natal,9275,"Engineer, electrical",Zulu,15
'TV88975,Alain,Lemoine,Male,1999-05-29,26,Citizen,United Kingdom,672979114,Study Visa,2025-05-30,2028-04-30,VIS21947,N/A,merledominique@uk.com,+33 (0)5 79 68 06 05,"392, rue Lopez, 32877 Saint Émilenec",Parentdan,North West,36181,guide de haute montagne,French,11
'9204137164041,Bandile,Luvuno,Male,1992-04-13,33,Citizen,South Africa,97550353,N/A,N/A,N/A,N/A,N/A,thandothembela@za.net,417-636-9049,"4386 West Indawo, eGoli, 6626",Bloemfontein,Free State,9304,Cytogeneticist,Zulu,N/A
'5004278544049,Jabulani,Lutholoni,Male,1950-04-27,75,Citizen,South Africa,59483957,N/A,N/A,N/A,N/A,N/A,sibayalangalibalele@za.net,6856176767,"8389 Long Ithafa, Mbombela, 5525",Witbank,Limpopo,8794,Editorial assistant,Zulu,N/A
'6909174593047,Nokulunga,Dlangamandla,Female,1969-09-17,55,Citizen,South Africa,16017680,N/A,N/A,N/A,N/A,N/A,vusumuzimcambi@africa.com,001-435-901-4451x476,"684 George Umgwaqo, Krugersdorp, 2648",Welkom,Northern Cape,2603,Careers adviser,Zulu,N/A
'4611094871065,Thembeka,Khezokhulu,Female,1946-11-09,78,Citizen,South Africa,95727797,N/A,N/A,N/A,N/A,N/A,nobantu66@co.za,001-570-403-6676x5106,"963 Voortrekker Indlela, uMgungundlovu, 7912",Kimberley,Mpumalanga,2629,Illustrator,Zulu,N/A
'4310224550088,Nomalanga,Nyongwana,Female,1943-10-22,81,Permanent Resident,South Africa,59756549,N/A,N/A,N/A,N/A,N/A,jdubandlela@za.net,(802)659-0569x92740,"78 Adelaide Isitaladi, eThekwini, 7584",Boksburg,Limpopo,6176,Market researcher,Zulu,N/A
'0108081204067,Thandiwe,Sibaya,Female,2001-08-08,24,Citizen,South Africa,75010545,N/A,N/A,N/A,N/A,N/A,rmafuleka@africa.com,950-579-8345x543,"75 Rivonia Indawo, Krugersdorp, 9506",George,Free State,9901,Administrator,Zulu,N/A
'5206256812051,Bhekani,Mbotho,Male,1952-06-25,73,Citizen,South Africa,38885982,N/A,N/A,N/A,N/A,N/A,zsishangwe@za.net,+1-219-370-2332x533,"4565 Charles Ithafa, Kimberley, 7351",Klerksdorp,Western Cape,1555,"Producer, radio",Zulu,N/A
'TV38915,Sibonelo,Gininda,Male,1989-11-07,35,Temporary Visa,Zimbabwe,ZI247999,Corporate Visa,2024-10-29,2027-06-09,VIS47763,N/A,jiyanenkazimulo@co.zw,7378380378,"13 Oxford Indlela, Rustenburg, 5520",Sasolburg,Mpumalanga,2212,Barista,Zulu,5
'6907104343084,Zibuyile,Ndlanya,Female,1969-07-10,56,Citizen,South Africa,43512713,N/A,N/A,N/A,N/A,N/A,mabangasibusiso@africa.com,869-542-5767x704,"7065 Voortrekker Indawo, Stellenbosch, 1737",Bloemfontein,KwaZulu-Natal,1368,Housing manager/officer,Zulu,N/A
'7809267303055,Sphiwe,Cebisa,Male,1978-09-26,46,Citizen,South Africa,37677731,N/A,N/A,N/A,N/A,N/A,sishangwemthokozisi@co.za,001-611-828-9701x97468,"569 Oxford Umgwaqo, uMgungundlovu, 3713",eGoli,Mpumalanga,4527,Chartered loss adjuster,Zulu,N/A
'8609177744013,Mandla,Ngcemu,Male,1986-09-17,38,Citizen,South Africa,72732013,N/A,N/A,N/A,N/A,N/A,mandlakhengwenya@co.za,(341)755-8380x6120,"3008 Gandhi Indlela, Soweto, 3678",Potchefstroom,North West,8106,Industrial buyer,Zulu,N/A
'7002022261096,Thembeka,Masinga,Female,1970-02-02,55,Permanent Resident,South Africa,51184941,N/A,N/A,N/A,N/A,N/A,busisiwenkundlande@za.net,001-903-346-1629x86766,"5346 Short Ithafa, Chatsworth, 6296",Kathu,Northern Cape,9598,Naval architect,Zulu,N/A
'TV72370,Jabulani,Yengwayo,Male,1997-08-02,28,Citizen,Zambia,61956989,Corporate Visa,2024-08-12,2026-07-07,VIS65390,N/A,bmnquhe@com,724.544.6704,"392 Albertina Sisulu Umgwaqo, Mahikeng, 1056",Potchefstroom,Eastern Cape,6152,Actor,Zulu,8
'5209034069065,Bhekizizwe,Sonqandile,Female,1952-09-03,73,Citizen,South Africa,31305120,N/A,N/A,N/A,N/A,N/A,nothandongcemu@africa.com,(216)481-2681,"281 Paul Kruger Indawo, eThekwini, 6187",Krugersdorp,Mpumalanga,6406,Naval architect,Zulu,N/A
'PR25194008,Mnqobi,Ngwekazi,Female,1981-07-10,44,Citizen,Ghana,G3031353,Business Visa,2023-12-08,2033-12-05,PER18826,N/A,mnqobi77@ghana.com,001-811-216-6060x319,"8253 Thomas Ithafa, Uitenhage, 7867",Musina,Northern Cape,9598,"Engineer, electrical",Zulu,8
'TV56827,Owethu,Vunisa,Female,1976-06-15,49,Temporary Visa,Malawi,58379892,Work Visa,2023-10-26,2024-08-15,VIS79246,N/A,ugcugcwa@net,987.465.1358,"918 Oxford Indlela, Bethlehem, 3631",George,Limpopo,5104,Tour manager,Zulu,20
'6408130649049,Sibusisiwe,Khezokhulu,Female,1964-08-13,61,Citizen,South Africa,15449285,N/A,N/A,N/A,N/A,N/A,qmathebula@africa.com,+1-569-702-8735x264,"922 Elizabeth Umgwaqo, Musina, 7672",Kathu,Gauteng,8886,Professor Emeritus,Zulu,N/A
'9204105438097,Lwandile,Jiyane,Male,1992-04-10,33,Permanent Resident,South Africa,55419129,N/A,N/A,N/A,N/A,N/A,shabangusfiso@za.net,(729)338-2972x0131,"286 Grey Indlela, Sasolburg, 5330",Mahikeng,North West,8501,Technical sales engineer,Zulu,N/A
'8508319604059,Sandile,Msuthu,Male,1985-08-31,40,Citizen,South Africa,96587764,N/A,N/A,N/A,N/A,N/A,inkabinde@africa.com,382.951.5549x1897,"62 Victoria Indawo, Upington, 5334",uMgungundlovu,Mpumalanga,4143,Company secretary,Zulu,N/A
'PR44611516,Nomvula,Nhlanhlampofu,Female,1981-12-26,43,Citizen,Eswatini,80920678,Retirement Visa,2024-05-19,2034-05-17,PER71650,N/A,mazibukonothando@org,(649)823-1421x1223,"56 Clarence Indawo, Centurion, 2494",George,KwaZulu-Natal,6740,Broadcast journalist,Zulu,14
'TV22391,चण्ड,सरकार,Male,2000-10-08,24,Citizen,India,63671198,Study Visa,2023-10-25,2025-06-02,VIS72404,N/A,kdmgovindaa@india.com,+91 8439122113,"0 मेहता, खडगपुर 792145",करना,Northern Cape,924265,Civil Service administrator,Hindi,16
'PR79726685,Dumisani,Mthembu,Female,2002-02-15,23,Temporary Visa,Somalia,60004469,Relative's Visa,2022-10-29,2032-10-26,PER83994,N/A,mashiyanobuhle@net,365-352-7927x8077,"2190 Stanley Umgwaqo, iBhayi, 5869",Bethlehem,Gauteng,7068,"Presenter, broadcasting",Zulu,5
'8302047187046,Sibusiso,Mdotshana,Male,1983-02-04,42,Temporary Visa,South Africa,91444753,N/A,N/A,N/A,N/A,N/A,mashabanomusa@za.net,584.369.0632,"6961 Joseph Indlela, Bloemfontein, 3414",Kathu,Western Cape,3592,Homeopath,Zulu,N/A
'4710310637059,Sithembiso,Thusini,Female,1947-10-31,77,Citizen,South Africa,38348525,N/A,N/A,N/A,N/A,N/A,nomagugumavundla@africa.com,291.777.4937x722,"51 William Isitaladi, Centurion, 1620",Upington,Free State,2400,Actor,Zulu,N/A
'4906014099051,Busisiwe,Duma,Female,1949-06-01,76,Permanent Resident,South Africa,46961116,N/A,N/A,N/A,N/A,N/A,nozibusiso37@co.za,001-513-905-0193x0011,"9235 Commissioner Umgwaqo, Centurion, 4404",iBhayi,KwaZulu-Natal,5164,"Psychologist, occupational",Zulu,N/A
'4809060361085,Zenzile,Manzezulu,Female,1948-09-06,77,Citizen,South Africa,32319243,N/A,N/A,N/A,N/A,N/A,thabani91@co.za,3194265640,"166 Voortrekker Indawo, Benoni, 5947",iBhayi,Western Cape,5946,Dance movement psychotherapist,Zulu,N/A
'PR94613645,Nomvula,Sishi,Female,1972-07-12,53,Citizen,Somalia,99590100,Critical Skills Visa,2022-12-22,2032-12-19,PER77879,N/A,jsandanezwe@org,933.830.3380x86896,"684 Frere Ithafa, Soweto, 5779",Mahikeng,North West,9781,Charity officer,Zulu,6
'PR97655018,Nhlanhla,Dwala,Male,1997-05-24,28,Citizen,Kenya,K4564365,Business Visa,2024-10-16,2034-10-14,PER56968,N/A,smbembe@kenya.com,7956100748,"9744 Thomas Ithafa, Soweto, 7674",Kathu,Eastern Cape,7252,Police officer,Zulu,5
'9710026567007,Nhlanhla,Dindi,Male,1997-10-02,27,Citizen,South Africa,74435981,N/A,N/A,N/A,N/A,N/A,uhadebe@co.za,(699)330-5334x080,"8885 Paul Kruger Ithafa, Thohoyandou, 2977",Middelburg,Gauteng,6663,"Civil engineer, consulting",Zulu,N/A
'7707010242034,Thuthukile,Phakathi,Female,1977-07-01,48,Citizen,South Africa,91356125,N/A,N/A,N/A,N/A,N/A,mnqobi46@co.za,377.640.2507x22812,"27 Joseph Ithafa, Thohoyandou, 5137",George,Free State,2086,Theme park manager,Zulu,N/A
'0207259828033,Zenzele,Mhlongo,Male,2002-07-25,23,Citizen,South Africa,22447093,N/A,N/A,N/A,N/A,N/A,nomvulagatsheni@africa.com,351.509.3982,"4674 Paul Kruger Ithafa, Upington, 1644",Springs,Northern Cape,9073,Field trials officer,Zulu,N/A
'AS307175,Minenhle,Mkhumbuzi,Male,1983-02-10,42,Permanent Resident,Zambia,78367226,Asylum Seeker Permit,2023-01-31,2025-01-30,ASP57927,Appeal Pending,zenzele45@net,(736)362-6477,"2825 Walter Sisulu Isitaladi, Kathu, 2211",Bloemfontein,Mpumalanga,2923,Social worker,Zulu,20
'9208251277094,Zibuyile,Mkhatshwa,Female,1992-08-25,33,Citizen,South Africa,31010928,N/A,N/A,N/A,N/A,N/A,thembeka33@africa.com,+1-227-991-8845,"26 Nelson Mandela Indlela, George, 2155",Bloemfontein,Free State,1878,Theatre stage manager,Zulu,N/A
'PR28911357,Thandiwe,Bhovungana,Female,1975-01-13,50,Temporary Visa,Nigeria,N3706698,Study Visa,2025-06-04,2035-06-02,PER55006,N/A,sokhulugugu@com.ng,743-326-5975x71361,"201 York Ithafa, Mbombela, 4677",eGoli,Gauteng,8666,Sports coach,Zulu,14
'0309258168009,Mandla,Mashiya,Male,2003-09-25,21,Citizen,South Africa,37941006,N/A,N/A,N/A,N/A,N/A,dsoduba@za.net,727-649-0203,"39 Grey Indlela, Klerksdorp, 1294",eThekwini,Northern Cape,7150,Pensions consultant,Zulu,N/A
'9510117203076,Thabani,Ndlela,Male,1995-10-11,29,Citizen,South Africa,42006250,N/A,N/A,N/A,N/A,N/A,thabisilemthonti@za.net,231-962-3787x29652,"9093 Milner Isitaladi, Mahikeng, 3630",Springs,Limpopo,2130,Firefighter,Zulu,N/A
'PR66629107,Adélaïde,Dumas,Female,2001-12-05,23,Asylum Seeker,France,116953652,Business Visa,2024-11-12,2034-11-10,PER15279,N/A,oadam@france.com,02 69 61 32 92,"7, rue Joseph, 43232 Saint Inès",Denis,Eastern Cape,18753,palefrenier,French,0
'PR56013260,Njabulo,Makhanya,Male,1975-06-08,50,Citizen,Ethiopia,47115151,Retirement Visa,2024-07-27,2034-07-25,PER99995,N/A,jlembede@com,423.810.6309,"78 Grey Indawo, Paarl, 8934",iKapa,Northern Cape,2512,"Scientist, water quality",Zulu,19
'4609010729004,Nomthandazo,Dinabantu,Female,1946-09-01,79,Citizen,South Africa,13873488,N/A,N/A,N/A,N/A,N/A,thembilengubeni@za.net,+1-361-244-7490x92624,"1617 Stanley Indawo, iBhayi, 1950",Kathu,Western Cape,8718,Music tutor,Zulu,N/A
'PR43656119,Mcebisi,Amahle,Male,1972-09-06,53,Citizen,Ghana,G8486686,Retirement Visa,2024-11-28,2034-11-26,PER34341,N/A,tonjengenyamazane@ghana.com,747.658.1584x0247,"5233 Charles Isitaladi, Thohoyandou, 4313",Tembisa,North West,4392,Warehouse manager,Zulu,12
'0009142998033,Khanyisile,Ntenga,Female,2000-09-14,24,Citizen,South Africa,92638630,N/A,N/A,N/A,N/A,N/A,gmabanga@co.za,+1-819-686-0547x051,"5967 Charles Isitaladi, iKapa, 4183",Klerksdorp,Northern Cape,4817,Lawyer,Zulu,N/A
'9609299971032,Sphiwe,Hangala,Male,1996-09-29,28,Citizen,South Africa,42869232,N/A,N/A,N/A,N/A,N/A,mathibelazenzile@africa.com,001-602-521-5991x705,"47 Albertina Sisulu Isitaladi, Newcastle, 3203",Thohoyandou,North West,4178,Quantity surveyor,Zulu,N/A
'6204068746019,Langalibalele,Xhakaza,Male,1962-04-06,63,Citizen,South Africa,90431998,N/A,N/A,N/A,N/A,N/A,nkumanethabisile@za.net,680-230-3906x17117,"88 Prince Ithafa, Klerksdorp, 2831",Vanderbijlpark,Mpumalanga,4215,"Engineer, agricultural",Zulu,N/A
'TV68069,Bhekani,Blose,Male,1981-10-01,43,Citizen,Botswana,BO106296,Study Visa,2024-11-07,2025-04-04,VIS59751,N/A,bhekaninyandeni@org,001-525-704-7811x6630,"72 Paul Kruger Umgwaqo, Sasolburg, 1905",Potchefstroom,Mpumalanga,7386,Chief Marketing Officer,Zulu,2
'9507179498072,Mlungisi,Sithuli,Male,1995-07-17,30,Citizen,South Africa,80794811,N/A,N/A,N/A,N/A,N/A,vusumuzi31@co.za,6197572531,"84 Nelson Mandela Indawo, Paarl, 9507",uMgungundlovu,Eastern Cape,5295,Psychiatrist,Zulu,N/A
'TV95954,Maurice,Bourdon,Male,1990-02-25,35,Citizen,United Kingdom,884416862,Study Visa,2023-05-25,2024-11-07,VIS41715,N/A,amarchand@uk.com,+33 3 61 59 38 93,"33, boulevard de Langlois, 94823 PereiraVille",Morel,KwaZulu-Natal,08725,magistrat,French,18
'0004263132063,Silondile,Khaphela,Female,2000-04-26,25,Permanent Resident,South Africa,19489691,N/A,N/A,N/A,N/A,N/A,sfisombamali@co.za,(977)328-0931,"9210 Thomas Indlela, iKapa, 4353",Witbank,Eastern Cape,1334,"Engineer, manufacturing",Zulu,N/A
'9405071128032,Nonjabulo,Mlalazi,Female,1994-05-07,31,Citizen,South Africa,24805254,N/A,N/A,N/A,N/A,N/A,madizakhele@africa.com,473-924-5401,"24 Grey Isitaladi, Springs, 1059",Vanderbijlpark,Limpopo,4709,"Therapist, sports",Zulu,N/A
'6409261750011,Gugu,Cenge,Female,1964-09-26,60,Permanent Resident,South Africa,29869948,N/A,N/A,N/A,N/A,N/A,vgabadela@za.net,788.322.8635x217,"716 Stanley Indawo, Polokwane, 1205",Vereeniging,Eastern Cape,8226,Physiotherapist,Zulu,N/A
'6602179150026,Thando,Biyase,Male,1966-02-17,59,Citizen,South Africa,90094673,N/A,N/A,N/A,N/A,N/A,vdlodlo@za.net,+1-980-419-5410x0716,"98 Main Isitaladi, Polokwane, 4076",George,Eastern Cape,5387,"Engineer, mining",Zulu,N/A
'8908025876048,Musa,Nsibande,Male,1989-08-02,36,Citizen,South Africa,28877777,N/A,N/A,N/A,N/A,N/A,sishibhekokwakhe@za.net,712-647-8165,"3878 Paul Kruger Isitaladi, eGoli, 9071",iKapa,Gauteng,9789,Counsellor,Zulu,N/A
'TV88106,Nathalie,Vallet,Female,1990-10-30,34,Permanent Resident,Democratic Republic of Congo,15697385,Critical Skills Visa,2025-03-14,2026-05-07,VIS61810,N/A,marcelle21@com,0536044647,"14, rue Weiss, 95600 Lagarde",Ferrand,Eastern Cape,16701,responsable des ressources humaines,French,8
'PR41248017,Julien,Renault,Male,1971-10-21,53,Citizen,United Kingdom,936313516,Business Visa,2022-09-24,2032-09-21,PER79902,N/A,rossicelina@uk.com,03 80 04 36 56,"276, boulevard de Martel, 20995 Micheldan",Huet-sur-Mer,Limpopo,79986,chef d'exploitation des remontées mécaniques,French,13
'8212073176066,Zenzile,Shoba,Female,1982-12-07,42,Citizen,South Africa,76267845,N/A,N/A,N/A,N/A,N/A,gugusonqandile@africa.com,303.982.0760,"18 Edward Indlela, iBhayi, 7334",Boksburg,Limpopo,6420,Psychotherapist,Zulu,N/A
'0204194731092,Thembisile,Mathibela,Female,2002-04-19,23,Citizen,South Africa,14997421,N/A,N/A,N/A,N/A,N/A,zenzile20@co.za,(924)528-7126x30206,"75 William Ithafa, Welkom, 7363",eGoli,KwaZulu-Natal,3121,Immigration officer,Zulu,N/A
'5701028122001,Sibusiso,Nkwanyana,Male,1957-01-02,68,Citizen,South Africa,25709448,N/A,N/A,N/A,N/A,N/A,nomasonto18@za.net,862-224-5890x3529,"6010 Albertina Sisulu Indlela, Musina, 8620",Sasolburg,Eastern Cape,9632,"Programme researcher, broadcasting/film/video",Zulu,N/A
'AS906558,Frédéric,Maréchal,Male,1978-01-04,47,Citizen,United States,940319435,Asylum Seeker Permit,2025-02-07,2027-02-07,ASP73803,Application Submitted,zacharie28@us.com,+33 (0)3 28 53 87 68,"31, rue Pichon, 45895 Texier",Saint Maurice-sur-Mer,Gauteng,93528,ingénieur en électronique numérique,French,10
'9111100586041,Bhekizizwe,Kweyama,Female,1991-11-10,33,Citizen,South Africa,67454014,N/A,N/A,N/A,N/A,N/A,zenzelemathaba@co.za,4539257197,"980 Charles Isitaladi, Musina, 1517",Welkom,Limpopo,9208,Counselling psychologist,Zulu,N/A
'8403140855052,Dumisile,Shibase,Female,1984-03-14,41,Citizen,South Africa,26298038,N/A,N/A,N/A,N/A,N/A,mlalanenonhlanhla@co.za,570-653-3494,"510 Milner Umgwaqo, Soweto, 7792",Mbombela,Free State,3734,Print production planner,Zulu,N/A
'TV21812,Nathalie,Valentin,Female,1978-07-08,47,Permanent Resident,United Kingdom,528379149,Corporate Visa,2022-12-06,2024-05-29,VIS14133,N/A,antoinette04@uk.com,02 36 15 38 24,"48, avenue Legendre, 83728 Laine-sur-Marchal",Saint Honorédan,Mpumalanga,80462,technicien de maintenance industrielle,French,16
'PR37365763,S'fiso,Khabalidaka,Male,1998-06-14,27,Temporary Visa,Lesotho,40633015,Business Visa,2023-10-12,2033-10-09,PER74843,N/A,nomathembathabethe@com,374.963.6186x762,"3194 Short Indawo, Benoni, 9173",Boksburg,Gauteng,2224,Field trials officer,Zulu,9
'PR95571262,强,石,Male,1997-02-03,28,Citizen,China,62048583,Work Visa,2024-04-07,2034-04-05,PER47487,N/A,xiulanma@com.cn,14501547190,北京市春梅市翔安长沙街t座 684489,琳县,Free State,842671,营业部大堂经理,Mandarin,16
'5606180383075,Nomathemba,Khanyile,Female,1956-06-18,69,Permanent Resident,South Africa,30265270,N/A,N/A,N/A,N/A,N/A,sithembisocwalile@za.net,717-634-2352x15009,"6328 Napier Umgwaqo, Bethlehem, 7905",Upington,Gauteng,1535,Electrical engineer,Zulu,N/A
'4309145339093,Thalente,Shoba,Male,1943-09-14,81,Citizen,South Africa,15539903,N/A,N/A,N/A,N/A,N/A,nomalanga94@co.za,303-243-2363,"855 Oxford Isitaladi, Thohoyandou, 9977",Soweto,Limpopo,8351,Forest/woodland manager,Zulu,N/A
'7503084815060,Nomasonto,Phuthini,Female,1975-03-08,50,Citizen,South Africa,39413274,N/A,N/A,N/A,N/A,N/A,mathulamusa@za.net,+1-983-319-2258x8635,"6895 Oxford Indawo, iKapa, 4673",uMgungundlovu,KwaZulu-Natal,2936,Newspaper journalist,Zulu,N/A
'4404127419073,Thalente,Ngwekazi,Male,1944-04-12,81,Citizen,South Africa,17062966,N/A,N/A,N/A,N/A,N/A,udinwa@co.za,(880)478-2909x4478,"768 Charles Isitaladi, Rustenburg, 8554",Vereeniging,KwaZulu-Natal,1793,Primary school teacher,Zulu,N/A
'4010167148058,Jabulani,Mathwasa,Male,1940-10-16,84,Temporary Visa,South Africa,50734041,N/A,N/A,N/A,N/A,N/A,bhekani50@co.za,001-311-337-7861x615,"760 President Indawo, Vereeniging, 5754",Musina,Free State,8995,Medical laboratory scientific officer,Zulu,N/A
'PR25234210,Nomalanga,Mjadu,Female,2005-04-19,20,Asylum Seeker,Malawi,11638987,Study Visa,2022-10-04,2032-10-01,PER60344,N/A,londisizwe72@net,001-955-522-5433,"370 Commissioner Ithafa, Klerksdorp, 2918",Newcastle,Gauteng,2334,"Education officer, museum",Zulu,7
'AS596558,Bhekokwakhe,Gcaba,Female,2005-02-23,20,Citizen,Ethiopia,95701006,Asylum Seeker Permit,2023-11-23,2025-11-22,ASP50528,Under Review,sibongilegwija@com,+1-342-801-7175,"48 Church Indawo, Polokwane, 4924",Kimberley,Gauteng,1006,Tourism officer,Zulu,9
'5610220115055,Nozizwe,Gubeshe,Female,1956-10-22,68,Permanent Resident,South Africa,44749450,N/A,N/A,N/A,N/A,N/A,cmcoyi@africa.com,7894282815,"450 Frere Indlela, Paarl, 9688",Polokwane,Free State,3322,Radio producer,Zulu,N/A
'6501313135090,Zinhle,Fanisa,Female,1965-01-31,60,Citizen,South Africa,57477433,N/A,N/A,N/A,N/A,N/A,londiwemamba@africa.com,001-763-373-6021x6776,"750 Charles Indawo, Tembisa, 3237",Kimberley,North West,5610,"Programmer, multimedia",Zulu,N/A
'TV81878,Nozibusiso,Mngomezulu,Female,1973-01-09,52,Citizen,Botswana,BO272571,Critical Skills Visa,2023-03-12,2024-07-21,VIS87323,N/A,gabelanobuhle@com,435.889.8275x69977,"35 Prince Umgwaqo, Krugersdorp, 4307",Stellenbosch,Gauteng,2058,Catering manager,Zulu,6
'6708013762079,Nomcebo,Fihlela,Female,1967-08-01,58,Citizen,South Africa,80602804,N/A,N/A,N/A,N/A,N/A,bdukada@za.net,469-717-4437x90840,"458 Voortrekker Umgwaqo, uMgungundlovu, 1016",Tembisa,North West,6783,Chief Strategy Officer,Zulu,N/A
'8312143895025,Gugulethu,Langa,Female,1983-12-14,41,Temporary Visa,South Africa,89794925,N/A,N/A,N/A,N/A,N/A,sibisisibusiso@co.za,623-628-4039x89158,"28 Edward Umgwaqo, Thohoyandou, 6968",Newcastle,Limpopo,9043,Learning mentor,Zulu,N/A
'5402027195044,Vusumuzi,Nhlapho,Male,1954-02-02,71,Permanent Resident,South Africa,23304268,N/A,N/A,N/A,N/A,N/A,sibusisomanqele@za.net,+1-428-977-7488x7468,"786 Voortrekker Indlela, Centurion, 7027",Krugersdorp,Limpopo,8791,Higher education careers adviser,Zulu,N/A
'7601137481032,Thalente,Ndabezitha,Male,1976-01-13,49,Asylum Seeker,South Africa,67453977,N/A,N/A,N/A,N/A,N/A,madinanezinhle@africa.com,001-403-386-4484,"186 Prince Indawo, Randfontein, 2033",eThekwini,Eastern Cape,4680,Licensed conveyancer,Zulu,N/A
'TV86632,पल्लव,मिस्त्री,Male,1986-04-10,39,Citizen,India,74294173,Relative's Visa,2023-09-01,2026-07-16,VIS31106,N/A,mohiniipaattil@india.com,+91 8548491936,"78/697 भटनागर, सभापतिने-983356",जिससेबेलारी,Northern Cape,982513,Event organiser,Hindi,16
'TV46770,Sibonelo,Ngubane,Male,1997-07-23,28,Citizen,Tanzania,26511884,Study Visa,2023-10-19,2026-05-06,VIS58338,N/A,ntakaandile@net,001-702-467-1583x46845,"25 West Indlela, Tembisa, 9406",Potchefstroom,Gauteng,5063,"Radiographer, diagnostic",Zulu,18
'5805286706064,Sphiwe,Nzima,Male,1958-05-28,67,Citizen,South Africa,82445960,N/A,N/A,N/A,N/A,N/A,thuthukile24@za.net,001-238-387-9392x554,"11 Albertina Sisulu Isitaladi, Potchefstroom, 6336",Benoni,Eastern Cape,2075,"Administrator, charities/voluntary organisations",Zulu,N/A
'PR26961699,Luyanda,Msweli,Male,1976-04-03,49,Permanent Resident,Ghana,G3812855,Corporate Visa,2022-10-04,2032-10-01,PER59473,N/A,qvezi@ghana.com,+1-999-740-9222,"173 William Isitaladi, Thohoyandou, 3477",iKapa,Limpopo,3550,Television camera operator,Zulu,1
'0110015086063,Njabulo,Khonjwayo,Male,2001-10-01,23,Permanent Resident,South Africa,11677284,N/A,N/A,N/A,N/A,N/A,thembilephoseka@co.za,+1-980-926-6628x870,"2748 Jan Smuts Indawo, uMgungundlovu, 4553",Mahikeng,North West,2624,Medical illustrator,Zulu,N/A
'0502067899021,Thabani,Madlanduna,Male,2005-02-06,20,Citizen,South Africa,27524433,N/A,N/A,N/A,N/A,N/A,langalibalele26@co.za,6465872504,"281 Smith Isitaladi, eThekwini, 6885",Bloemfontein,Gauteng,8916,Airline pilot,Zulu,N/A
'9707293769048,Zenzile,Dlakadla,Female,1997-07-29,28,Temporary Visa,South Africa,14477727,N/A,N/A,N/A,N/A,N/A,simphiwe63@za.net,406.327.6425x68676,"464 Adelaide Ithafa, Mbombela, 4956",Klerksdorp,Mpumalanga,7238,Civil Service administrator,Zulu,N/A
'7704239062018,S'fiso,Shangase,Male,1977-04-23,48,Citizen,South Africa,56194474,N/A,N/A,N/A,N/A,N/A,tgasela@co.za,444-591-8507,"9184 Adelaide Isitaladi, Kimberley, 6290",Mahikeng,Eastern Cape,9905,"Research officer, political party",Zulu,N/A
'TV35314,Thalente,Mageba,Female,1971-07-10,54,Permanent Resident,Ethiopia,92538752,Corporate Visa,2024-11-27,2027-09-03,VIS97688,N/A,ndlangamandlathabani@com,001-817-390-7686x88317,"67 Queen Indawo, Mbombela, 4136",Kimberley,Northern Cape,1679,"Solicitor, Scotland",Zulu,6
'9405032325067,Thabisa,Nzimase,Female,1994-05-03,31,Citizen,South Africa,76952423,N/A,N/A,N/A,N/A,N/A,zenzele48@za.net,001-485-558-2281,"228 Smith Isitaladi, Boksburg, 5977",uMgungundlovu,KwaZulu-Natal,9193,Community pharmacist,Zulu,N/A
'PR37041867,Édith,Goncalves,Female,2004-10-15,20,Citizen,United States,997248909,Retirement Visa,2025-05-25,2035-05-23,PER19979,N/A,lemoinemartine@us.com,+33 (0)3 24 22 68 45,"8, boulevard de Laine, 57525 Bouchet",MenardVille,North West,14347,designer sonore,French,17
'TV93706,Ndumiso,Nyanda,Female,1978-11-02,46,Citizen,Lesotho,73352562,Critical Skills Visa,2024-04-22,2026-08-22,VIS67119,N/A,fmkhumbuzi@com,+1-841-560-3902x0825,"64 Churchill Ithafa, Springs, 4516",Klerksdorp,Northern Cape,6168,Call centre manager,Zulu,17
'AS888017,Nobantu,Vabaza,Female,1997-04-04,28,Citizen,Ethiopia,39277205,Asylum Seeker Permit,2022-11-11,2024-11-10,ASP67583,Under Review,ngcolosithabisile@com,603-284-2049,"35 Smith Ithafa, iBhayi, 1045",Upington,Gauteng,3577,Interior and spatial designer,Zulu,13
'PR41575506,Julie,Tanguy,Female,1979-02-27,46,Permanent Resident,United Kingdom,536819080,Work Visa,2023-03-24,2033-03-21,PER21259,N/A,lucy80@uk.com,+33 3 76 57 40 68,"67, rue Benoît Dupuy, 42969 Raymond",Roger,Northern Cape,18435,chargé de veille législative et réglementaire,French,11
'0302099188083,Nhlanhla,Mngomezulu,Male,2003-02-09,22,Citizen,South Africa,69948853,N/A,N/A,N/A,N/A,N/A,cbiyela@za.net,+1-956-453-0650x546,"41 Cecil Indawo, iKapa, 4000",Benoni,Free State,6515,Minerals surveyor,Zulu,N/A
'0010281720020,Thandazile,Nyawokhulu,Female,2000-10-28,24,Temporary Visa,South Africa,88469648,N/A,N/A,N/A,N/A,N/A,omawewe@africa.com,(644)652-2373x0119,"51 Stanley Indlela, Bloemfontein, 1441",Uitenhage,Limpopo,9737,"Librarian, academic",Zulu,N/A
'AS986088,Luyanda,Khaphela,Male,1994-03-13,31,Citizen,Kenya,K8849910,Asylum Seeker Permit,2024-05-14,2026-05-14,ASP55231,Rejected,nozibusiso47@co.ke,(733)990-7007x21496,"3811 Oxford Indawo, Krugersdorp, 1330",Benoni,Free State,3281,Physiological scientist,Zulu,20
'PR61497296,玉英,张,Female,1996-08-09,29,Citizen,China,20860582,Study Visa,2023-02-15,2033-02-12,PER75718,N/A,vxiang@com.cn,13652822244,湖北省银川县蓟州六盘水路M座 791992,银川市,Eastern Cape,962995,汽车检验/检测,Mandarin,17
'4006250224009,Nobuhle,Nsindane,Female,1940-06-25,85,Permanent Resident,South Africa,12703791,N/A,N/A,N/A,N/A,N/A,sibonelo85@co.za,(239)669-1759,"984 Edward Umgwaqo, Vanderbijlpark, 5362",uMgungundlovu,Western Cape,2164,Psychotherapist,Zulu,N/A
'9408168495073,Sphiwe,Ndonga,Male,1994-08-16,31,Citizen,South Africa,77333949,N/A,N/A,N/A,N/A,N/A,nkwakhanomathemba@za.net,374-776-2617,"2519 William Indawo, Polokwane, 7434",Upington,Mpumalanga,2888,Structural engineer,Zulu,N/A
'TV70580,Eduard,Fischer,Male,1972-06-21,53,Citizen,Germany,796745231,Critical Skills Visa,2024-03-11,2025-06-09,VIS16403,N/A,carl-heinzlinke@germany.com,06918 089904,"Birnbaumweg 6, 96693 Beeskow",Schwäbisch Gmünd,Gauteng,14182,Mechaniker,German,14
'TV46137,凤英,黄,Female,2000-09-08,25,Permanent Resident,China,81863498,Study Visa,2025-07-12,2027-03-25,VIS36487,N/A,lujuan@com.cn,13902784574,内蒙古自治区佳县花溪北镇路v座 697230,荆门县,North West,326702,报关与报检,Mandarin,6
'5405089631066,Thalente,Mcanco,Male,1954-05-08,71,Citizen,South Africa,29995331,N/A,N/A,N/A,N/A,N/A,sibongile75@co.za,9664699032,"636 Cecil Umgwaqo, Polokwane, 9283",Vereeniging,North West,1177,Arts administrator,Zulu,N/A
'7207290756092,Zinhle,Gwanyana,Female,1972-07-29,53,Citizen,South Africa,81607768,N/A,N/A,N/A,N/A,N/A,nobantu23@za.net,001-250-298-0356x66015,"7032 Short Umgwaqo, eGoli, 5813",Kathu,Limpopo,8674,"Engineer, maintenance (IT)",Zulu,N/A
'4301089773079,Njabulo,Bele,Male,1943-01-08,82,Citizen,South Africa,96953383,N/A,N/A,N/A,N/A,N/A,zakhele69@co.za,(422)523-6554,"52 Nelson Mandela Indlela, Vanderbijlpark, 2113",Welkom,Mpumalanga,6896,"Scientist, product/process development",Zulu,N/A
'PR23279173,Musa,Maphalala,Male,1981-04-19,44,Citizen,Ghana,G6589698,Relative's Visa,2022-11-16,2032-11-13,PER69216,N/A,ndlanyathabisa@ghana.com,+1-786-649-9284x08112,"1909 Main Isitaladi, Stellenbosch, 7202",Vanderbijlpark,Gauteng,1749,Actor,Zulu,17
'8508091614078,Nomusa,Goje,Female,1985-08-09,40,Citizen,South Africa,92756028,N/A,N/A,N/A,N/A,N/A,mcwayegugulethu@africa.com,001-242-512-5242x6421,"7023 Smith Indawo, Polokwane, 9620",Klerksdorp,Eastern Cape,6992,"Surveyor, mining",Zulu,N/A
'5702163422047,Gugulethu,Mkholo,Female,1957-02-16,68,Citizen,South Africa,16667158,N/A,N/A,N/A,N/A,N/A,onyawokhulu@za.net,296-383-9124x13734,"4119 Main Isitaladi, Welkom, 9183",Stellenbosch,KwaZulu-Natal,2885,"Sound technician, broadcasting/film/video",Zulu,N/A
'PR61762212,帅,牛,Male,1975-12-14,49,Citizen,China,72289681,Business Visa,2024-08-16,2034-08-14,PER19673,N/A,xiuyingzhou@china.com,15539521056,北京市桂芳县高坪李街b座 586477,勇县,Eastern Cape,581975,西班牙语翻译,Mandarin,1
'4904198250014,SimphiweyiNkosi,Tukane,Male,1949-04-19,76,Permanent Resident,South Africa,18517751,N/A,N/A,N/A,N/A,N/A,mzizibhekokwakhe@co.za,+1-202-420-1156x6227,"902 Queen Ithafa, Springs, 4987",Bloemfontein,North West,9474,"Teacher, special educational needs",Zulu,N/A
'8912020671037,Thembisile,Mabaso,Female,1989-12-02,35,Citizen,South Africa,43347155,N/A,N/A,N/A,N/A,N/A,bhekizizwe80@za.net,236-460-5685x4085,"9576 Frere Ithafa, Uitenhage, 2236",Bloemfontein,Eastern Cape,5301,Chief Marketing Officer,Zulu,N/A
'PR75719019,Guillaume,Courtois,Male,1970-12-22,54,Citizen,United Kingdom,213110310,Study Visa,2023-07-20,2033-07-17,PER23551,N/A,moulinmichele@uk.com,+33 (0)2 41 43 90 13,"avenue Gabriel Leclercq, 70277 Wagner",Hoareau,KwaZulu-Natal,74222,"ingénieur fluides, énergies, réseaux, environnement",French,9
'PR42607660,Maggie,Descamps,Female,1990-10-19,34,Citizen,France,811405871,Work Visa,2025-04-17,2035-04-15,PER14189,N/A,philippine54@france.com,+33 (0)3 25 11 69 82,"83, chemin de Poulain, 45106 Cohen",Lefèvre,Western Cape,90985,encadreur,French,20
'7011013210043,Silondile,Chonco,Female,1970-11-01,54,Citizen,South Africa,72740570,N/A,N/A,N/A,N/A,N/A,zmagononde@za.net,313-427-1719,"390 George Ithafa, Middelburg, 3673",Uitenhage,Free State,9431,Tax inspector,Zulu,N/A
'4405115006072,Bhekani,Shabane,Male,1944-05-11,81,Citizen,South Africa,28090415,N/A,N/A,N/A,N/A,N/A,thembekanhlabathi@co.za,(940)846-7224x30898,"3326 Victoria Indawo, eThekwini, 7970",Thohoyandou,Mpumalanga,8798,"Scientist, marine",Zulu,N/A
'6304233362096,Dumisile,Maphalala,Female,1963-04-23,62,Citizen,South Africa,34817154,N/A,N/A,N/A,N/A,N/A,nomvulandosi@co.za,229.750.5656x1323,"2546 Churchill Isitaladi, Springs, 5169",Randfontein,Eastern Cape,6900,Archaeologist,Zulu,N/A
'TV69494,Rémy,Bernier,Male,2003-11-05,21,Permanent Resident,France,352516735,Critical Skills Visa,2025-03-14,2026-01-17,VIS77692,N/A,helene13@france.com,0579407746,"61, chemin Germain, 53625 Letellier",Dufour,KwaZulu-Natal,97345,concepteur-rédacteur,French,8
'PR72073854,Sihawukele,Mkhungo,Female,2001-12-27,23,Citizen,Malawi,80193081,Work Visa,2023-01-14,2033-01-11,PER37926,N/A,kmashinini@net,+1-471-782-8884,"25 Main Indlela, Bloemfontein, 3469",Klerksdorp,Northern Cape,5417,Forensic scientist,Zulu,20
'9809075581077,Musa,Majozi,Male,1998-09-07,27,Citizen,South Africa,27287635,N/A,N/A,N/A,N/A,N/A,longodezenzile@co.za,791-555-8331,"75 Gandhi Isitaladi, Welkom, 6038",Middelburg,North West,2338,Insurance risk surveyor,Zulu,N/A
'7806039465020,Thabani,Sishangwe,Male,1978-06-03,47,Citizen,South Africa,95478013,N/A,N/A,N/A,N/A,N/A,nonjabulononkosi@za.net,514-844-2942x903,"35 Rivonia Ithafa, Tembisa, 6242",iBhayi,North West,6751,Furniture designer,Zulu,N/A
'7003165758090,Mthokozisi,Ncwane,Male,1970-03-16,55,Citizen,South Africa,89237656,N/A,N/A,N/A,N/A,N/A,ngobesesihawukele@za.net,001-891-929-6734x16210,"7259 Main Umgwaqo, Soweto, 9545",Kimberley,Mpumalanga,5764,"Scientist, biomedical",Zulu,N/A
'8802033170034,Nomathemba,Mkhatshwa,Female,1988-02-03,37,Citizen,South Africa,68260838,N/A,N/A,N/A,N/A,N/A,ncananathalente@co.za,841-363-7438,"596 Joseph Ithafa, Springs, 6887",Paarl,Eastern Cape,4568,Chief Strategy Officer,Zulu,N/A
'9212029651043,Jabulani,Magwaza,Male,1992-12-02,32,Citizen,South Africa,73181041,N/A,N/A,N/A,N/A,N/A,mlungisimngomezulu@za.net,799.218.0754x201,"274 Rivonia Indlela, Boksburg, 4835",Middelburg,Limpopo,8125,Product designer,Zulu,N/A
'7305208543051,Thalente,Mthalane,Male,1973-05-20,52,Citizen,South Africa,41801135,N/A,N/A,N/A,N/A,N/A,kmthethwa@za.net,(735)639-1154x1656,"490 Edward Umgwaqo, Rustenburg, 3365",Mbombela,Eastern Cape,5362,Personal assistant,Zulu,N/A
'4004061258093,Bhekisisa,Bikelwayo,Female,1940-04-06,85,Citizen,South Africa,64888060,N/A,N/A,N/A,N/A,N/A,khulusebandile@africa.com,(816)964-5474,"981 Albertina Sisulu Indlela, Welkom, 8023",Chatsworth,Mpumalanga,9925,Chief of Staff,Zulu,N/A
'8705230268002,Londisizwe,Sabela,Female,1987-05-23,38,Citizen,South Africa,62777763,N/A,N/A,N/A,N/A,N/A,mntimandeandile@co.za,873-384-5804,"8277 Main Umgwaqo, Sasolburg, 3163",Polokwane,Limpopo,1974,Advertising account executive,Zulu,N/A
'9210069556099,Mandlakhe,Khukhuza,Male,1992-10-06,32,Citizen,South Africa,55039411,N/A,N/A,N/A,N/A,N/A,nkazimulosongiya@za.net,001-782-770-8509x0902,"3705 Joseph Ithafa, Upington, 1718",Klerksdorp,Eastern Cape,3944,"Engineer, structural",Zulu,N/A
'PR53660165,Njabulo,Somboni,Male,1996-02-10,29,Citizen,Eswatini,91236755,Retirement Visa,2025-02-18,2035-02-16,PER92722,N/A,thandothabethe@net,001-350-548-0688x880,"427 Paul Kruger Ithafa, Upington, 6730",Newcastle,Western Cape,2455,"Doctor, general practice",Zulu,10
'8905115295063,Luyanda,Ngwazi,Male,1989-05-11,36,Citizen,South Africa,41177849,N/A,N/A,N/A,N/A,N/A,thuthukilemasondo@za.net,+1-939-278-8198x2778,"753 President Ithafa, Centurion, 5169",Stellenbosch,North West,6435,Water quality scientist,Zulu,N/A
'7205187680032,Mlungisi,Gubeshe,Male,1972-05-18,53,Citizen,South Africa,46360021,N/A,N/A,N/A,N/A,N/A,mthokozisibiyase@co.za,001-418-265-3060x1091,"28 King Ithafa, uMgungundlovu, 8150",Centurion,Eastern Cape,6898,"Surveyor, building control",Zulu,N/A
'6711198975044,Bandile,Mangede,Male,1967-11-19,57,Citizen,South Africa,26531082,N/A,N/A,N/A,N/A,N/A,amahlephathwayo@africa.com,001-454-201-9009x8661,"346 Rivonia Umgwaqo, iKapa, 4250",Soweto,Limpopo,5025,Primary school teacher,Zulu,N/A
'8206071480023,Nomagugu,Shibase,Female,1982-06-07,43,Citizen,South Africa,74228422,N/A,N/A,N/A,N/A,N/A,zibuyilembongwa@africa.com,615.862.0518x2072,"2251 Walter Sisulu Indlela, Springs, 7324",Boksburg,Free State,3586,Trading standards officer,Zulu,N/A
'9303193164063,Thandiwe,Mavela,Female,1993-03-19,32,Citizen,South Africa,57715634,N/A,N/A,N/A,N/A,N/A,imbanjwa@africa.com,001-731-512-8495x993,"90 Walter Sisulu Ithafa, Springs, 6537",uMgungundlovu,KwaZulu-Natal,5235,"Production assistant, radio",Zulu,N/A
'0508277631001,SimphiweyiNkosi,Nkabinde,Male,2005-08-27,20,Citizen,South Africa,40989881,N/A,N/A,N/A,N/A,N/A,xnyembezi@co.za,+1-328-568-8633x18528,"82 Main Isitaladi, Kathu, 3288",Kimberley,Limpopo,1140,Horticultural consultant,Zulu,N/A
'8602064243078,Thuthukile,Mgabadeli,Female,1986-02-06,39,Citizen,South Africa,49371961,N/A,N/A,N/A,N/A,N/A,ancanana@africa.com,551.625.0731,"992 Clarence Isitaladi, Chatsworth, 5862",Vereeniging,Eastern Cape,6502,Horticultural therapist,Zulu,N/A
'AS626437,सती,साहा,Female,1985-12-14,39,Citizen,India,20602340,Asylum Seeker Permit,2023-11-28,2025-11-27,ASP53642,Rejected,prnnv28@co.in,016-60535100,"54/47 अनुपम सरीन, अम्बाजी-340914",दालखोला,KwaZulu-Natal,942718,Early years teacher,Hindi,1
'8411174192030,Sihawukele,Mchunu,Female,1984-11-17,40,Citizen,South Africa,75957815,N/A,N/A,N/A,N/A,N/A,malembethandeka@co.za,564.943.5918x3015,"21 Church Isitaladi, Welkom, 5635",Uitenhage,Gauteng,9698,Water engineer,Zulu,N/A
'PR44238907,Nomthandazo,Shamase,Female,1995-08-06,30,Permanent Resident,Eswatini,84771831,Retirement Visa,2024-04-03,2034-04-01,PER49750,N/A,tphewa@net,659.845.7751x0313,"6553 William Indawo, Stellenbosch, 2326",Soweto,KwaZulu-Natal,9679,Geophysicist/field seismologist,Zulu,3
'PR73398637,Agathe,Renault,Female,1992-04-11,33,Citizen,United States,946866410,Study Visa,2025-06-17,2035-06-15,PER18417,N/A,maryseaubert@us.com,0251546553,"157, avenue Lévêque, 24440 Boucher-sur-Becker",Sainte Josette-sur-Mer,Eastern Cape,16271,pilote de ligne,French,14
'5503297143042,Bandile,Sabelo,Male,1955-03-29,70,Citizen,South Africa,92158709,N/A,N/A,N/A,N/A,N/A,siphesihlemashinini@co.za,(904)823-9477,"2096 Queen Isitaladi, iKapa, 8421",Bethlehem,North West,4429,Equities trader,Zulu,N/A
'9407237957008,Lungile,Mlotshwa,Male,1994-07-23,31,Citizen,South Africa,28185807,N/A,N/A,N/A,N/A,N/A,yduze@co.za,+1-592-511-0184x978,"836 Adelaide Umgwaqo, Polokwane, 9299",Krugersdorp,Mpumalanga,3761,Ceramics designer,Zulu,N/A
'8207258298021,Langalibalele,Msindazwe,Male,1982-07-25,43,Citizen,South Africa,88630288,N/A,N/A,N/A,N/A,N/A,sishangwesithembiso@co.za,591.863.5829x730,"622 Albertina Sisulu Indlela, iBhayi, 4523",Klerksdorp,Northern Cape,6216,Tourism officer,Zulu,N/A
'TV48762,Sébastien,Hamel,Male,1976-10-02,48,Citizen,Democratic Republic of Congo,86265190,Work Visa,2024-12-12,2026-03-01,VIS79203,N/A,lebretonpaul@org,+33 (0)2 18 91 67 41,"307, boulevard Leroy, 13918 Clémentnec",Saint Juliette-les-Bains,KwaZulu-Natal,92453,patron pêcheur,French,14
'6203155350007,Lwandile,Dlakela,Male,1962-03-15,63,Citizen,South Africa,31779528,N/A,N/A,N/A,N/A,N/A,mhlabandlovudumisile@za.net,001-588-644-9956,"63 Queen Umgwaqo, Vereeniging, 6438",Mbombela,Free State,9456,"Librarian, academic",Zulu,N/A
'4110108186022,Sibonelo,Dlamdaka,Male,1941-10-10,83,Citizen,South Africa,32249967,N/A,N/A,N/A,N/A,N/A,madenomathalente@za.net,001-589-627-9442,"7653 Victoria Indlela, Krugersdorp, 7819",Boksburg,Eastern Cape,8619,Production engineer,Zulu,N/A
'PR54445188,Zibuyile,Ndabandaba,Female,1981-11-01,43,Citizen,Botswana,BO902824,Study Visa,2024-06-09,2034-06-07,PER30370,N/A,mnqobi83@net,(504)542-8931,"7539 High Ithafa, Thohoyandou, 6056",eGoli,Eastern Cape,3389,Accommodation manager,Zulu,13
'4605179455044,Lungile,Mcanco,Male,1946-05-17,79,Asylum Seeker,South Africa,23576190,N/A,N/A,N/A,N/A,N/A,mcebisigwanyana@za.net,496-582-3849,"6835 James Isitaladi, eThekwini, 1414",Kimberley,Limpopo,5060,Printmaker,Zulu,N/A
'PR30199365,Diego,Sá,Male,1982-06-06,43,Citizen,Mozambique,MO478736,Relative's Visa,2025-04-09,2035-04-07,PER24888,N/A,luisa89@co.mz,(351) 964858101,"Avenida de Domingues, 91, 2309-447 Silves",Valongo,Gauteng,9763-579,Filósofo,Portuguese,13
'TV18971,Micael,Oliveira,Male,1980-05-14,45,Citizen,Mozambique,MO819796,Corporate Visa,2024-11-20,2026-04-18,VIS75963,N/A,dominguesnuria@co.mz,(351) 267150482,"Largo de Anjos, S/N, 1725-534 Évora",São Salvador de Lordelo,Gauteng,3031-719,Consultor de atividades das pescas,Portuguese,4
'9001212796070,Dumisani,Ngcolosi,Female,1990-01-21,35,Citizen,South Africa,90858730,N/A,N/A,N/A,N/A,N/A,kmnomiya@africa.com,(247)546-0885x860,"3832 Paul Kruger Ithafa, Mahikeng, 7923",Vereeniging,Eastern Cape,1215,Historic buildings inspector/conservation officer,Zulu,N/A
'7802233388052,Simphiwe,Madela,Female,1978-02-23,47,Temporary Visa,South Africa,53159345,N/A,N/A,N/A,N/A,N/A,nonjabulongcolosi@za.net,001-554-833-0578,"9536 Long Indlela, Thohoyandou, 7723",Boksburg,Mpumalanga,3286,"Designer, exhibition/display",Zulu,N/A
'6211062735058,Dumisile,Mazwi,Female,1962-11-06,62,Citizen,South Africa,12692103,N/A,N/A,N/A,N/A,N/A,vfenya@za.net,243-266-3943x044,"145 Commissioner Ithafa, Uitenhage, 8264",Rustenburg,Limpopo,3745,Tourism officer,Zulu,N/A
'8301076635059,Mcebisi,Ntshalintshali,Male,1983-01-07,42,Permanent Resident,South Africa,36714156,N/A,N/A,N/A,N/A,N/A,kmzimela@co.za,(354)446-4958x8045,"552 Grey Ithafa, iBhayi, 4835",Vereeniging,North West,7120,Race relations officer,Zulu,N/A
'0502160395057,Nomalanga,Mlungwana,Female,2005-02-16,20,Citizen,South Africa,70063660,N/A,N/A,N/A,N/A,N/A,gebhezilondiwe@co.za,525.722.0091x33853,"74 Grey Indawo, Sasolburg, 2788",iBhayi,Eastern Cape,1036,Sports therapist,Zulu,N/A
'PR77975312,Andile,Gadlela,Male,1978-01-06,47,Citizen,Lesotho,37626225,Retirement Visa,2023-04-05,2033-04-02,PER72752,N/A,mangethethabisile@org,001-964-393-0277,"758 Walter Sisulu Indawo, Bethlehem, 4679",Polokwane,KwaZulu-Natal,2091,Publishing copy,Zulu,4
'TV18187,Émile,Duval,Male,1970-08-12,55,Citizen,Democratic Republic of Congo,68702568,Study Visa,2024-09-04,2025-07-10,VIS77566,N/A,pierre68@com,0233107977,"22, rue de Hernandez, 70574 Saint RobertVille",Maury,Eastern Cape,94342,ingénieur efficacité énergétique du bâtiment,French,3
'7111266445022,Lungile,Sondisa,Male,1971-11-26,53,Citizen,South Africa,54730600,N/A,N/A,N/A,N/A,N/A,sibusisiwebayeni@africa.com,3846858065,"79 Somerset Umgwaqo, Uitenhage, 7224",Kimberley,Northern Cape,7481,Fashion designer,Zulu,N/A
'PR97732504,Langalibalele,Nhlabathi,Male,1999-05-01,26,Citizen,Eswatini,83945181,Relative's Visa,2023-12-18,2033-12-15,PER36122,N/A,dumisaninenzi@org,+1-308-476-9756x86837,"90 Oxford Isitaladi, Thohoyandou, 2125",Uitenhage,Limpopo,6748,Dancer,Zulu,0
'4809150768012,Thembeka,Kheswa,Female,1948-09-15,76,Citizen,South Africa,41591776,N/A,N/A,N/A,N/A,N/A,zibuyile98@co.za,001-493-689-0528x6005,"86 Gandhi Isitaladi, Soweto, 4628",eGoli,Limpopo,6473,"Geologist, wellsite",Zulu,N/A
'PR69179521,Thembile,Sibiya,Female,1972-02-03,53,Permanent Resident,Somalia,87725629,Work Visa,2024-01-27,2034-01-24,PER90191,N/A,nomthandazobiyela@org,+1-240-329-3556x798,"891 Jan Smuts Indawo, Sasolburg, 5872",Vanderbijlpark,Free State,5569,Wellsite geologist,Zulu,4
'PR11574131,Thandeka,Ngobisi,Female,1992-04-04,33,Temporary Visa,Malawi,96593782,Business Visa,2024-08-01,2034-07-30,PER76522,N/A,minenhle69@net,541.395.9435x949,"5958 High Indlela, uMgungundlovu, 2619",iBhayi,Northern Cape,8212,Government social research officer,Zulu,14
'4902286171024,Vusumuzi,Mabhodla,Male,1949-02-28,76,Permanent Resident,South Africa,11653802,N/A,N/A,N/A,N/A,N/A,hlabanganezenzile@co.za,(951)718-0056,"103 Milner Ithafa, Vereeniging, 7646",Soweto,Mpumalanga,5335,Insurance risk surveyor,Zulu,N/A
'PR90393049,Carlos,Pohl,Male,1985-03-19,40,Citizen,Germany,871440242,Corporate Visa,2025-03-24,2035-03-22,PER26143,N/A,ztrapp@de,0329739736,"Wiekplatz 1492, 53712 Bischofswerda",Jüterbog,KwaZulu-Natal,89158,Asphaltbauer,German,13
'5509017846005,Mlungisi,Dlakadla,Male,1955-09-01,70,Citizen,South Africa,74394181,N/A,N/A,N/A,N/A,N/A,mhlabandlovuzakhele@za.net,729-943-5137x681,"7461 Grey Indlela, Middelburg, 8369",Mbombela,KwaZulu-Natal,8062,Physiological scientist,Zulu,N/A
'TV93623,Gugu,Sibanda,Female,1980-03-04,45,Temporary Visa,Ghana,G9450181,Business Visa,2024-09-26,2027-08-14,VIS22211,N/A,mangedenomvula@com.gh,+1-361-424-0608,"7221 Victoria Ithafa, Bethlehem, 1152",Witbank,North West,5405,Energy engineer,Zulu,11
'TV51174,कौशल्या,कौल,Female,1978-06-17,47,Temporary Visa,India,81991999,Business Visa,2023-11-19,2026-11-17,VIS11533,N/A,guljaar65@india.com,+91 4443857235,"8184 भारत भटनागर, अन्तर्गत 721256",बचेली,KwaZulu-Natal,500427,"Surveyor, building control",Hindi,5
'TV69441,Sibusiso,Yei,Male,1975-12-26,49,Citizen,Nigeria,N1665753,Work Visa,2025-08-13,2026-12-30,VIS41092,N/A,bhekizizwemnqamu@com.ng,+1-332-862-4152,"35 Adelaide Indawo, Stellenbosch, 8125",Musina,Limpopo,4188,"Accountant, chartered management",Zulu,4
'0206307507086,Mandla,Mseleku,Male,2002-06-30,23,Permanent Resident,South Africa,53224362,N/A,N/A,N/A,N/A,N/A,mandla84@africa.com,(716)416-9200x6102,"77 Nelson Mandela Indlela, Sasolburg, 8942",Mahikeng,Limpopo,9869,Geophysicist/field seismologist,Zulu,N/A
'7412228045068,Mlungisi,Mfusi,Male,1974-12-22,50,Permanent Resident,South Africa,19664763,N/A,N/A,N/A,N/A,N/A,oncwaba@co.za,445-725-9647,"42 Milner Indlela, eGoli, 3486",eGoli,Free State,7390,Ergonomist,Zulu,N/A
'5910087386066,S'fiso,Guma,Male,1959-10-08,65,Permanent Resident,South Africa,19651326,N/A,N/A,N/A,N/A,N/A,lungilegininda@za.net,978.772.9283,"9378 Nelson Mandela Umgwaqo, Mahikeng, 1345",Vereeniging,Limpopo,3225,"Engineer, petroleum",Zulu,N/A
'4202191058052,Thandazile,Mbutho,Female,1942-02-19,83,Citizen,South Africa,74509203,N/A,N/A,N/A,N/A,N/A,ximbanomusa@za.net,+1-628-281-5356x177,"363 Walter Sisulu Indawo, Rustenburg, 8122",Stellenbosch,Eastern Cape,1111,"Therapist, drama",Zulu,N/A
'9601229659053,Mandla,Ndlala,Male,1996-01-22,29,Citizen,South Africa,52100377,N/A,N/A,N/A,N/A,N/A,sibongilehlela@co.za,(485)491-1763,"161 Napier Isitaladi, Sasolburg, 8019",George,Limpopo,7029,Air cabin crew,Zulu,N/A
'5006068307051,Thabani,Shabangu,Male,1950-06-06,75,Citizen,South Africa,48103406,N/A,N/A,N/A,N/A,N/A,nomcebo68@africa.com,814-917-4373x05691,"711 Somerset Ithafa, Witbank, 8174",Polokwane,Northern Cape,8982,Tourism officer,Zulu,N/A
'PR89272587,Nomthandazo,Dlakela,Female,1995-10-28,29,Citizen,Zambia,25474198,Corporate Visa,2023-07-30,2033-07-27,PER82393,N/A,bhebhelungile@net,(746)413-0701x47820,"5691 York Indawo, Vanderbijlpark, 5284",Welkom,Eastern Cape,1001,Health promotion specialist,Zulu,8
'6301053746052,Bhekizizwe,Ndabandaba,Female,1963-01-05,62,Temporary Visa,South Africa,98972715,N/A,N/A,N/A,N/A,N/A,thabani23@co.za,001-647-834-4946x8278,"80 York Indawo, uMgungundlovu, 3146",Chatsworth,Northern Cape,5054,Ergonomist,Zulu,N/A
'TV17945,Nomcebo,Ntuli,Female,1971-09-25,53,Citizen,Botswana,BO303089,Retirement Visa,2022-12-14,2025-10-17,VIS84351,N/A,mtimandenoxolo@net,001-992-726-4038x05512,"92 Nelson Mandela Indawo, Klerksdorp, 9119",Thohoyandou,Gauteng,9481,Cabin crew,Zulu,7
'7203205376081,Siyabonga,Mkholo,Male,1972-03-20,53,Permanent Resident,South Africa,40018864,N/A,N/A,N/A,N/A,N/A,bmadlanduna@za.net,534-924-8165,"376 Queen Indlela, uMgungundlovu, 9676",Upington,Western Cape,3998,Product/process development scientist,Zulu,N/A
'4810287201089,Mandla,Mahlaba,Male,1948-10-28,76,Citizen,South Africa,38219518,N/A,N/A,N/A,N/A,N/A,eayize@za.net,001-879-737-3372x583,"503 York Isitaladi, Bloemfontein, 2412",Rustenburg,Gauteng,4992,Armed forces operational officer,Zulu,N/A
'8801231783024,Nozizwe,Maphisa,Female,1988-01-23,37,Citizen,South Africa,46456796,N/A,N/A,N/A,N/A,N/A,mnqayithembeka@za.net,971-343-3599x775,"4360 Grey Indlela, Paarl, 8092",Vereeniging,Free State,5921,Intelligence analyst,Zulu,N/A
'6508283884023,Owethu,Cibane,Female,1965-08-28,60,Citizen,South Africa,77026363,N/A,N/A,N/A,N/A,N/A,vgoba@co.za,930-268-9892x312,"66 Joseph Isitaladi, Newcastle, 2629",Mahikeng,Mpumalanga,3052,"Education officer, museum",Zulu,N/A
'5705295330008,Sibusiso,Ndwandwe,Male,1957-05-29,68,Citizen,South Africa,35045113,N/A,N/A,N/A,N/A,N/A,mkhandlelanomathemba@co.za,001-850-833-5618x3311,"673 Smith Indawo, Tembisa, 2663",Potchefstroom,KwaZulu-Natal,6918,Patent attorney,Zulu,N/A
'9010085213030,Andile,Dimbane,Male,1990-10-08,34,Permanent Resident,South Africa,60871348,N/A,N/A,N/A,N/A,N/A,gazusiphesihle@co.za,001-495-844-9378x3660,"9772 West Isitaladi, Springs, 4361",Mbombela,KwaZulu-Natal,3117,Broadcast presenter,Zulu,N/A
'6407181406028,Mnqobi,Mphazima,Female,1964-07-18,61,Permanent Resident,South Africa,41168108,N/A,N/A,N/A,N/A,N/A,zmdlenevu@africa.com,001-957-970-8809,"2345 Joseph Ithafa, Uitenhage, 6319",Newcastle,Mpumalanga,5657,Architect,Zulu,N/A
'TV94058,淑珍,刘,Female,1970-10-17,54,Citizen,China,82968483,Work Visa,2024-02-13,2024-10-20,VIS34451,N/A,na35@china.com,18760964395,山西省玉县涪城拉萨路K座 688809,兴城县,North West,981324,锅炉工程师/技师,Mandarin,17
'4106284612057,Bhekizizwe,Mabhena,Female,1941-06-28,84,Temporary Visa,South Africa,97956483,N/A,N/A,N/A,N/A,N/A,bnyathi@za.net,001-340-580-5312x564,"89 George Ithafa, Randfontein, 6853",Thohoyandou,Gauteng,2352,Learning disability nurse,Zulu,N/A
'4005019445023,Sibusiso,Gcaleka,Male,1940-05-01,85,Citizen,South Africa,99524205,N/A,N/A,N/A,N/A,N/A,mlungisinjinji@co.za,740.812.1065,"57 Nelson Mandela Ithafa, eGoli, 5296",Soweto,Eastern Cape,8100,Manufacturing engineer,Zulu,N/A
'6603092853062,Thembeka,Ntshangase,Female,1966-03-09,59,Permanent Resident,South Africa,68411012,N/A,N/A,N/A,N/A,N/A,mpikelagugu@za.net,(908)926-0171,"85 Prince Umgwaqo, Bethlehem, 3576",Newcastle,KwaZulu-Natal,4957,Adult guidance worker,Zulu,N/A
'8808178098079,Zenzele,Ncusi,Male,1988-08-17,37,Permanent Resident,South Africa,42462689,N/A,N/A,N/A,N/A,N/A,londiwe72@co.za,8853143979,"945 Thomas Indlela, iBhayi, 2245",Bloemfontein,Limpopo,5703,"Scientist, audiological",Zulu,N/A
'8104272306064,Mnqobi,Nondaba,Female,1981-04-27,44,Permanent Resident,South Africa,18423900,N/A,N/A,N/A,N/A,N/A,gambubhekisisa@co.za,001-747-227-3230x6722,"7643 West Umgwaqo, Kathu, 9897",Randfontein,Eastern Cape,2817,Network engineer,Zulu,N/A
'7308231950023,Dumisani,Chiliza,Female,1973-08-23,52,Citizen,South Africa,72219998,N/A,N/A,N/A,N/A,N/A,siphesihle16@za.net,+1-389-594-8533x0116,"1568 Somerset Umgwaqo, Newcastle, 6103",Randfontein,KwaZulu-Natal,7335,"Scientist, marine",Zulu,N/A
'PR32219978,Nozibusiso,Khumalo,Female,2000-04-25,25,Temporary Visa,Ghana,G2975594,Relative's Visa,2023-03-23,2033-03-20,PER33881,N/A,bndlovu@com.gh,378.406.6366,"3979 Clarence Umgwaqo, Witbank, 9883",Vanderbijlpark,Eastern Cape,6635,Data processing manager,Zulu,14
'7702287597076,Thalente,Juqula,Male,1977-02-28,48,Asylum Seeker,South Africa,89383766,N/A,N/A,N/A,N/A,N/A,mdotshanazenzile@za.net,516-656-2633x3680,"35 George Ithafa, Kimberley, 2491",Musina,Eastern Cape,5231,Estate manager/land agent,Zulu,N/A
'TV86291,Arthur,Benard,Male,1994-04-15,31,Citizen,United States,712234638,Study Visa,2023-03-05,2024-10-07,VIS86022,N/A,eugenevallet@us.com,+33 (0)5 56 65 98 79,"72, chemin de Auger, 85800 Langlois-les-Bains",Sainte Luceboeuf,Gauteng,89968,employé de restaurant,French,4
'8207293759034,Nokulunga,Mlungwana,Female,1982-07-29,43,Citizen,South Africa,45660461,N/A,N/A,N/A,N/A,N/A,sphiwemadiba@co.za,(995)236-1900x8876,"46 Grey Indlela, Tembisa, 3838",Middelburg,Limpopo,3755,"Editor, film/video",Zulu,N/A
'7110141841069,Gugulethu,Malembe,Female,1971-10-14,53,Temporary Visa,South Africa,95908334,N/A,N/A,N/A,N/A,N/A,zvundla@africa.com,273-312-1557,"39 George Umgwaqo, Witbank, 9629",Randfontein,Western Cape,9932,"Therapist, nutritional",Zulu,N/A
'PR16851045,Christine,Adam,Female,1970-11-06,54,Citizen,Democratic Republic of Congo,72953508,Study Visa,2024-03-21,2034-03-19,PER66704,N/A,jeromerodrigues@com,+33 (0)3 63 64 91 04,"49, rue de Guichard, 19191 Sainte Olivie",GautierVille,Eastern Cape,38141,façadier,French,14
'AS615013,Nonjabulo,Mgobhozi,Female,1970-05-12,55,Citizen,Botswana,BO513798,Asylum Seeker Permit,2023-09-24,2025-09-23,ASP46693,Appeal Pending,umhlanga@org,(602)864-1910x63900,"98 Grey Ithafa, Bethlehem, 9367",Krugersdorp,Western Cape,9959,Cabin crew,Zulu,9
'6806287331007,Thabani,Shoba,Male,1968-06-28,57,Temporary Visa,South Africa,89794631,N/A,N/A,N/A,N/A,N/A,zibuyilemdlumbi@co.za,(783)231-1375,"26 Grey Indawo, Kathu, 3379",eThekwini,Gauteng,1972,Photographer,Zulu,N/A
'PR22112960,Ndumiso,Nongalaza,Female,2001-02-11,24,Asylum Seeker,Kenya,K5351987,Business Visa,2024-01-21,2034-01-18,PER90259,N/A,bhembethembekile@co.ke,001-621-339-9765x398,"4847 Edward Indlela, Krugersdorp, 4230",uMgungundlovu,North West,7865,"Pharmacist, community",Zulu,17
'9305309149002,SimphiweyiNkosi,Gwija,Male,1993-05-30,32,Citizen,South Africa,57118981,N/A,N/A,N/A,N/A,N/A,shabalalathabisa@co.za,410-736-8052x620,"6600 Victoria Indawo, uMgungundlovu, 9029",Benoni,Northern Cape,8247,Data scientist,Zulu,N/A
'5811193159037,Sibusisiwe,Nkomose,Female,1958-11-19,66,Temporary Visa,South Africa,38115841,N/A,N/A,N/A,N/A,N/A,zenzilemcanco@co.za,2749246392,"3271 Long Indawo, Upington, 4597",Middelburg,Western Cape,9125,Cartographer,Zulu,N/A
'6007310838096,Thabisile,Mkhandlela,Female,1960-07-31,65,Citizen,South Africa,52972704,N/A,N/A,N/A,N/A,N/A,njabulo27@za.net,(469)588-2247x814,"65 Somerset Isitaladi, eGoli, 8760",Kathu,Western Cape,6230,"Research officer, trade union",Zulu,N/A
'PR39666389,Joseph,Bouchet,Male,1982-03-13,43,Citizen,United Kingdom,696417278,Critical Skills Visa,2023-03-21,2033-03-18,PER66382,N/A,oalbert@uk.com,01 58 51 96 67,"9, boulevard Pierre Maréchal, 86124 Fischer",Sainte Philippinenec,North West,60881,météorologiste,French,9
'0504288313059,Thando,Khosini,Male,2005-04-28,20,Citizen,South Africa,26357566,N/A,N/A,N/A,N/A,N/A,ykhulu@co.za,776.348.3000,"3113 Frere Indlela, Centurion, 5530",Potchefstroom,North West,1048,Chief Technology Officer,Zulu,N/A
'9506152498008,Noxolo,Nkosi,Female,1995-06-15,30,Citizen,South Africa,72512912,N/A,N/A,N/A,N/A,N/A,bhekanihadebe@co.za,422.206.3910x162,"910 Walter Sisulu Indawo, Soweto, 5658",eGoli,Limpopo,1762,Warehouse manager,Zulu,N/A
'6405304566057,Nomagugu,Mbuyisa,Female,1964-05-30,61,Permanent Resident,South Africa,66315370,N/A,N/A,N/A,N/A,N/A,bhekokwakhe73@co.za,(418)362-3803x7766,"48 York Indlela, Potchefstroom, 7712",George,Gauteng,4340,Travel agency manager,Zulu,N/A
'8709026112040,Siyabonga,Mathetha,Male,1987-09-02,38,Citizen,South Africa,91005353,N/A,N/A,N/A,N/A,N/A,mlondothandiwe@africa.com,741-976-7629x1158,"49 Main Umgwaqo, Benoni, 1603",Witbank,Eastern Cape,7402,Community education officer,Zulu,N/A
'4012154701017,Thalente,Nkumane,Female,1940-12-15,84,Permanent Resident,South Africa,60397371,N/A,N/A,N/A,N/A,N/A,njinjinomathemba@za.net,+1-524-634-0900x52564,"849 Commissioner Isitaladi, Polokwane, 4970",Middelburg,Limpopo,9078,Health promotion specialist,Zulu,N/A
'5808149942091,Andile,Wanda,Male,1958-08-14,67,Citizen,South Africa,99149002,N/A,N/A,N/A,N/A,N/A,amsane@co.za,001-396-880-1276x4243,"18 Stanley Isitaladi, Newcastle, 7445",Klerksdorp,Gauteng,1743,Mental health nurse,Zulu,N/A
'TV43775,Silondile,Vilakazi,Female,1993-11-01,31,Citizen,Somalia,21517052,Relative's Visa,2023-12-09,2024-10-07,VIS42713,N/A,ndumiso31@org,(696)529-8763x08193,"224 Nelson Mandela Isitaladi, Musina, 1064",Thohoyandou,Mpumalanga,9412,"Restaurant manager, fast food",Zulu,1
'6711092310002,Nokulunga,Njapha,Female,1967-11-09,57,Citizen,South Africa,65439944,N/A,N/A,N/A,N/A,N/A,gugu06@co.za,999-735-9432x88699,"349 William Umgwaqo, iBhayi, 8771",Randfontein,Northern Cape,8127,Arts development officer,Zulu,N/A
'0509213857059,Sibongile,Lukhele,Female,2005-09-21,19,Citizen,South Africa,34428840,N/A,N/A,N/A,N/A,N/A,wncusi@za.net,785.941.8784x8589,"399 Grey Indawo, Sasolburg, 6114",Chatsworth,Western Cape,5263,Marketing executive,Zulu,N/A
'AS283710,Thabisile,Nondaba,Female,1977-08-28,48,Citizen,Lesotho,35351375,Asylum Seeker Permit,2025-01-29,2027-01-29,ASP15205,Application Submitted,mbhensenonhlanhla@net,616.737.5972x71969,"7080 Edward Ithafa, Thohoyandou, 1174",Mahikeng,KwaZulu-Natal,4334,Paramedic,Zulu,0
'9701302902068,Owethu,Nonkululeko,Female,1997-01-30,28,Citizen,South Africa,79964750,N/A,N/A,N/A,N/A,N/A,ononkosi@africa.com,917-813-0408x716,"21 York Ithafa, Polokwane, 2983",Vereeniging,Limpopo,3182,Dispensing optician,Zulu,N/A
'8711134163017,Zinhle,Msane,Female,1987-11-13,37,Citizen,South Africa,59678054,N/A,N/A,N/A,N/A,N/A,qkhomo@za.net,475.849.5725x323,"8803 Prince Isitaladi, Boksburg, 7328",Musina,Limpopo,4038,Insurance account manager,Zulu,N/A
'0301072318087,Nomasonto,Ndlondlo,Female,2003-01-07,22,Temporary Visa,South Africa,97022850,N/A,N/A,N/A,N/A,N/A,luyanda16@co.za,001-501-678-4836,"8207 Prince Umgwaqo, Springs, 7033",Vanderbijlpark,Northern Cape,9493,"Engineer, biomedical",Zulu,N/A
'5301114140014,Thandazile,Masuku,Female,1953-01-11,72,Citizen,South Africa,50103388,N/A,N/A,N/A,N/A,N/A,umabika@za.net,001-796-745-4477x489,"9409 Victoria Indawo, Stellenbosch, 7887",Sasolburg,Gauteng,1703,Commercial/residential surveyor,Zulu,N/A
'TV51532,秀荣,范,Female,1970-02-14,55,Citizen,China,36838758,Corporate Visa,2023-06-18,2024-03-31,VIS48714,N/A,nading@china.com,13188102507,澳门特别行政区六安市清城董街w座 689903,银川市,Gauteng,903184,专柜彩妆顾问(BA),Mandarin,12
'7601111811098,Sihawukele,Mvelase,Female,1976-01-11,49,Permanent Resident,South Africa,18822697,N/A,N/A,N/A,N/A,N/A,zshabalala@za.net,+1-444-737-2106x67409,"1013 Voortrekker Isitaladi, Musina, 8554",Rustenburg,Eastern Cape,3813,Risk manager,Zulu,N/A
'8510146690060,Zenzele,Bhengu,Male,1985-10-14,39,Citizen,South Africa,64965042,N/A,N/A,N/A,N/A,N/A,khathininomalanga@africa.com,961-695-2207,"3624 Main Isitaladi, Sasolburg, 1124",Thohoyandou,Eastern Cape,3913,Merchant navy officer,Zulu,N/A
'6301038361009,S'fiso,Menziwa,Male,1963-01-03,62,Citizen,South Africa,39983980,N/A,N/A,N/A,N/A,N/A,mbokazinomasonto@africa.com,704-459-6069x4246,"882 Long Indawo, Thohoyandou, 4846",Tembisa,KwaZulu-Natal,4874,"Designer, fashion/clothing",Zulu,N/A
'AS119134,Thabisile,Hlumakazi,Female,1983-05-27,42,Citizen,Ghana,G6734751,Asylum Seeker Permit,2024-04-11,2026-04-11,ASP78738,Interview Scheduled,sithembisophakathi@ghana.com,244-785-9606x02872,"68 West Umgwaqo, Middelburg, 3155",Vanderbijlpark,Gauteng,1776,"Sales professional, IT",Zulu,10
'8001266514094,Mcebisi,Khwane,Male,1980-01-26,45,Citizen,South Africa,28632714,N/A,N/A,N/A,N/A,N/A,mabizelalondisizwe@co.za,001-504-977-6083x47617,"494 Gandhi Indlela, Vereeniging, 7182",Vanderbijlpark,Mpumalanga,8873,Information officer,Zulu,N/A
'PR50818520,Bertrand,Ferreira,Male,1975-07-23,50,Citizen,United Kingdom,247157753,Retirement Visa,2025-07-24,2035-07-22,PER45779,N/A,julienguillon@co.uk,0173684111,"8, rue de Caron, 93509 Saint Élise",Rousseauboeuf,Free State,61224,inspecteur du permis de conduire et de la sécurité routière,French,2
'5803147294087,Siyabonga,Wela,Male,1958-03-14,67,Permanent Resident,South Africa,89266208,N/A,N/A,N/A,N/A,N/A,vunisanozibusiso@za.net,375-536-1007x243,"540 Napier Indawo, Mahikeng, 7933",eGoli,Eastern Cape,1043,Financial risk analyst,Zulu,N/A
'4107229281082,Siyabonga,Gabadela,Male,1941-07-22,84,Citizen,South Africa,71308039,N/A,N/A,N/A,N/A,N/A,thandeka41@africa.com,(227)992-1799x6449,"8359 Churchill Ithafa, Middelburg, 2563",Mahikeng,Limpopo,4768,Science writer,Zulu,N/A
'7110068906078,Mzamo,Mbatshazwa,Male,1971-10-06,53,Citizen,South Africa,16157599,N/A,N/A,N/A,N/A,N/A,bhekisisanzuza@africa.com,279-533-7666x7333,"3026 King Isitaladi, Chatsworth, 5448",Springs,KwaZulu-Natal,4623,Medical secretary,Zulu,N/A
'5206149513070,Siyabonga,Mpumuza,Male,1952-06-14,73,Citizen,South Africa,46735517,N/A,N/A,N/A,N/A,N/A,dumisile66@co.za,001-813-472-3742x1527,"9406 Adelaide Isitaladi, Kathu, 9909",Polokwane,KwaZulu-Natal,2830,Industrial/product designer,Zulu,N/A
'AS902530,Bandile,Thumbeza,Male,1974-03-21,51,Citizen,Somalia,61177714,Asylum Seeker Permit,2023-10-01,2025-09-30,ASP62117,Under Review,sondininozibusiso@com,(777)305-4791,"189 Prince Indlela, Klerksdorp, 3112",Musina,North West,8140,Counselling psychologist,Zulu,5
'9411259036037,Mandlakhe,Tukane,Male,1994-11-25,30,Citizen,South Africa,96281336,N/A,N/A,N/A,N/A,N/A,mehloluhlazathandeka@co.za,001-305-870-0197x52464,"6505 Churchill Umgwaqo, Sasolburg, 7501",Centurion,Gauteng,2568,"Radiographer, diagnostic",Zulu,N/A
'6208265570042,Thabani,Mbhense,Male,1962-08-26,63,Citizen,South Africa,97242808,N/A,N/A,N/A,N/A,N/A,zenzilendlandla@africa.com,(832)286-3370,"101 Oxford Umgwaqo, Upington, 9500",Potchefstroom,Gauteng,9462,Youth worker,Zulu,N/A
'7202202197031,Thandeka,Mwelase,Female,1972-02-20,53,Citizen,South Africa,91618870,N/A,N/A,N/A,N/A,N/A,mnqobi02@co.za,550-858-1229,"84 Gandhi Ithafa, eThekwini, 2916",Klerksdorp,KwaZulu-Natal,5983,Psychiatrist,Zulu,N/A
'PR78814977,S'fiso,Ngobese,Male,1975-12-23,49,Permanent Resident,Ethiopia,29891114,Business Visa,2023-12-18,2033-12-15,PER42960,N/A,sibusiso73@org,669-371-6816x51740,"78 King Indlela, Sasolburg, 2678",Kathu,Northern Cape,2005,Manufacturing engineer,Zulu,15
'TV36756,Daniel,Delorme,Male,1986-08-28,39,Permanent Resident,France,481917100,Retirement Visa,2023-06-06,2024-01-15,VIS44193,N/A,gaillardcharles@france.com,0531550466,"7, rue Charlotte Torres, 42322 Lecomte-la-Forêt",Baronboeuf,KwaZulu-Natal,06215,chargé d'études en marketing,French,7
'0103060247028,Nomathalente,Soduba,Female,2001-03-06,24,Citizen,South Africa,35203161,N/A,N/A,N/A,N/A,N/A,silondile88@za.net,001-538-640-3127x27049,"25 King Indlela, Tembisa, 3380",Randfontein,Eastern Cape,2437,Financial manager,Zulu,N/A
'6404205788028,Mlungisi,Gobhozi,Male,1964-04-20,61,Citizen,South Africa,73851527,N/A,N/A,N/A,N/A,N/A,yndlala@africa.com,4835404752,"3169 Napier Indlela, Krugersdorp, 4313",Randfontein,Free State,1311,"Engineer, communications",Zulu,N/A
'PR23898064,Julien,Ruiz,Male,1980-06-20,45,Citizen,United States,966142601,Retirement Visa,2023-06-16,2033-06-13,PER56549,N/A,davidlopes@us.com,+33 2 21 76 02 98,"22, avenue Guillet, 50695 Michel",Mace,Gauteng,79643,technicien en automatismes,French,11
'4810202559024,Thembeka,Mkhokeleleki,Female,1948-10-20,76,Citizen,South Africa,78413663,N/A,N/A,N/A,N/A,N/A,qthuliswayo@co.za,748.423.4458,"3125 Adelaide Umgwaqo, Uitenhage, 6267",Paarl,Limpopo,7576,Arboriculturist,Zulu,N/A
'9802275751062,Sibusiso,Nongalo,Male,1998-02-27,27,Citizen,South Africa,47376405,N/A,N/A,N/A,N/A,N/A,smzukase@africa.com,001-831-256-3503x56245,"431 Joseph Indlela, Springs, 5876",Centurion,Limpopo,6751,"Physicist, medical",Zulu,N/A
'7907290232052,Busisiwe,Magagula,Female,1979-07-29,46,Citizen,South Africa,17941628,N/A,N/A,N/A,N/A,N/A,lungilefenya@co.za,4752856897,"9457 Victoria Indlela, eThekwini, 6576",Uitenhage,Gauteng,4739,"Engineer, chemical",Zulu,N/A
'PR20036065,Rosel,Jockel,Female,1972-05-13,53,Permanent Resident,Germany,657825612,Study Visa,2025-06-17,2035-06-15,PER52424,N/A,pgiess@germany.com,09475249718,"Ritterstraße 88, 44493 Neubrandenburg",Roding,North West,79539,Binnenschiffer,German,11
'7406261624084,Thembekile,Mtimande,Female,1974-06-26,51,Citizen,South Africa,18821138,N/A,N/A,N/A,N/A,N/A,nsomboni@za.net,(362)366-8585,"75 Edward Indawo, George, 3282",eGoli,North West,2567,Tax adviser,Zulu,N/A
'7604139850084,Nhlanhla,Mcanyana,Male,1976-04-13,49,Permanent Resident,South Africa,53667423,N/A,N/A,N/A,N/A,N/A,nomalanga88@africa.com,+1-408-473-6166x3331,"4019 Prince Indlela, Middelburg, 2510",Sasolburg,Northern Cape,4054,Optometrist,Zulu,N/A
'TV12405,Harold,Karge,Male,1998-07-17,27,Permanent Resident,Germany,637096961,Work Visa,2023-10-19,2026-03-24,VIS44045,N/A,lutzloos@de,+49(0)7347 781768,"Eberthallee 67, 26293 Erfurt",Roding,Gauteng,54108,Erzieher,German,4
'8701210083099,Sihawukele,Nyongwana,Female,1987-01-21,38,Citizen,South Africa,69926816,N/A,N/A,N/A,N/A,N/A,mnquhemandla@co.za,5527978615,"499 York Indawo, Randfontein, 9692",iBhayi,Western Cape,5457,Plant breeder/geneticist,Zulu,N/A
'9604183229020,Thabisa,Mnikathi,Female,1996-04-18,29,Citizen,South Africa,41291086,N/A,N/A,N/A,N/A,N/A,mbamalithabisa@za.net,911.804.6191x66068,"661 Albertina Sisulu Umgwaqo, Bethlehem, 9873",George,Limpopo,1532,Haematologist,Zulu,N/A
'4802174604044,Mnqobi,Ndimande,Female,1948-02-17,77,Temporary Visa,South Africa,13687002,N/A,N/A,N/A,N/A,N/A,cmthimkhulu@co.za,3387091439,"493 William Isitaladi, Witbank, 8982",Paarl,Free State,9380,"Scientist, audiological",Zulu,N/A
'PR90188598,Débora,Cunha,Female,1988-06-01,37,Citizen,Mozambique,MO312809,Work Visa,2024-03-14,2034-03-12,PER96326,N/A,macedopatricia@mozambique.com,924 154 047,"Rua Magalhães, 48, 5829-872 Covilhã",Espinho,Eastern Cape,9839-496,"Instalador e reparador, de tecnologias de informação e comunicação",Portuguese,14
'9212246147059,Mlungisi,Hlongwane,Male,1992-12-24,32,Asylum Seeker,South Africa,15365350,N/A,N/A,N/A,N/A,N/A,mbekwasimphiweyinkosi@za.net,+1-664-951-0908,"6998 George Indawo, Uitenhage, 3332",Chatsworth,Western Cape,8097,Health and safety inspector,Zulu,N/A
'AS969986,Thembekile,Mkhokeleleki,Female,1980-10-24,44,Citizen,Lesotho,91587551,Asylum Seeker Permit,2024-05-05,2026-05-05,ASP89345,Interview Scheduled,sibusisiwesibaya@org,600.358.7548x146,"7589 Short Indlela, Bloemfontein, 2021",Soweto,Northern Cape,1397,Financial risk analyst,Zulu,19
'6707235006023,Zenzele,Khanyile,Male,1967-07-23,58,Permanent Resident,South Africa,91414273,N/A,N/A,N/A,N/A,N/A,nongalomlungisi@za.net,(943)409-5304,"8310 William Umgwaqo, uMgungundlovu, 5905",Benoni,Free State,2024,"Physicist, medical",Zulu,N/A
'PR95177104,Andile,Mzoneli,Male,2005-07-23,20,Citizen,Eswatini,26887982,Business Visa,2024-02-19,2034-02-16,PER19060,N/A,silondile63@net,+1-331-785-1609x64812,"8003 Church Ithafa, eGoli, 2386",Paarl,Limpopo,8012,Camera operator,Zulu,9
'TV56236,Thandeka,Mzukase,Female,2001-12-27,23,Citizen,Kenya,K9278956,Work Visa,2025-01-31,2026-07-31,VIS82443,N/A,silondile24@co.ke,(288)227-0372,"21 Charles Ithafa, Polokwane, 7810",Vereeniging,KwaZulu-Natal,3666,Market researcher,Zulu,17
'PR90264900,玉兰,张,Female,1974-07-16,51,Permanent Resident,China,88389197,Relative's Visa,2024-03-01,2034-02-27,PER12647,N/A,gangzhao@com.cn,13935409171,北京市邯郸市西夏澳门街x座 214099,红霞市,Mpumalanga,189769,产品/品牌专员,Mandarin,14
'PR95951517,刚,阎,Male,1984-01-10,41,Permanent Resident,China,95928413,Study Visa,2023-05-04,2033-05-01,PER79931,N/A,tsong@china.com,15670094744,宁夏回族自治区凯县清城合山路c座 525055,刚市,North West,395978,收银员,Mandarin,0
'5602226334099,Njabulo,Ndwandwe,Male,1956-02-22,69,Citizen,South Africa,65923845,N/A,N/A,N/A,N/A,N/A,andileshibase@za.net,+1-981-347-3125x844,"93 Milner Indlela, Chatsworth, 5179",Bethlehem,Western Cape,9598,Arboriculturist,Zulu,N/A
'PR98193726,David,Michaud,Male,1996-08-08,29,Citizen,United States,491964966,Study Visa,2023-12-11,2033-12-08,PER70958,N/A,bdavid@us.com,+33 (0)2 23 71 18 02,"126, avenue de Collet, 46760 Saint JérômeVille",Caron,Gauteng,90770,chargé d'études naturalistes,French,1
'5812138147074,Bhekani,Manzezulu,Male,1958-12-13,66,Permanent Resident,South Africa,97695731,N/A,N/A,N/A,N/A,N/A,gcalekamlungisi@co.za,(990)440-5039x8284,"30 Somerset Indawo, Paarl, 8677",Musina,Western Cape,8694,Clothing/textile technologist,Zulu,N/A
'5309278268024,SimphiweyiNkosi,Ndabezitha,Male,1953-09-27,71,Citizen,South Africa,85008953,N/A,N/A,N/A,N/A,N/A,nozibusisogambu@africa.com,001-632-220-7999x889,"3266 Short Isitaladi, Mbombela, 1792",Rustenburg,North West,5682,"Engineer, biomedical",Zulu,N/A
'PR62160504,Musa,Yengwayo,Male,1984-08-06,41,Citizen,Zambia,42793617,Retirement Visa,2025-07-04,2035-07-02,PER55833,N/A,sokhelalondisizwe@com,+1-500-358-0401x904,"455 Paul Kruger Isitaladi, Randfontein, 3913",Klerksdorp,Gauteng,4717,Pathologist,Zulu,2
'AS444269,Nomthandazo,Mbuyazi,Female,1997-09-13,28,Citizen,Nigeria,N2694426,Asylum Seeker Permit,2024-06-17,2026-06-17,ASP35955,Appeal Pending,blosebhekani@nigeria.com,001-215-722-7417x462,"22 Paul Kruger Ithafa, Uitenhage, 5617",eGoli,KwaZulu-Natal,9272,Teaching laboratory technician,Zulu,19
'9402254985076,Nokulunga,Mkhokeleleki,Female,1994-02-25,31,Temporary Visa,South Africa,90318669,N/A,N/A,N/A,N/A,N/A,zmasinga@africa.com,705.215.2176x0191,"516 Long Isitaladi, Paarl, 2693",Potchefstroom,North West,4308,Sports administrator,Zulu,N/A
'4807098584030,SimphiweyiNkosi,Mabuza,Male,1948-07-09,77,Citizen,South Africa,33493369,N/A,N/A,N/A,N/A,N/A,mbamalibhekani@africa.com,8635122654,"24 Commissioner Indlela, Polokwane, 8849",Stellenbosch,Mpumalanga,7374,Trade mark attorney,Zulu,N/A
'6811306073026,Lungile,Jele,Male,1968-11-30,56,Citizen,South Africa,17383112,N/A,N/A,N/A,N/A,N/A,nngcolosi@co.za,+1-449-310-7050x632,"38 Short Ithafa, Kathu, 5012",Centurion,Mpumalanga,2567,Furniture conservator/restorer,Zulu,N/A
'8111088048072,Luyanda,Nzimase,Male,1981-11-08,43,Citizen,South Africa,12329898,N/A,N/A,N/A,N/A,N/A,olwethu41@co.za,246.629.9054x26237,"2041 Queen Indlela, Middelburg, 8804",Uitenhage,Limpopo,6475,Accounting technician,Zulu,N/A
'8812306624053,Mzamo,Mgazi,Male,1988-12-30,36,Citizen,South Africa,39992782,N/A,N/A,N/A,N/A,N/A,gugulethumbulaze@za.net,(608)767-5680x332,"5164 Joseph Ithafa, Bethlehem, 4092",Krugersdorp,Limpopo,8631,Magazine features editor,Zulu,N/A
'TV37859,Marcel,Perez,Male,1982-07-22,43,Citizen,United Kingdom,406763816,Corporate Visa,2023-03-19,2025-09-09,VIS40438,N/A,margaud58@co.uk,+33 (0)1 53 95 99 36,"50, rue de Sanchez, 93749 Sainte ClémenceBourg",Sainte Charles,Gauteng,78532,étalagiste,French,10
'9803145638099,Luyanda,Mncwabe,Male,1998-03-14,27,Citizen,South Africa,79619222,N/A,N/A,N/A,N/A,N/A,nobantuncanana@za.net,+1-265-631-4863,"564 Long Indawo, Welkom, 7412",eThekwini,KwaZulu-Natal,8009,"Embryologist, clinical",Zulu,N/A
'TV44403,Silondile,Mnyamande,Female,1978-12-19,46,Citizen,Ethiopia,72763449,Relative's Visa,2025-04-26,2026-06-30,VIS99322,N/A,gcababhekani@com,001-869-555-0632x918,"1867 Smith Ithafa, Welkom, 3900",Uitenhage,Free State,3357,Interior and spatial designer,Zulu,14
'5010284772059,Zenzile,Thuliswayo,Female,1950-10-28,74,Citizen,South Africa,12421032,N/A,N/A,N/A,N/A,N/A,nomthandazo85@africa.com,4479679416,"6858 Joseph Indlela, Mahikeng, 8425",Musina,Limpopo,8690,Information systems manager,Zulu,N/A
'TV99798,Mnqobi,Siwele,Female,1972-12-21,52,Permanent Resident,Zimbabwe,ZI979044,Retirement Visa,2025-04-05,2025-11-12,VIS61138,N/A,siphesihlemlangeni@zimbabwe.com,+1-636-871-3121x8679,"530 Somerset Umgwaqo, Polokwane, 6275",Bethlehem,Western Cape,9750,Sub,Zulu,14
'6705090811013,Silondile,Ndlala,Female,1967-05-09,58,Asylum Seeker,South Africa,73004971,N/A,N/A,N/A,N/A,N/A,ymathunjwa@co.za,244.709.9354,"96 Clarence Isitaladi, Mbombela, 3445",George,Eastern Cape,5484,English as a second language teacher,Zulu,N/A
'PR65081607,Bandile,Nzima,Male,2001-05-26,24,Citizen,Botswana,BO326958,Business Visa,2023-04-21,2033-04-18,PER41781,N/A,bnowanqa@com,(994)969-2768x69553,"17 Charles Indawo, Welkom, 1553",Sasolburg,Northern Cape,8505,Aeronautical engineer,Zulu,19
'PR12900282,Zinhle,Khuluse,Female,1982-09-16,42,Permanent Resident,Somalia,13653612,Corporate Visa,2022-10-06,2032-10-03,PER18552,N/A,thandazilenonkululeko@com,425-757-5181x1564,"95 Milner Isitaladi, iKapa, 5768",Uitenhage,Limpopo,1542,Bookseller,Zulu,7
'6103185604070,Sphiwe,Mjwara,Male,1961-03-18,64,Citizen,South Africa,37658251,N/A,N/A,N/A,N/A,N/A,minenhle81@za.net,7395300628,"95 Adelaide Indlela, Bethlehem, 7591",Kathu,KwaZulu-Natal,6809,Call centre manager,Zulu,N/A
'8701040082069,Nomagugu,Mpumuza,Female,1987-01-04,38,Citizen,South Africa,16709943,N/A,N/A,N/A,N/A,N/A,sibonelo43@za.net,811.471.2062,"834 William Indawo, Paarl, 9991",Thohoyandou,Eastern Cape,9108,Clinical embryologist,Zulu,N/A
'4706245302049,S'fiso,Bhensela,Male,1947-06-24,78,Permanent Resident,South Africa,15867832,N/A,N/A,N/A,N/A,N/A,vmalevu@za.net,483.682.2988,"78 York Umgwaqo, Newcastle, 1857",Potchefstroom,KwaZulu-Natal,2270,Chemical engineer,Zulu,N/A
'TV42136,建国,寇,Male,1995-04-08,30,Temporary Visa,China,84136677,Corporate Visa,2024-11-27,2026-04-07,VIS12450,N/A,wei90@china.com,18138557961,河北省长沙县高港荆门街c座 414007,深圳县,North West,152590,其他,Mandarin,8
'7911057010073,S'fiso,Hlomuka,Male,1979-11-05,45,Citizen,South Africa,78369111,N/A,N/A,N/A,N/A,N/A,pqomazitha@africa.com,001-373-344-6380x823,"1473 Gandhi Isitaladi, Welkom, 6782",eThekwini,KwaZulu-Natal,3714,Pensions consultant,Zulu,N/A
'6304055044008,SimphiweyiNkosi,Thusi,Male,1963-04-05,62,Citizen,South Africa,40714909,N/A,N/A,N/A,N/A,N/A,dlabazanesihawukele@co.za,+1-748-208-2580x4566,"85 Cecil Indawo, Klerksdorp, 7123",Centurion,Gauteng,7851,"Accountant, chartered certified",Zulu,N/A
'7802101872005,Nomusa,Nonkosi,Female,1978-02-10,47,Permanent Resident,South Africa,10272848,N/A,N/A,N/A,N/A,N/A,qbhovungana@co.za,562.489.2834x6976,"56 Rivonia Ithafa, Bethlehem, 4147",uMgungundlovu,Mpumalanga,8836,Database administrator,Zulu,N/A
'6302180860079,Thembile,Jama,Female,1963-02-18,62,Citizen,South Africa,36341843,N/A,N/A,N/A,N/A,N/A,busisiwemnisi@co.za,250-928-8787x6287,"33 Long Umgwaqo, Boksburg, 7652",Springs,Western Cape,2839,Pharmacologist,Zulu,N/A
'9510149615026,Luyanda,Ngobese,Male,1995-10-14,29,Citizen,South Africa,37694459,N/A,N/A,N/A,N/A,N/A,khanyisilesithombo@africa.com,(667)886-4694x93141,"40 Prince Ithafa, Klerksdorp, 3351",Mahikeng,Limpopo,1296,"Designer, ceramics/pottery",Zulu,N/A
'TV86926,Thando,Gatsheni,Male,1974-07-08,51,Citizen,Zimbabwe,ZI387114,Business Visa,2024-10-27,2025-10-14,VIS17480,N/A,siyabonga73@zimbabwe.com,455-662-0359,"98 West Umgwaqo, Musina, 8410",Rustenburg,Limpopo,7067,Geophysicist/field seismologist,Zulu,3
'4302042905091,Khanyisile,Blose,Female,1943-02-04,82,Citizen,South Africa,36764979,N/A,N/A,N/A,N/A,N/A,nomathemba56@co.za,+1-495-785-1055x85207,"427 Milner Indawo, Middelburg, 1410",Vanderbijlpark,Free State,6111,Economist,Zulu,N/A
'4411039134022,Njabulo,Gadlela,Male,1944-11-03,80,Citizen,South Africa,86586112,N/A,N/A,N/A,N/A,N/A,sibusisiwe35@za.net,(644)883-5089x091,"114 Victoria Umgwaqo, Mahikeng, 5533",Centurion,Western Cape,8138,"Accountant, chartered certified",Zulu,N/A
'6907180633035,Nomvula,Nyongwana,Female,1969-07-18,56,Permanent Resident,South Africa,57439996,N/A,N/A,N/A,N/A,N/A,dungenokulunga@africa.com,447.750.4647x780,"21 Oxford Umgwaqo, Potchefstroom, 8285",Mbombela,Free State,4497,Chiropractor,Zulu,N/A
'5511182956058,Silondile,Mlaba,Female,1955-11-18,69,Citizen,South Africa,84959497,N/A,N/A,N/A,N/A,N/A,mpumuzathando@co.za,+1-684-989-5228,"6215 Charles Umgwaqo, Witbank, 3061",Middelburg,Mpumalanga,6735,"Engineer, materials",Zulu,N/A
'6907021211073,Thembeka,Makhunga,Female,1969-07-02,56,Citizen,South Africa,31398732,N/A,N/A,N/A,N/A,N/A,bhekokwakhemngadi@za.net,574-510-6791x7935,"72 Nelson Mandela Umgwaqo, Stellenbosch, 1439",Bloemfontein,KwaZulu-Natal,7371,Psychotherapist,Zulu,N/A
'0508165809001,Bandile,Mbatshazwa,Male,2005-08-16,20,Citizen,South Africa,31828049,N/A,N/A,N/A,N/A,N/A,mkhungomusa@africa.com,(863)906-6717,"943 Prince Umgwaqo, Thohoyandou, 1301",Newcastle,KwaZulu-Natal,9947,"Education officer, environmental",Zulu,N/A
'4501205355081,Mandla,Mlalane,Male,1945-01-20,80,Citizen,South Africa,67334224,N/A,N/A,N/A,N/A,N/A,siyayanomalanga@africa.com,803-671-2113x962,"3624 Adelaide Ithafa, Kathu, 3132",Benoni,North West,2176,Hospital doctor,Zulu,N/A
'7005225204027,Mzamo,Khaba,Male,1970-05-22,55,Citizen,South Africa,20532486,N/A,N/A,N/A,N/A,N/A,thembeka82@co.za,896.206.3987,"6545 Smith Indlela, Randfontein, 9231",Mahikeng,Limpopo,3145,Speech and language therapist,Zulu,N/A
'6304225432032,Lungile,Nsibanyoni,Male,1963-04-22,62,Asylum Seeker,South Africa,97013686,N/A,N/A,N/A,N/A,N/A,thabanimdlenevu@africa.com,992-519-7873x47863,"2590 Oxford Ithafa, Upington, 8001",Vanderbijlpark,Limpopo,5614,Printmaker,Zulu,N/A
'9011216623017,Lwandile,Meyiwa,Male,1990-11-21,34,Citizen,South Africa,87015985,N/A,N/A,N/A,N/A,N/A,noxolo10@co.za,778-422-7446,"76 Napier Indlela, Upington, 8968",Mahikeng,Western Cape,7808,Advertising account executive,Zulu,N/A
'8102203588014,Nomathalente,Sithuli,Female,1981-02-20,44,Citizen,South Africa,67477243,N/A,N/A,N/A,N/A,N/A,jthumbeza@co.za,789.990.7582,"8540 Walter Sisulu Umgwaqo, Kathu, 5271",Rustenburg,Limpopo,7707,Leisure centre manager,Zulu,N/A
'TV76245,दिनेश,गुरुंग,Male,1986-07-26,39,Temporary Visa,India,99556851,Study Visa,2023-09-18,2025-05-09,VIS50248,N/A,rodriguesannt@india.com,08323052123,"05/77 भरत सक्सेना, चित्रकूट 859564",जिससेबेलारी,Limpopo,893112,Volunteer coordinator,Hindi,16
'0502172557099,Nomcebo,Masuku,Female,2005-02-17,20,Temporary Visa,South Africa,51934890,N/A,N/A,N/A,N/A,N/A,mnqobi16@africa.com,(458)633-7193x64727,"6482 West Indlela, Musina, 5353",George,Mpumalanga,8862,Chiropractor,Zulu,N/A
'PR20564008,Inès,Hoarau,Female,1972-02-02,53,Citizen,United States,905324150,Business Visa,2023-04-25,2033-04-22,PER97579,N/A,jacquesgomes@com,+33 (0)4 43 95 83 55,"641, rue Renée Renard, 92513 Saint Emmanueldan",Evrard-sur-Lucas,Western Cape,76146,consultant informatique,French,16
'5705141082099,Nokulunga,Ndlala,Female,1957-05-14,68,Citizen,South Africa,79198112,N/A,N/A,N/A,N/A,N/A,onhleko@africa.com,713-564-6677x327,"29 Oxford Isitaladi, Upington, 3301",Potchefstroom,Limpopo,3592,Chief Strategy Officer,Zulu,N/A
'6106203317051,Bhekisisa,Mbhense,Female,1961-06-20,64,Citizen,South Africa,68343114,N/A,N/A,N/A,N/A,N/A,hlongwanendumiso@za.net,506.723.3472x74767,"8746 Queen Ithafa, Polokwane, 9876",eThekwini,Northern Cape,1421,"Embryologist, clinical",Zulu,N/A
'TV97128,Nomthandazo,Gigaba,Female,1998-11-21,26,Permanent Resident,Ethiopia,16157151,Relative's Visa,2024-09-15,2025-08-09,VIS69462,N/A,nomathemba15@net,951.409.6836,"85 Jan Smuts Ithafa, Thohoyandou, 2969",Uitenhage,Free State,5940,Hydrogeologist,Zulu,3
'0502247821012,Musa,Gcugcwa,Male,2005-02-24,20,Permanent Resident,South Africa,95430301,N/A,N/A,N/A,N/A,N/A,mathibelazinhle@co.za,(778)944-0576,"6021 Rivonia Indlela, Bloemfontein, 9986",Polokwane,Mpumalanga,4234,Naval architect,Zulu,N/A
'5209181896012,Nokulunga,Gabhisa,Female,1952-09-18,72,Temporary Visa,South Africa,38085230,N/A,N/A,N/A,N/A,N/A,undlondlo@co.za,6885331802,"10 Church Isitaladi, Vereeniging, 3648",Witbank,Northern Cape,4226,Network engineer,Zulu,N/A
'8509265815054,Njabulo,Mshibe,Male,1985-09-26,39,Temporary Visa,South Africa,78968392,N/A,N/A,N/A,N/A,N/A,mlungisisokhwebula@co.za,(443)558-2464x289,"9630 Joseph Ithafa, George, 8543",Upington,Limpopo,6003,Insurance claims handler,Zulu,N/A
'8312055547002,Mlungisi,Nkonyeni,Male,1983-12-05,41,Citizen,South Africa,62649730,N/A,N/A,N/A,N/A,N/A,mcebisimacingwane@za.net,537.721.2887,"96 Albertina Sisulu Indawo, Mbombela, 4396",Paarl,Northern Cape,7784,Financial manager,Zulu,N/A
'9601147755010,Lungile,Dlakadla,Male,1996-01-14,29,Citizen,South Africa,73899980,N/A,N/A,N/A,N/A,N/A,minenhlebiyela@africa.com,494.937.7937x38894,"693 Voortrekker Isitaladi, Benoni, 3615",Stellenbosch,Eastern Cape,4714,"Radiographer, therapeutic",Zulu,N/A
'8104303954039,Zinhle,Gumede,Female,1981-04-30,44,Citizen,South Africa,17057148,N/A,N/A,N/A,N/A,N/A,nomasontoshabane@africa.com,(669)910-3870x841,"3485 Joseph Indlela, Chatsworth, 8479",Welkom,Northern Cape,3428,Architectural technologist,Zulu,N/A
'PR18318762,Zenzile,Kunene,Female,1992-01-12,33,Citizen,Lesotho,74327591,Study Visa,2024-09-23,2034-09-21,PER32688,N/A,thandeka64@com,835-357-3399x6058,"3698 Smith Ithafa, Klerksdorp, 3714",Witbank,Mpumalanga,9593,"Production assistant, television",Zulu,8
'5501112050092,Thembekile,Phikela,Female,1955-01-11,70,Citizen,South Africa,69622060,N/A,N/A,N/A,N/A,N/A,lmasilela@co.za,409-329-6727x24528,"5980 Gandhi Indawo, Krugersdorp, 1614",Sasolburg,Free State,2623,"Nurse, children's",Zulu,N/A
'8707076894067,Mcebisi,Ngwane,Male,1987-07-07,38,Citizen,South Africa,11631969,N/A,N/A,N/A,N/A,N/A,nomasontosokhulu@co.za,933.759.9852,"524 Main Ithafa, Kathu, 6425",Springs,Limpopo,2324,Secondary school teacher,Zulu,N/A
'8904273275006,Owethu,Phoswa,Female,1989-04-27,36,Citizen,South Africa,96834094,N/A,N/A,N/A,N/A,N/A,ndumiso49@za.net,643.605.3245,"528 Church Isitaladi, iKapa, 8695",Centurion,Free State,5115,Games developer,Zulu,N/A
'0206182627097,Nomalanga,Gubulundu,Female,2002-06-18,23,Permanent Resident,South Africa,35280797,N/A,N/A,N/A,N/A,N/A,dumisile93@za.net,(595)927-0957x20653,"2748 Queen Ithafa, Middelburg, 5345",Sasolburg,Western Cape,2085,Corporate investment banker,Zulu,N/A
'PR74848492,Zacharie,Leleu,Male,1984-07-05,41,Citizen,France,164117849,Business Visa,2024-06-14,2034-06-12,PER66887,N/A,boyerrenee@france.com,03 80 01 48 80,"687, avenue Blin, 67474 Sainte Cécile",Legrand,Northern Cape,03691,costumier,French,11
'PR45227339,Thalente,Mgabadeli,Male,1984-03-20,41,Temporary Visa,Nigeria,N9197375,Corporate Visa,2022-11-11,2032-11-08,PER39942,N/A,qdlabane@nigeria.com,596-476-1142x828,"669 President Indawo, Mbombela, 1764",Vanderbijlpark,Gauteng,6133,Transport planner,Zulu,15
'PR21684605,Jabulani,Njiki,Male,1993-03-27,32,Citizen,Zambia,66155226,Business Visa,2023-12-06,2033-12-03,PER36374,N/A,njabulo58@com,(874)895-1952,"826 Joseph Umgwaqo, Musina, 6665",Vereeniging,Northern Cape,1637,"Engineer, building services",Zulu,14
'8910052617086,Thabisile,Nzamela,Female,1989-10-05,35,Permanent Resident,South Africa,42729417,N/A,N/A,N/A,N/A,N/A,bmusi@co.za,620-506-7141x244,"328 Charles Isitaladi, iBhayi, 6813",Bloemfontein,Northern Cape,2522,Insurance claims handler,Zulu,N/A
'9807068346092,Thando,Weza,Male,1998-07-06,27,Citizen,South Africa,16232426,N/A,N/A,N/A,N/A,N/A,thuthukile32@africa.com,405-357-3456x8713,"891 York Indawo, Mahikeng, 5115",Rustenburg,Northern Cape,9931,Energy manager,Zulu,N/A
'PR91106998,Jabulani,Xaba,Male,1975-03-04,50,Citizen,Zambia,41926968,Study Visa,2025-03-24,2035-03-22,PER42568,N/A,thabisamzulwini@net,(521)584-2504x476,"7752 King Indawo, Rustenburg, 6371",Boksburg,Limpopo,2355,Advertising art director,Zulu,20
'9803119002088,S'fiso,Nyazitla,Male,1998-03-11,27,Permanent Resident,South Africa,21960289,N/A,N/A,N/A,N/A,N/A,unowanqa@africa.com,001-510-761-3202x910,"1241 Somerset Isitaladi, Rustenburg, 4524",Vanderbijlpark,Gauteng,3688,"Designer, industrial/product",Zulu,N/A
'6103196194094,Sandile,Makhanya,Male,1961-03-19,64,Citizen,South Africa,68301968,N/A,N/A,N/A,N/A,N/A,thembile03@co.za,869-789-7090,"2419 Grey Ithafa, uMgungundlovu, 1742",uMgungundlovu,Western Cape,1650,Audiological scientist,Zulu,N/A
'0501182841002,Mnqobi,Mnomiya,Female,2005-01-18,20,Permanent Resident,South Africa,72795869,N/A,N/A,N/A,N/A,N/A,dlamlenzethembeka@za.net,001-510-359-8596,"5487 Church Indlela, iKapa, 3365",Krugersdorp,Western Cape,5235,Heritage manager,Zulu,N/A
'PR85211695,धनञ्जय,महरा,Male,1984-10-10,40,Citizen,India,96756320,Corporate Visa,2022-12-03,2032-11-30,PER67973,N/A,cndnaa81@co.in,01905173227,"8 जयरामन, अनंतनाग-510127",चिपलुन,Gauteng,859722,Exercise physiologist,Hindi,9
'TV47758,Thabisa,Mdakane,Female,1975-12-11,49,Citizen,Ghana,G5094214,Retirement Visa,2024-11-09,2025-03-31,VIS55474,N/A,mathebulamandla@ghana.com,324.688.9469x458,"8015 Cecil Isitaladi, Benoni, 2758",eThekwini,Gauteng,4468,Dispensing optician,Zulu,14
'4101194644080,Bhekisisa,Maphanga,Female,1941-01-19,84,Permanent Resident,South Africa,63580891,N/A,N/A,N/A,N/A,N/A,qmaziya@za.net,7283447086,"53 Cecil Indlela, uMgungundlovu, 3160",Benoni,North West,8979,Electronics engineer,Zulu,N/A
'5706028679074,Lwandile,Khezokhulu,Male,1957-06-02,68,Permanent Resident,South Africa,70179848,N/A,N/A,N/A,N/A,N/A,zmasibekela@africa.com,9316844656,"31 President Isitaladi, Randfontein, 1495",Paarl,Limpopo,2194,Soil scientist,Zulu,N/A
'AS486168,Tristan,Paul,Male,1993-01-20,32,Permanent Resident,United States,712352508,Asylum Seeker Permit,2023-01-24,2025-01-23,ASP52113,Refugee Status Granted,sebastien71@com,+33 4 90 46 91 43,"9, rue de Blondel, 07606 Charpentierboeuf",Dufour,Eastern Cape,06325,ingénieur forage,French,10
'6808138973004,Sibusiso,Memela,Male,1968-08-13,57,Asylum Seeker,South Africa,35495428,N/A,N/A,N/A,N/A,N/A,bhovunganalondiwe@za.net,001-469-372-9835x85005,"897 Albertina Sisulu Indawo, Upington, 5929",eGoli,KwaZulu-Natal,2642,Race relations officer,Zulu,N/A
'7611299920074,SimphiweyiNkosi,Nkundlande,Male,1976-11-29,48,Citizen,South Africa,51048069,N/A,N/A,N/A,N/A,N/A,mayanda@co.za,899-410-9936x758,"88 West Umgwaqo, Paarl, 6715",Krugersdorp,Gauteng,6044,Barrister's clerk,Zulu,N/A
'5610255290067,Lwandile,Masikane,Male,1956-10-25,68,Citizen,South Africa,81254218,N/A,N/A,N/A,N/A,N/A,langabandile@africa.com,+1-614-403-0340,"6569 Paul Kruger Umgwaqo, Thohoyandou, 8607",Mahikeng,Northern Cape,1317,Police officer,Zulu,N/A
'TV81001,Émile,Bonnet,Male,1999-10-31,25,Citizen,United Kingdom,642735595,Corporate Visa,2024-12-31,2026-07-03,VIS49517,N/A,devauxaime@uk.com,+33 (0)4 79 12 81 72,"9, boulevard Thérèse Riou, 81302 Perrotnec",Charles,Limpopo,33631,expert bilan carbone,French,7
'AS194054,Nobantu,Dubandlela,Female,1976-04-19,49,Temporary Visa,Ghana,G2707293,Asylum Seeker Permit,2025-05-31,2027-05-31,ASP36431,Appeal Pending,pgengeshe@ghana.com,(504)881-2228,"59 Church Ithafa, Polokwane, 5873",Kathu,Limpopo,5271,Higher education careers adviser,Zulu,18
'6203219191082,Mthokozisi,Sikwayo,Male,1962-03-21,63,Citizen,South Africa,48794423,N/A,N/A,N/A,N/A,N/A,sikwayodumisile@africa.com,977-368-9489x122,"7443 Frere Ithafa, Middelburg, 5305",Stellenbosch,Northern Cape,7164,"Engineer, agricultural",Zulu,N/A
'4803016436035,Mzamo,Cebisa,Male,1948-03-01,77,Temporary Visa,South Africa,33131485,N/A,N/A,N/A,N/A,N/A,ygubulundu@za.net,512.619.1763,"4276 York Umgwaqo, Middelburg, 1696",Centurion,Gauteng,1075,"Journalist, magazine",Zulu,N/A
'5312022971076,Nomasonto,Nhlapho,Female,1953-12-02,71,Asylum Seeker,South Africa,43802497,N/A,N/A,N/A,N/A,N/A,gugushenomalanga@za.net,455.722.9242,"651 George Indlela, Klerksdorp, 8037",uMgungundlovu,Gauteng,3350,Graphic designer,Zulu,N/A
'9911309362032,Sibonelo,Fakazi,Male,1999-11-30,25,Permanent Resident,South Africa,53715110,N/A,N/A,N/A,N/A,N/A,mncubezenzele@africa.com,+1-650-931-5763,"96 Albertina Sisulu Indlela, Sasolburg, 4349",Paarl,Gauteng,5430,Commercial horticulturist,Zulu,N/A
'0203304576064,Silondile,Nongalaza,Female,2002-03-30,23,Citizen,South Africa,92285417,N/A,N/A,N/A,N/A,N/A,nomagugu14@za.net,375-412-5764,"739 Main Ithafa, Bloemfontein, 8779",Springs,North West,4259,Records manager,Zulu,N/A
'7407239753096,Siyabonga,Maluleka,Male,1974-07-23,51,Permanent Resident,South Africa,90915294,N/A,N/A,N/A,N/A,N/A,thembekilefakude@za.net,(977)722-2159x45776,"80 James Indlela, Springs, 7025",Bethlehem,Northern Cape,8554,Contractor,Zulu,N/A
'4206138287073,Musa,Mbongwa,Male,1942-06-13,83,Permanent Resident,South Africa,77323978,N/A,N/A,N/A,N/A,N/A,silondilehlophe@co.za,226-353-2110x0150,"83 Paul Kruger Isitaladi, Kathu, 2486",Welkom,North West,4877,"Designer, textile",Zulu,N/A
'8707286748054,Sandile,Thabekhulu,Male,1987-07-28,38,Permanent Resident,South Africa,39714688,N/A,N/A,N/A,N/A,N/A,masangothandeka@za.net,990.274.5943,"4106 Voortrekker Umgwaqo, Uitenhage, 4382",uMgungundlovu,Eastern Cape,9872,"Restaurant manager, fast food",Zulu,N/A
'9311213758031,Siphesihle,Mhlophe,Female,1993-11-21,31,Citizen,South Africa,14481679,N/A,N/A,N/A,N/A,N/A,thembile82@africa.com,982.489.3043x5752,"17 Elizabeth Isitaladi, Klerksdorp, 1938",Witbank,Mpumalanga,6677,Systems developer,Zulu,N/A
'PR52706465,Mandlakhe,Gigaba,Male,1992-06-28,33,Citizen,Tanzania,69354179,Business Visa,2022-12-13,2032-12-10,PER16974,N/A,xndabansele@net,787.549.5525,"7415 York Ithafa, Rustenburg, 7873",Benoni,KwaZulu-Natal,9691,Naval architect,Zulu,10
'5910201720031,Ndumiso,Gazu,Female,1959-10-20,65,Permanent Resident,South Africa,89752820,N/A,N/A,N/A,N/A,N/A,thabanimcanco@co.za,(935)625-4117x79063,"3594 Cecil Umgwaqo, Kimberley, 5152",Potchefstroom,Limpopo,5728,Jewellery designer,Zulu,N/A
'9803204691062,Zakhele,Sembathwa,Female,1998-03-20,27,Asylum Seeker,South Africa,54643904,N/A,N/A,N/A,N/A,N/A,dumisaninyawokhulu@za.net,(634)725-7634x02117,"6869 Stanley Umgwaqo, Middelburg, 8679",Krugersdorp,Northern Cape,1844,Theme park manager,Zulu,N/A
'5511237539069,Minenhle,Luthuli,Male,1955-11-23,69,Permanent Resident,South Africa,28098507,N/A,N/A,N/A,N/A,N/A,qkhoza@za.net,+1-505-688-9265x81803,"449 Jan Smuts Isitaladi, Potchefstroom, 7571",Polokwane,North West,2387,Merchant navy officer,Zulu,N/A
'7208141501075,Dumisani,Lubelo,Female,1972-08-14,53,Citizen,South Africa,26506654,N/A,N/A,N/A,N/A,N/A,eshoyisa@za.net,001-233-539-3374x2373,"114 Adelaide Indlela, iKapa, 7188",Kimberley,Gauteng,7054,Sales executive,Zulu,N/A
'4806139917061,Andile,Mkhatshwa,Male,1948-06-13,77,Citizen,South Africa,36719742,N/A,N/A,N/A,N/A,N/A,sibonelo40@africa.com,6608156703,"1546 President Isitaladi, Randfontein, 4195",Welkom,Western Cape,3306,Dramatherapist,Zulu,N/A
'PR74537167,Owethu,Ntshingila,Female,1988-10-24,36,Citizen,Ethiopia,10563872,Retirement Visa,2024-07-08,2034-07-06,PER26550,N/A,dumisile05@net,001-825-838-8175,"403 Albertina Sisulu Ithafa, Kimberley, 7462",Bloemfontein,Limpopo,9511,Land,Zulu,12
'9801106753000,Mthokozisi,Dlakela,Male,1998-01-10,27,Citizen,South Africa,13339999,N/A,N/A,N/A,N/A,N/A,nobantungwekazi@za.net,4984046752,"5261 Main Isitaladi, Kimberley, 2222",Potchefstroom,Mpumalanga,3134,Fitness centre manager,Zulu,N/A
'AS539400,Minenhle,Hangala,Male,1985-10-23,39,Citizen,Eswatini,45837561,Asylum Seeker Permit,2024-11-19,2026-11-19,ASP35086,Interview Scheduled,fndlela@com,+1-894-555-8445x7470,"91 High Ithafa, Sasolburg, 7516",Soweto,Mpumalanga,2310,Biomedical scientist,Zulu,16
'8409156871020,Mzamo,Ngwane,Male,1984-09-15,40,Citizen,South Africa,50734351,N/A,N/A,N/A,N/A,N/A,emasinga@za.net,001-534-238-9177,"6918 King Indlela, Boksburg, 9479",Mahikeng,Gauteng,3948,Set designer,Zulu,N/A
'8609229153044,Njabulo,Mgobhozi,Male,1986-09-22,38,Citizen,South Africa,20576157,N/A,N/A,N/A,N/A,N/A,vusumuzidonda@za.net,001-455-648-9898x6877,"64 Queen Indlela, Thohoyandou, 4795",uMgungundlovu,Northern Cape,2699,Meteorologist,Zulu,N/A
'PR63174511,Mélanie,Figueiredo,Female,1996-11-03,28,Asylum Seeker,Mozambique,MO572335,Critical Skills Visa,2022-11-01,2032-10-29,PER88432,N/A,leonor55@mozambique.com,916 779 353,"Av de Cardoso, 93, 0315-768 Torres Novas",Paços de Ferreira,Mpumalanga,7973-590,"Rececionista, exceto de hotel",Portuguese,8
'8312232724068,Amahle,Mngoma,Female,1983-12-23,41,Citizen,South Africa,88032728,N/A,N/A,N/A,N/A,N/A,mbhobhonobuhle@co.za,6367116578,"4335 King Umgwaqo, Bloemfontein, 5739",Polokwane,Free State,9284,"Designer, industrial/product",Zulu,N/A
'AS264259,Nokulunga,Gamede,Female,1977-08-30,48,Citizen,Malawi,63135343,Asylum Seeker Permit,2023-07-21,2025-07-20,ASP62233,Rejected,rsontuli@com,610.814.0369x10344,"5279 Grey Ithafa, Paarl, 8383",Polokwane,Limpopo,2451,Rural practice surveyor,Zulu,12
'7405271473027,Zenzile,Delwayo,Female,1974-05-27,51,Citizen,South Africa,61848631,N/A,N/A,N/A,N/A,N/A,thembekasengwayo@co.za,(859)567-4003x04400,"473 Nelson Mandela Ithafa, Boksburg, 2738",Kimberley,North West,6135,Adult nurse,Zulu,N/A
'7310150495018,Sibusisiwe,Shamase,Female,1973-10-15,51,Citizen,South Africa,13879953,N/A,N/A,N/A,N/A,N/A,nomvulamgabadeli@africa.com,917-447-1858,"791 Prince Isitaladi, Bethlehem, 9334",Klerksdorp,KwaZulu-Natal,9650,Human resources officer,Zulu,N/A
'4509196628059,Mzamo,Sabela,Male,1945-09-19,79,Temporary Visa,South Africa,75587143,N/A,N/A,N/A,N/A,N/A,zgwamanda@za.net,994-611-3596x73521,"967 Oxford Isitaladi, Newcastle, 2256",Kimberley,Limpopo,9724,Geophysical data processor,Zulu,N/A
'PR27973955,Lisandro,Pires,Male,1979-12-12,45,Citizen,Mozambique,MO834240,Study Visa,2025-06-02,2035-05-31,PER27764,N/A,valentina92@mozambique.com,+351969307472,"Rua de Santa Helena, 251, 8669-014 Lagoa",Sines,KwaZulu-Natal,5479-273,Operador de máquinas para trabalhar outros minerais,Portuguese,19
'AS380732,अनुजा,देशपांडे,Female,1977-04-20,48,Citizen,India,95961875,Asylum Seeker Permit,2024-07-02,2026-07-02,ASP87261,Application Submitted,nishaasenguptaa@co.in,+91 556 3779471,"72/1169 प्रसाद, बचेली-159417",हैदराबाद,Mpumalanga,243353,"Therapist, music",Hindi,7
'8111080056046,Noxolo,Phethela,Female,1981-11-08,43,Asylum Seeker,South Africa,29934610,N/A,N/A,N/A,N/A,N/A,mafulelathembisile@za.net,347-478-0612,"9454 Rivonia Umgwaqo, Krugersdorp, 4471",Mbombela,Eastern Cape,1276,Administrator,Zulu,N/A
'TV24414,Dumisile,Gasa,Female,1983-01-11,42,Citizen,Eswatini,32268228,Corporate Visa,2024-04-15,2024-09-19,VIS90962,N/A,jnomvuma@net,7988904458,"8217 Smith Ithafa, Soweto, 6234",Soweto,Mpumalanga,4764,Museum/gallery conservator,Zulu,15
'8901124686043,Amahle,Mageba,Female,1989-01-12,36,Asylum Seeker,South Africa,92281998,N/A,N/A,N/A,N/A,N/A,dsengwayo@za.net,5299032592,"13 Thomas Umgwaqo, George, 6523",Newcastle,Eastern Cape,8497,Dramatherapist,Zulu,N/A
'6408182959083,Nokulunga,Shinga,Female,1964-08-18,61,Citizen,South Africa,65345254,N/A,N/A,N/A,N/A,N/A,thalente81@co.za,4276212286,"81 Oxford Umgwaqo, Benoni, 9115",Newcastle,Northern Cape,8199,Armed forces logistics/support/administrative officer,Zulu,N/A
'5902176761084,Jabulani,Ndimande,Male,1959-02-17,66,Permanent Resident,South Africa,18676288,N/A,N/A,N/A,N/A,N/A,thembile00@africa.com,(314)986-1162x90348,"29 Gandhi Indawo, Kathu, 8385",Thohoyandou,North West,9038,"Scientist, forensic",Zulu,N/A
'AS638338,Richard,Clerc,Male,1973-08-15,52,Citizen,France,100016702,Asylum Seeker Permit,2025-02-15,2027-02-15,ASP63468,Refugee Status Granted,pherve@fr,+33 (0)3 75 11 21 54,"38, boulevard Aimé Marques, 80271 Morel-sur-Martel",Morvan,Northern Cape,47561,maçon,French,19
'4611226939099,Mandla,Thumbela,Male,1946-11-22,78,Citizen,South Africa,23386644,N/A,N/A,N/A,N/A,N/A,amahlembuyazi@co.za,(439)937-3891x79623,"39 Napier Isitaladi, Mbombela, 8372",Centurion,Western Cape,4577,Community education officer,Zulu,N/A
'7309049194078,Thando,Sangwani,Male,1973-09-04,52,Citizen,South Africa,32099066,N/A,N/A,N/A,N/A,N/A,mazwindumiso@co.za,(928)321-0372,"794 Stanley Indlela, Welkom, 5299",Tembisa,Western Cape,3829,Plant breeder/geneticist,Zulu,N/A
'AS121559,Nqobizitha,Sibeko,Female,1996-04-17,29,Permanent Resident,Zambia,67077515,Asylum Seeker Permit,2025-03-23,2027-03-23,ASP63200,Under Review,nomthandazo58@net,001-256-775-6683x8582,"703 Clarence Indawo, Sasolburg, 8138",Witbank,Eastern Cape,1137,"Therapist, speech and language",Zulu,19
'6306122525061,Bhekokwakhe,Cenge,Female,1963-06-12,62,Temporary Visa,South Africa,14928754,N/A,N/A,N/A,N/A,N/A,thembekile11@africa.com,807.948.5850x6324,"90 Albertina Sisulu Isitaladi, Mbombela, 5596",Middelburg,Gauteng,5986,Technical brewer,Zulu,N/A
'0508212410055,Nomcebo,Nyanda,Female,2005-08-21,20,Permanent Resident,South Africa,80583733,N/A,N/A,N/A,N/A,N/A,mngadilangalibalele@za.net,221-817-6295x008,"7071 Stanley Indlela, Musina, 1511",Thohoyandou,Eastern Cape,3575,"Scientist, research (maths)",Zulu,N/A
'PR97247953,Mnqobi,Ndawonde,Female,1997-06-09,28,Citizen,Ghana,G5369926,Study Visa,2024-07-16,2034-07-14,PER35788,N/A,lcebekhulu@com.gh,364.466.6885x8916,"38 George Isitaladi, Polokwane, 4783",Potchefstroom,KwaZulu-Natal,1794,Financial adviser,Zulu,8
'PR34710527,Nonhlanhla,Mfusi,Female,2003-03-14,22,Citizen,Nigeria,N6455522,Study Visa,2025-02-16,2035-02-14,PER11038,N/A,thandomphahlwa@com.ng,001-211-997-9992x88641,"39 Somerset Indawo, Chatsworth, 8723",Newcastle,Northern Cape,9345,Diplomatic Services operational officer,Zulu,20
'7707252554024,Thandazile,Mashiya,Female,1977-07-25,48,Asylum Seeker,South Africa,62035574,N/A,N/A,N/A,N/A,N/A,nomvula22@za.net,+1-605-306-9598x855,"6627 York Indawo, Bethlehem, 5574",Uitenhage,Gauteng,8258,Farm manager,Zulu,N/A
'4408152067097,Gugulethu,Ayize,Female,1944-08-15,81,Permanent Resident,South Africa,30136762,N/A,N/A,N/A,N/A,N/A,noxolobhebhe@za.net,412-417-4591,"6763 York Isitaladi, Klerksdorp, 3921",Benoni,Mpumalanga,4431,Dancer,Zulu,N/A
'0510068675077,Mcebisi,Dlawuza,Male,2005-10-06,19,Citizen,South Africa,56536286,N/A,N/A,N/A,N/A,N/A,owethu88@co.za,906.639.1110x3700,"489 West Ithafa, Upington, 9860",Musina,Free State,9493,"Accountant, chartered public finance",Zulu,N/A
'7911237088051,Mandla,Dlabazane,Male,1979-11-23,45,Citizen,South Africa,59190473,N/A,N/A,N/A,N/A,N/A,imkhwananzi@africa.com,+1-290-920-4234,"353 Smith Isitaladi, eThekwini, 5812",Upington,Limpopo,3369,Environmental consultant,Zulu,N/A
'PR27249892,Bhekisisa,Nombhoco,Female,1975-03-06,50,Citizen,Botswana,BO951549,Corporate Visa,2024-10-16,2034-10-14,PER13995,N/A,nhlanhla84@com,001-831-873-1933x645,"65 Queen Ithafa, uMgungundlovu, 9182",Welkom,Free State,3223,Art therapist,Zulu,3
'8406268313041,Nhlanhla,Magolwana,Male,1984-06-26,41,Asylum Seeker,South Africa,23738031,N/A,N/A,N/A,N/A,N/A,mnisiandile@africa.com,001-947-312-3638,"38 Albertina Sisulu Indawo, Stellenbosch, 5175",George,Western Cape,7447,"Lecturer, higher education",Zulu,N/A
'6301043210015,Nomthandazo,Shoba,Female,1963-01-04,62,Citizen,South Africa,31533429,N/A,N/A,N/A,N/A,N/A,londisizwemgazi@co.za,487-812-4962,"264 Adelaide Ithafa, Krugersdorp, 7038",Thohoyandou,Mpumalanga,1721,Surgeon,Zulu,N/A
'AS599609,Bhekani,Mbatshazwa,Male,1990-08-22,35,Temporary Visa,Nigeria,N3659329,Asylum Seeker Permit,2023-08-10,2025-08-09,ASP37517,Rejected,sibusisogengeshe@com.ng,001-220-584-2576,"645 George Ithafa, Rustenburg, 2903",Springs,Free State,7494,"Teacher, primary school",Zulu,6
'0006282849014,Nonhlanhla,Weza,Female,2000-06-28,25,Citizen,South Africa,68381593,N/A,N/A,N/A,N/A,N/A,thembeka54@co.za,+1-449-236-8882,"467 Short Ithafa, Uitenhage, 1806",Randfontein,Limpopo,6999,Travel agency manager,Zulu,N/A
'6704132187074,Nomusa,Mcusi,Female,1967-04-13,58,Permanent Resident,South Africa,98278622,N/A,N/A,N/A,N/A,N/A,umbili@za.net,+1-636-783-2204x166,"4246 High Indlela, Boksburg, 5261",Vanderbijlpark,Free State,6004,Estate agent,Zulu,N/A
'9802082839067,Thuthukile,Binda,Female,1998-02-08,27,Citizen,South Africa,32156983,N/A,N/A,N/A,N/A,N/A,ndlalathembeka@za.net,953-690-6373,"34 Joseph Indlela, Klerksdorp, 8150",Vereeniging,Western Cape,3802,Comptroller,Zulu,N/A
'PR55585861,Nokulunga,Gambu,Female,1976-02-29,49,Citizen,Zambia,26669408,Corporate Visa,2023-07-12,2033-07-09,PER81675,N/A,madidumisile@org,+1-491-994-5343x98791,"355 Napier Isitaladi, iKapa, 4415",Springs,KwaZulu-Natal,6113,Seismic interpreter,Zulu,2
'8804295327060,Sphiwe,Shinga,Male,1988-04-29,37,Citizen,South Africa,60584057,N/A,N/A,N/A,N/A,N/A,nonhlanhlamathonsi@za.net,811-503-5607x1137,"41 West Isitaladi, Chatsworth, 1997",Witbank,Gauteng,6234,"Designer, television/film set",Zulu,N/A
'7108231698002,Zibuyile,Bhensela,Female,1971-08-23,54,Temporary Visa,South Africa,56446724,N/A,N/A,N/A,N/A,N/A,thandeka07@co.za,694.488.9041x52640,"5573 Main Indlela, Polokwane, 3695",Soweto,Limpopo,5679,Legal executive,Zulu,N/A
'PR46361525,金凤,冉,Female,2003-05-01,22,Citizen,China,61910031,Study Visa,2025-02-07,2035-02-05,PER43541,N/A,yongdeng@china.com,15859090205,湖北省杨县海港香港路B座 886914,潮州市,KwaZulu-Natal,606665,材料工程师,Mandarin,4
'0207215551028,Minenhle,Dlakadla,Male,2002-07-21,23,Citizen,South Africa,79352754,N/A,N/A,N/A,N/A,N/A,agwala@africa.com,591-407-0922,"845 Walter Sisulu Indlela, Thohoyandou, 6122",Upington,Northern Cape,1132,Astronomer,Zulu,N/A
'0202188697086,Thabani,Mgobhozi,Male,2002-02-18,23,Asylum Seeker,South Africa,77375031,N/A,N/A,N/A,N/A,N/A,nozibusiso80@za.net,592.690.7092,"988 York Umgwaqo, eThekwini, 1760",Kimberley,KwaZulu-Natal,6967,"Development worker, community",Zulu,N/A
'5309164712023,Thabisa,Hlela,Female,1953-09-16,71,Citizen,South Africa,91155161,N/A,N/A,N/A,N/A,N/A,maphisanobantu@co.za,+1-252-369-0867x31880,"749 Walter Sisulu Umgwaqo, Stellenbosch, 3215",Thohoyandou,North West,9229,Naval architect,Zulu,N/A
'0407239099059,Sphiwe,Msibi,Male,2004-07-23,21,Temporary Visa,South Africa,28774172,N/A,N/A,N/A,N/A,N/A,nomathembanandisa@za.net,208.423.8843x71530,"8394 Gandhi Ithafa, Sasolburg, 4877",Bethlehem,Mpumalanga,7722,Commercial art gallery manager,Zulu,N/A
'6907290941094,Busisiwe,Amahle,Female,1969-07-29,56,Citizen,South Africa,88621960,N/A,N/A,N/A,N/A,N/A,anondaba@co.za,(456)910-8581,"5481 Napier Isitaladi, Springs, 2244",Boksburg,Mpumalanga,9960,Bonds trader,Zulu,N/A
'0211301757039,Siphesihle,Mbongwa,Female,2002-11-30,22,Citizen,South Africa,22329733,N/A,N/A,N/A,N/A,N/A,gmwandla@za.net,8113433374,"401 Adelaide Indawo, Soweto, 9640",Stellenbosch,Gauteng,3504,Radio producer,Zulu,N/A
'TV86504,Andile,Gubhuza,Male,1990-02-03,35,Permanent Resident,Nigeria,N8041774,Critical Skills Visa,2023-09-06,2025-01-17,VIS69919,N/A,mcebisimgabadeli@nigeria.com,577.378.9089x4772,"90 Rivonia Indawo, Springs, 6808",Randfontein,Western Cape,2178,Facilities manager,Zulu,7
'PR39988845,कला,चवन,Female,1987-03-05,38,Citizen,India,66641961,Retirement Visa,2024-02-18,2034-02-15,PER88064,N/A,subrmnnymkhaan@co.in,+91 4837381327,"39 श्रीपति वेंकटएसन, पाकाला-041428",विस्तारण,Eastern Cape,733880,Politician's assistant,Hindi,8
'7910280058048,Amahle,Ndlala,Female,1979-10-28,45,Temporary Visa,South Africa,79212556,N/A,N/A,N/A,N/A,N/A,bhekokwakhe95@africa.com,(998)477-0211x74127,"1470 Elizabeth Umgwaqo, Mahikeng, 9510",Thohoyandou,KwaZulu-Natal,7892,"Restaurant manager, fast food",Zulu,N/A
'5204071282099,Zibuyile,Ncanana,Female,1952-04-07,73,Permanent Resident,South Africa,58301901,N/A,N/A,N/A,N/A,N/A,sibusisiwemkhokeleleki@africa.com,001-754-982-3373x22448,"2708 Victoria Umgwaqo, Polokwane, 6932",George,Gauteng,8053,Tax adviser,Zulu,N/A
'8111158947058,S'fiso,Mathula,Male,1981-11-15,43,Citizen,South Africa,90882598,N/A,N/A,N/A,N/A,N/A,thalentemkhandlela@za.net,701.964.9158,"23 King Ithafa, Mbombela, 8618",Paarl,Free State,1775,Occupational psychologist,Zulu,N/A
'PR61140981,Thabisile,Msibi,Female,1991-12-06,33,Temporary Visa,Nigeria,N7129154,Corporate Visa,2023-03-10,2033-03-07,PER45631,N/A,mthabelabhekokwakhe@com.ng,001-556-956-5835x32762,"135 King Isitaladi, iKapa, 3713",Boksburg,Gauteng,7742,Interior and spatial designer,Zulu,14
'6206147039082,Mandla,Maduna,Male,1962-06-14,63,Citizen,South Africa,19927213,N/A,N/A,N/A,N/A,N/A,nokulunga59@co.za,(382)691-8062,"550 Napier Indlela, Benoni, 2890",Musina,Western Cape,4553,Hydrographic surveyor,Zulu,N/A
'6605048889082,Bhekani,Mcanco,Male,1966-05-04,59,Citizen,South Africa,88551777,N/A,N/A,N/A,N/A,N/A,vusumuzi77@co.za,583-499-1661,"904 Stanley Umgwaqo, Witbank, 9246",iBhayi,Free State,2355,Occupational therapist,Zulu,N/A
'TV29072,Nomasonto,Msimang,Female,1995-10-24,29,Temporary Visa,Tanzania,56705141,Study Visa,2024-10-15,2025-03-11,VIS19226,N/A,silondilethole@net,(370)571-9595,"48 Stanley Indawo, iKapa, 8673",Tembisa,Free State,7193,TEFL teacher,Zulu,4
'7403307852048,Mandla,Mabuza,Male,1974-03-30,51,Citizen,South Africa,17199020,N/A,N/A,N/A,N/A,N/A,dmthanti@co.za,356.317.5884,"96 Cecil Umgwaqo, Vanderbijlpark, 1845",Mahikeng,Free State,7611,Veterinary surgeon,Zulu,N/A
'TV68307,Olivier,Merle,Male,1992-04-22,33,Citizen,France,590743596,Study Visa,2024-07-06,2025-04-14,VIS53517,N/A,odette38@france.com,+33 4 79 16 22 03,"chemin Ramos, 53743 Mace-sur-Letellier",Collinboeuf,Gauteng,45358,ingénieur textile,French,16
'0410259172088,Luyanda,Somboni,Male,2004-10-25,20,Citizen,South Africa,29440902,N/A,N/A,N/A,N/A,N/A,nqobizithasiyaya@africa.com,5993284895,"680 Somerset Indawo, iKapa, 4825",Boksburg,Mpumalanga,5065,Local government officer,Zulu,N/A
'PR70945426,Sphiwe,Maphumulo,Male,1991-08-06,34,Permanent Resident,Ghana,G8497021,Corporate Visa,2024-11-01,2034-10-30,PER48750,N/A,majozinqobizitha@ghana.com,(766)894-7363,"410 James Indlela, Potchefstroom, 8647",Musina,Northern Cape,6548,"Programmer, multimedia",Zulu,8
'5312232892051,Bhekisisa,Goba,Female,1953-12-23,71,Citizen,South Africa,56822395,N/A,N/A,N/A,N/A,N/A,nomcebo34@co.za,859.546.9058,"9616 James Indawo, Rustenburg, 1650",Boksburg,Mpumalanga,9119,Merchant navy officer,Zulu,N/A
'4707315821085,S'fiso,Nkwanyana,Male,1947-07-31,78,Asylum Seeker,South Africa,44761747,N/A,N/A,N/A,N/A,N/A,olwethu65@co.za,001-264-250-2205x6697,"99 Walter Sisulu Ithafa, Springs, 6827",Benoni,Eastern Cape,2737,Quantity surveyor,Zulu,N/A
'7404135727065,Vusumuzi,Mpanza,Male,1974-04-13,51,Citizen,South Africa,84995014,N/A,N/A,N/A,N/A,N/A,kmbunjwa@za.net,(743)500-6158,"734 Stanley Indlela, Springs, 7407",Kathu,North West,9001,Health and safety adviser,Zulu,N/A
'6704262432057,Nqobizitha,Ndlanzi,Female,1967-04-26,58,Citizen,South Africa,23894192,N/A,N/A,N/A,N/A,N/A,rndaba@africa.com,992.673.7689,"9347 Charles Umgwaqo, Chatsworth, 3059",Stellenbosch,North West,5007,Photographer,Zulu,N/A
'PR15518149,Maurizio,Beckmann,Male,1983-01-10,42,Permanent Resident,Germany,712655404,Relative's Visa,2024-08-11,2034-08-09,PER42640,N/A,vschueler@de,01384 938781,"Klemmstr. 6692, 53613 Rastatt",Dinkelsbühl,KwaZulu-Natal,45042,Arzt,German,12
'9303088671099,Thabani,Vunisa,Male,1993-03-08,32,Citizen,South Africa,59811260,N/A,N/A,N/A,N/A,N/A,nmathibela@co.za,001-826-812-5270,"545 Jan Smuts Indlela, Kathu, 8329",Randfontein,North West,4206,"Journalist, newspaper",Zulu,N/A
'5211152586018,Nothando,Mgcaleka,Female,1952-11-15,72,Citizen,South Africa,90010501,N/A,N/A,N/A,N/A,N/A,bmkhatshwa@africa.com,001-724-244-4335x641,"92 William Isitaladi, Sasolburg, 2998",Bethlehem,Gauteng,1657,"Scientist, research (life sciences)",Zulu,N/A
'7207061559082,Sithembiso,Sithole,Female,1972-07-06,53,Citizen,South Africa,14287036,N/A,N/A,N/A,N/A,N/A,lmlotshwa@co.za,581.260.5898x390,"567 Smith Isitaladi, Paarl, 7732",iBhayi,Gauteng,9801,Fashion designer,Zulu,N/A
'9409286977049,S'fiso,Masilela,Male,1994-09-28,30,Citizen,South Africa,72189950,N/A,N/A,N/A,N/A,N/A,mabizelandumiso@co.za,5164509548,"39 Gandhi Umgwaqo, Kathu, 1046",Rustenburg,Northern Cape,4520,"Nurse, children's",Zulu,N/A
'8703232244001,Bhekizizwe,Nzamela,Female,1987-03-23,38,Temporary Visa,South Africa,85455244,N/A,N/A,N/A,N/A,N/A,sihawukele37@africa.com,+1-327-640-9969x85899,"5953 Long Indlela, Rustenburg, 2641",Kimberley,Limpopo,6957,Database administrator,Zulu,N/A
'8405170987066,Thembile,Vangisa,Female,1984-05-17,41,Permanent Resident,South Africa,76298222,N/A,N/A,N/A,N/A,N/A,mbokobhekani@za.net,(650)537-3173,"342 Stanley Indlela, eGoli, 8152",Mbombela,Northern Cape,3403,Visual merchandiser,Zulu,N/A
'7307091013098,Thandazile,Mthombeni,Female,1973-07-09,52,Citizen,South Africa,88002916,N/A,N/A,N/A,N/A,N/A,dmzomba@co.za,(609)292-2897,"340 Church Indawo, Tembisa, 3917",Vanderbijlpark,Mpumalanga,4638,Secondary school teacher,Zulu,N/A
'8301156536098,Bandile,Madiba,Male,1983-01-15,42,Permanent Resident,South Africa,36116441,N/A,N/A,N/A,N/A,N/A,olwethunqumela@za.net,576.425.0105x4701,"96 Milner Indlela, Stellenbosch, 3915",Boksburg,Limpopo,4745,"Accountant, chartered",Zulu,N/A
'AS986760,Bandile,Mzolo,Male,1987-03-03,38,Citizen,Zimbabwe,ZI827931,Asylum Seeker Permit,2024-12-15,2026-12-15,ASP89250,Under Review,simphiweyinkosinkala@co.zw,200-895-6525x608,"65 Napier Indlela, eThekwini, 2912",Welkom,Northern Cape,6550,Chief Technology Officer,Zulu,10
'9912137688081,Sibusiso,Khambule,Male,1999-12-13,25,Citizen,South Africa,12370392,N/A,N/A,N/A,N/A,N/A,thabisilemdotshana@co.za,+1-401-859-1349,"78 Milner Ithafa, Kimberley, 3263",Stellenbosch,Mpumalanga,5069,"Engineer, control and instrumentation",Zulu,N/A
'7605062638075,Owethu,Hlubi,Female,1976-05-06,49,Citizen,South Africa,28576691,N/A,N/A,N/A,N/A,N/A,sibongile81@za.net,823.460.4285x673,"39 Elizabeth Indawo, Vereeniging, 1207",uMgungundlovu,North West,3642,"Engineer, chemical",Zulu,N/A
'PR50094048,Thabani,Mnangwe,Male,1985-06-08,40,Citizen,Tanzania,53111433,Retirement Visa,2022-11-14,2032-11-11,PER28618,N/A,madidethandiwe@net,001-535-756-7776x49616,"4516 Smith Indlela, Stellenbosch, 4415",Chatsworth,Mpumalanga,7975,Geoscientist,Zulu,10
'6705253863057,Sibongile,Msane,Female,1967-05-25,58,Citizen,South Africa,10113329,N/A,N/A,N/A,N/A,N/A,wchonco@za.net,736-587-9666x14492,"790 Adelaide Umgwaqo, Klerksdorp, 5827",Upington,Limpopo,4652,Armed forces operational officer,Zulu,N/A
'AS342870,Nomalanga,Shandu,Female,1999-04-28,26,Citizen,Kenya,K1479282,Asylum Seeker Permit,2023-06-10,2025-06-09,ASP59640,Appeal Pending,mafobogugulethu@kenya.com,001-790-515-9098x44356,"536 Prince Umgwaqo, Vanderbijlpark, 9218",iKapa,Mpumalanga,1775,Radio broadcast assistant,Zulu,20
'0004290590008,Gugu,Mphahlwa,Female,2000-04-29,25,Citizen,South Africa,82553550,N/A,N/A,N/A,N/A,N/A,kweyamanothando@za.net,(485)592-2453x81186,"268 Somerset Umgwaqo, eThekwini, 2793",Upington,Northern Cape,3690,Computer games developer,Zulu,N/A
'TV60800,Zakhele,Mdluli,Female,1990-12-18,34,Citizen,Botswana,BO211072,Work Visa,2023-03-06,2025-04-16,VIS54367,N/A,ntshalintshaligugu@net,484-384-0424x2178,"56 Queen Indlela, Tembisa, 1045",Stellenbosch,Northern Cape,4978,"Scientist, biomedical",Zulu,5
'5603236925005,Sphiwe,Nhlapho,Male,1956-03-23,69,Citizen,South Africa,68152602,N/A,N/A,N/A,N/A,N/A,njabulomdunge@za.net,+1-495-321-1447x82680,"401 James Isitaladi, George, 7603",Witbank,Free State,4921,Cabin crew,Zulu,N/A
'PR21822960,Alexandrie,Pasquier,Female,1972-04-13,53,Temporary Visa,United States,870180889,Critical Skills Visa,2025-01-06,2035-01-04,PER87179,N/A,marc48@com,0277137384,"avenue Daniel Thomas, 14422 Charles",Dupuy,Free State,08894,ingénieur en génie climatique,French,20
'8502217682065,Thabani,Sishi,Male,1985-02-21,40,Citizen,South Africa,60286185,N/A,N/A,N/A,N/A,N/A,duzenomusa@africa.com,+1-396-648-2465x4000,"256 Main Ithafa, Springs, 2511",iKapa,Eastern Cape,1220,Financial manager,Zulu,N/A
'6411028981089,Siyabonga,Made,Male,1964-11-02,60,Permanent Resident,South Africa,71887209,N/A,N/A,N/A,N/A,N/A,nondumathabisile@co.za,(433)841-2714x6987,"3708 Charles Indawo, George, 3544",Paarl,Gauteng,2493,Housing manager/officer,Zulu,N/A
'PR91908962,Thandeka,Mbatshazwa,Female,1984-02-22,41,Citizen,Zimbabwe,ZI551628,Corporate Visa,2024-02-08,2034-02-05,PER93577,N/A,londiwe08@zimbabwe.com,(633)473-3136,"49 Smith Ithafa, Paarl, 3726",Uitenhage,Gauteng,9204,Waste management officer,Zulu,13
'4003024677010,Thandiwe,Miya,Female,1940-03-02,85,Permanent Resident,South Africa,14070915,N/A,N/A,N/A,N/A,N/A,jmnguni@za.net,(786)999-8454x6330,"530 King Ithafa, Benoni, 2877",Centurion,Gauteng,2626,Quarry manager,Zulu,N/A
'9503278329076,Sandile,Ncwane,Male,1995-03-27,30,Citizen,South Africa,59546644,N/A,N/A,N/A,N/A,N/A,nzimasesimphiweyinkosi@africa.com,001-441-819-6666,"228 Frere Umgwaqo, Potchefstroom, 7287",iBhayi,KwaZulu-Natal,1946,Fish farm manager,Zulu,N/A
'4703232541031,Nokulunga,Mabanga,Female,1947-03-23,78,Citizen,South Africa,59655842,N/A,N/A,N/A,N/A,N/A,ymbekwa@za.net,(525)886-6983x083,"330 Albertina Sisulu Isitaladi, Paarl, 6299",eThekwini,Gauteng,2569,Seismic interpreter,Zulu,N/A
'8409074337067,Dumisile,Maphalala,Female,1984-09-07,41,Citizen,South Africa,94838419,N/A,N/A,N/A,N/A,N/A,luyanda69@africa.com,316.781.1296,"42 William Isitaladi, Uitenhage, 4744",Newcastle,Eastern Cape,2341,Games developer,Zulu,N/A
'TV65594,Zakhele,Mapholoba,Female,1995-06-27,30,Temporary Visa,Ghana,G1871840,Study Visa,2023-03-17,2025-06-25,VIS33719,N/A,mathethamandlakhe@com.gh,(820)968-0721x5373,"645 Main Indawo, iBhayi, 7656",Springs,Mpumalanga,9889,Armed forces training and education officer,Zulu,13
'TV37505,Thandazile,Mawanda,Female,1984-08-04,41,Asylum Seeker,Lesotho,87313075,Work Visa,2024-08-23,2026-10-22,VIS83901,N/A,nomasontonondlela@net,544-299-8302x2207,"95 Edward Isitaladi, Paarl, 2640",Soweto,KwaZulu-Natal,5730,"Teacher, primary school",Zulu,14
'5110201476013,Nothando,Mkhokeleleki,Female,1951-10-20,73,Permanent Resident,South Africa,45514912,N/A,N/A,N/A,N/A,N/A,sibusisophetha@africa.com,+1-541-557-9664x26283,"22 Prince Indlela, Klerksdorp, 5889",iKapa,Eastern Cape,4045,Biomedical scientist,Zulu,N/A
'0209293692090,Nomathalente,Mkhithi,Female,2002-09-29,22,Temporary Visa,South Africa,91623302,N/A,N/A,N/A,N/A,N/A,musamvubu@africa.com,001-889-473-9612x9894,"66 Short Indlela, Boksburg, 8617",Witbank,Gauteng,5841,Agricultural engineer,Zulu,N/A
'4611162510077,Gugulethu,Thumbeza,Female,1946-11-16,78,Citizen,South Africa,59653555,N/A,N/A,N/A,N/A,N/A,thuthukile68@co.za,724-821-6218,"40 Oxford Ithafa, iKapa, 1043",Mahikeng,KwaZulu-Natal,1228,Engineering geologist,Zulu,N/A
'7010075013024,Vusumuzi,Ndinisa,Male,1970-10-07,54,Temporary Visa,South Africa,44380056,N/A,N/A,N/A,N/A,N/A,sithembisohlatshwayo@za.net,988-981-8176x2488,"452 Queen Indlela, Vanderbijlpark, 2779",Newcastle,Free State,3438,Architectural technologist,Zulu,N/A
'4411171133079,Thandeka,Nyazitla,Female,1944-11-17,80,Asylum Seeker,South Africa,31668221,N/A,N/A,N/A,N/A,N/A,jamilenozizwe@co.za,616-384-4487x69575,"20 Smith Indawo, Paarl, 3559",Boksburg,Free State,2149,"Designer, multimedia",Zulu,N/A
'PR58200202,शर्म,सिंह,Male,1993-11-14,31,Citizen,India,56525186,Study Visa,2025-05-23,2035-05-21,PER56068,N/A,indu54@india.com,+91 9623267690,"31 अमित जोशी, इलाहाबाद 887317",अन्तर्गत,Western Cape,056733,Exhibition designer,Hindi,15
'9610126523090,Mcebisi,Mngwengwe,Male,1996-10-12,28,Permanent Resident,South Africa,65631319,N/A,N/A,N/A,N/A,N/A,mahlabanomagugu@co.za,215.549.7693,"28 Church Isitaladi, Boksburg, 8481",eThekwini,Free State,2103,Control and instrumentation engineer,Zulu,N/A
'AS219731,Musa,Ntenga,Male,1990-11-09,34,Permanent Resident,Zambia,78423518,Asylum Seeker Permit,2023-03-09,2025-03-08,ASP89114,Under Review,nobuhlenyathi@org,001-472-825-6552x72916,"40 Elizabeth Indawo, Kimberley, 7128",uMgungundlovu,Eastern Cape,1475,Naval architect,Zulu,12
'0401241612058,Nobuhle,Jiyane,Female,2004-01-24,21,Citizen,South Africa,89877027,N/A,N/A,N/A,N/A,N/A,nokulunga58@za.net,572.533.3672x1708,"99 Prince Indawo, Newcastle, 1951",Thohoyandou,North West,6631,Charity fundraiser,Zulu,N/A
'9902018163062,Sandile,Sokhulu,Male,1999-02-01,26,Citizen,South Africa,40705109,N/A,N/A,N/A,N/A,N/A,ndumiso22@co.za,(210)497-3096x60730,"84 Short Umgwaqo, eGoli, 7119",Krugersdorp,Mpumalanga,6833,Media planner,Zulu,N/A
'4501033388096,Nomathemba,Gubhela,Female,1945-01-03,80,Asylum Seeker,South Africa,78595571,N/A,N/A,N/A,N/A,N/A,ndumiso86@africa.com,649-610-0526,"145 Paul Kruger Indawo, iBhayi, 4376",Uitenhage,Northern Cape,9513,Pathologist,Zulu,N/A
'8606146162055,Thando,Mcusi,Male,1986-06-14,39,Temporary Visa,South Africa,91638913,N/A,N/A,N/A,N/A,N/A,bhekisisandabase@za.net,(496)717-2675x7845,"660 Church Umgwaqo, Klerksdorp, 1676",Soweto,Western Cape,4876,Speech and language therapist,Zulu,N/A
'8803041644096,Zenzile,Makhedama,Female,1988-03-04,37,Citizen,South Africa,76587334,N/A,N/A,N/A,N/A,N/A,nomathalentemthonti@za.net,754-632-1004,"43 Frere Indawo, eGoli, 7744",Upington,KwaZulu-Natal,9957,Landscape architect,Zulu,N/A
'5612078439026,Nhlanhla,Mzimela,Male,1956-12-07,68,Asylum Seeker,South Africa,69071451,N/A,N/A,N/A,N/A,N/A,lungilendlovu@za.net,8493876394,"315 Churchill Isitaladi, eGoli, 8284",Vereeniging,Eastern Cape,2188,"Psychologist, counselling",Zulu,N/A
'8609033309033,Sibusisiwe,Nala,Female,1986-09-03,39,Citizen,South Africa,61804298,N/A,N/A,N/A,N/A,N/A,dndlovu@africa.com,(531)766-3944x54625,"467 James Umgwaqo, eThekwini, 7994",Welkom,Limpopo,5988,Public relations account executive,Zulu,N/A
'7807230277043,Zinhle,Mgwaba,Female,1978-07-23,47,Citizen,South Africa,32705488,N/A,N/A,N/A,N/A,N/A,mphahlwathandiwe@co.za,+1-827-311-8268x816,"3943 West Umgwaqo, Newcastle, 4654",Krugersdorp,North West,3571,"Lighting technician, broadcasting/film/video",Zulu,N/A
'AS789628,Thando,Nyawose,Male,1971-07-18,54,Citizen,Nigeria,N9543572,Asylum Seeker Permit,2024-03-20,2026-03-20,ASP25610,Interview Scheduled,ntshingilathalente@com.ng,969-655-6873,"47 Elizabeth Indlela, Newcastle, 6352",Boksburg,Northern Cape,8826,"Production designer, theatre/television/film",Zulu,11
'PR74056664,Jabulani,Nhlane,Male,1978-01-11,47,Citizen,Botswana,BO200964,Critical Skills Visa,2022-09-24,2032-09-21,PER52542,N/A,ymadela@org,+1-591-894-2959x0176,"369 Rivonia Indlela, Soweto, 2309",Randfontein,Western Cape,8236,"Engineer, chemical",Zulu,3
'9805271634031,Simphiwe,Luvuno,Female,1998-05-27,27,Citizen,South Africa,29731256,N/A,N/A,N/A,N/A,N/A,dlambulanobuhle@za.net,742.565.0328x558,"63 Milner Indawo, Rustenburg, 7358",Bloemfontein,Free State,4447,Clinical cytogeneticist,Zulu,N/A
'5010077910076,Minenhle,Somfula,Male,1950-10-07,74,Temporary Visa,South Africa,30633573,N/A,N/A,N/A,N/A,N/A,btukane@co.za,+1-272-712-6778,"22 Churchill Ithafa, Witbank, 3172",Kimberley,Northern Cape,8087,Health promotion specialist,Zulu,N/A
'5710066478045,Sibusiso,Nontuli,Male,1957-10-06,67,Citizen,South Africa,46372523,N/A,N/A,N/A,N/A,N/A,vnongalaza@africa.com,+1-825-781-3782x808,"59 West Umgwaqo, eGoli, 2205",Stellenbosch,North West,1096,"Programmer, multimedia",Zulu,N/A
'6508248338053,Lungile,Ntanzi,Male,1965-08-24,60,Citizen,South Africa,67098549,N/A,N/A,N/A,N/A,N/A,yeisithembiso@africa.com,553-888-3707x90163,"364 Queen Isitaladi, Thohoyandou, 2844",Mahikeng,Free State,9625,"Engineer, electronics",Zulu,N/A
'6004016013047,Jabulani,Mashaba,Male,1960-04-01,65,Citizen,South Africa,57018384,N/A,N/A,N/A,N/A,N/A,gwanyananomvula@za.net,+1-845-781-9202x2054,"72 Jan Smuts Indlela, Stellenbosch, 2000",Stellenbosch,Eastern Cape,2919,Print production planner,Zulu,N/A
'4906053761088,Busisiwe,Malambule,Female,1949-06-05,76,Citizen,South Africa,51041511,N/A,N/A,N/A,N/A,N/A,dlawuzathembisile@co.za,001-250-973-6827x05343,"4770 Nelson Mandela Ithafa, Soweto, 4506",Newcastle,Eastern Cape,9110,Nature conservation officer,Zulu,N/A
'8406221472074,Thandeka,Thumbeza,Female,1984-06-22,41,Citizen,South Africa,84337905,N/A,N/A,N/A,N/A,N/A,nomathembanodanga@co.za,698-546-1277x7048,"85 George Umgwaqo, George, 5414",Bethlehem,Western Cape,5520,Police officer,Zulu,N/A
'8101193843030,Thuthukile,Juqula,Female,1981-01-19,44,Citizen,South Africa,97873580,N/A,N/A,N/A,N/A,N/A,langalibalele51@co.za,932-658-1511x723,"2361 Prince Umgwaqo, Sasolburg, 4528",eGoli,Eastern Cape,9052,Medical technical officer,Zulu,N/A
'5603227675064,Thabani,Phingoshe,Male,1956-03-22,69,Temporary Visa,South Africa,35790478,N/A,N/A,N/A,N/A,N/A,mgaselalondiwe@za.net,6876457823,"884 Clarence Isitaladi, Boksburg, 6178",Potchefstroom,North West,9211,Estate agent,Zulu,N/A
'PR88675192,Zibuyile,Ntenga,Female,1978-12-23,46,Asylum Seeker,Botswana,BO351036,Relative's Visa,2024-09-24,2034-09-22,PER27793,N/A,ndumisongwazi@com,001-206-979-1700x64846,"436 President Indawo, Polokwane, 9472",Soweto,Mpumalanga,4687,Radio producer,Zulu,15
'8704135286077,Njabulo,Myeni,Male,1987-04-13,38,Permanent Resident,South Africa,18655828,N/A,N/A,N/A,N/A,N/A,rgence@africa.com,695-850-2119x50326,"264 President Isitaladi, Musina, 8344",Randfontein,KwaZulu-Natal,5021,Water engineer,Zulu,N/A
'9301057573034,Lungile,Mcanco,Male,1993-01-05,32,Citizen,South Africa,83762350,N/A,N/A,N/A,N/A,N/A,olwethu70@africa.com,520.457.0121,"846 Frere Ithafa, Mahikeng, 4586",Sasolburg,Western Cape,4588,"Pharmacist, hospital",Zulu,N/A
'7504110424039,Nomvula,Gwacela,Female,1975-04-11,50,Permanent Resident,South Africa,25302380,N/A,N/A,N/A,N/A,N/A,sandile58@africa.com,+1-561-605-9210,"409 Clarence Indawo, Uitenhage, 6799",Tembisa,KwaZulu-Natal,9762,Hydrographic surveyor,Zulu,N/A
'7112139435070,Nhlanhla,Mcambi,Male,1971-12-13,53,Citizen,South Africa,74340370,N/A,N/A,N/A,N/A,N/A,nmdonswa@africa.com,764.529.2438x7009,"741 William Isitaladi, Vereeniging, 3037",eGoli,Mpumalanga,2650,Occupational hygienist,Zulu,N/A
'PR66378751,Olwethu,Vezi,Female,1984-08-10,41,Citizen,Lesotho,55942925,Critical Skills Visa,2023-07-26,2033-07-23,PER29683,N/A,gugu09@net,+1-764-573-5597x5700,"23 Jan Smuts Indlela, Musina, 7733",Bethlehem,Free State,3323,Clinical embryologist,Zulu,6
'8807144005015,Nomathemba,Ndawo,Female,1988-07-14,37,Permanent Resident,South Africa,78483101,N/A,N/A,N/A,N/A,N/A,nokulunga11@co.za,+1-960-921-9662x6710,"824 Stanley Ithafa, Stellenbosch, 3084",Klerksdorp,Free State,9436,Multimedia programmer,Zulu,N/A
'6211088086055,Andile,Mphahlwa,Male,1962-11-08,62,Permanent Resident,South Africa,78819864,N/A,N/A,N/A,N/A,N/A,bhekani23@za.net,(567)235-6602x5421,"35 Walter Sisulu Ithafa, Uitenhage, 3313",Chatsworth,North West,9083,"Optician, dispensing",Zulu,N/A
'PR28940249,Amahle,Khuyameni,Female,1997-07-11,28,Permanent Resident,Kenya,K3733781,Business Visa,2025-01-07,2035-01-05,PER99166,N/A,yngobisi@co.ke,726.772.9315x092,"3348 Adelaide Indawo, Benoni, 2852",Paarl,Western Cape,7347,"Scientist, research (life sciences)",Zulu,1
'AS165460,Amahle,Ngobisi,Female,1970-04-11,55,Citizen,Kenya,K8379021,Asylum Seeker Permit,2023-07-16,2025-07-15,ASP63206,Interview Scheduled,qkhezokhulu@co.ke,(841)264-7802x1026,"9984 Clarence Umgwaqo, Krugersdorp, 9689",Musina,Northern Cape,5717,Manufacturing engineer,Zulu,12
'TV20147,Thandiwe,Sithombo,Female,1978-09-11,47,Citizen,Lesotho,68927674,Retirement Visa,2025-02-26,2026-09-04,VIS77201,N/A,mtuswanobantu@com,+1-756-427-7472x18373,"62 High Ithafa, Mbombela, 7275",Musina,Gauteng,4881,"Education officer, museum",Zulu,12
'4201184471003,Nozibusiso,Ndlondlo,Female,1942-01-18,83,Citizen,South Africa,89941582,N/A,N/A,N/A,N/A,N/A,owethu72@za.net,001-731-312-5791x183,"8533 Frere Indawo, Potchefstroom, 8691",Bethlehem,KwaZulu-Natal,7850,Translator,Zulu,N/A
'TV29708,Owethu,Ndinisa,Female,1999-03-17,26,Temporary Visa,Eswatini,39675409,Relative's Visa,2023-01-01,2023-05-07,VIS65356,N/A,siyabonga35@com,442.653.2605x055,"2045 President Ithafa, Vanderbijlpark, 8631",Randfontein,Gauteng,2311,Market researcher,Zulu,18
'5906069457081,Thalente,Wasendlunkulu,Male,1959-06-06,66,Asylum Seeker,South Africa,14538228,N/A,N/A,N/A,N/A,N/A,gugulethumathetha@africa.com,432.461.0233,"9261 King Indawo, Bethlehem, 9338",Benoni,North West,8323,Midwife,Zulu,N/A
'4811158560093,Minenhle,Mcambi,Male,1948-11-15,76,Citizen,South Africa,35122198,N/A,N/A,N/A,N/A,N/A,jamasibonelo@co.za,435-852-8196,"44 Victoria Isitaladi, Newcastle, 6654",Centurion,Free State,7462,Ceramics designer,Zulu,N/A
'8011119307057,Zenzele,Makhunga,Male,1980-11-11,44,Citizen,South Africa,58713134,N/A,N/A,N/A,N/A,N/A,thalente04@co.za,966-574-0946x9735,"459 Grey Isitaladi, Benoni, 4963",Middelburg,Northern Cape,3334,Financial planner,Zulu,N/A
'PR13109037,Mthokozisi,Ngazitha,Male,1971-12-01,53,Temporary Visa,Zimbabwe,ZI235195,Business Visa,2025-05-29,2035-05-27,PER73797,N/A,amcambi@co.zw,(467)793-8172,"428 Grey Ithafa, Musina, 8954",iBhayi,Mpumalanga,3301,Architect,Zulu,18
'8603277256036,Langalibalele,Gxabhashe,Male,1986-03-27,39,Citizen,South Africa,20337268,N/A,N/A,N/A,N/A,N/A,nzimasethalente@co.za,611-215-8000,"10 Edward Indlela, Bloemfontein, 1488",Centurion,Mpumalanga,9610,Production engineer,Zulu,N/A
'PR96316243,Nomthandazo,Jiyane,Female,1997-05-09,28,Citizen,Zimbabwe,ZI357201,Work Visa,2025-07-29,2035-07-27,PER54181,N/A,minenhlemayisela@co.zw,4507167070,"47 High Ithafa, Vanderbijlpark, 8412",Potchefstroom,North West,3503,"Doctor, general practice",Zulu,19
'9601114877010,Sihawukele,Bayeni,Female,1996-01-11,29,Citizen,South Africa,51733865,N/A,N/A,N/A,N/A,N/A,thembisile98@za.net,+1-951-622-0142x794,"189 Napier Indlela, Bloemfontein, 7828",Sasolburg,Free State,3086,Holiday representative,Zulu,N/A
'7107231031015,Thembile,Thumbela,Female,1971-07-23,54,Permanent Resident,South Africa,52285673,N/A,N/A,N/A,N/A,N/A,igasela@co.za,682-674-9687x5751,"77 Voortrekker Indlela, Mbombela, 6284",Krugersdorp,KwaZulu-Natal,9910,Press photographer,Zulu,N/A
'0403190963017,Thembile,Mlalazi,Female,2004-03-19,21,Temporary Visa,South Africa,16789318,N/A,N/A,N/A,N/A,N/A,minenhle69@co.za,9694866609,"99 Milner Indawo, Bloemfontein, 1742",Thohoyandou,North West,8245,"Sound technician, broadcasting/film/video",Zulu,N/A
'8001014603003,Gugu,Jobe,Female,1980-01-01,45,Citizen,South Africa,59190495,N/A,N/A,N/A,N/A,N/A,mncwabenonjabulo@co.za,834.560.8756,"494 Short Indawo, Benoni, 5807",eThekwini,North West,9255,Health visitor,Zulu,N/A
'AS287654,Olwethu,Madlala,Female,1978-05-06,47,Citizen,Ethiopia,47255528,Asylum Seeker Permit,2023-03-10,2025-03-09,ASP14037,Refugee Status Granted,nomasonto52@com,001-680-690-5677x2010,"711 Somerset Isitaladi, Rustenburg, 7109",Klerksdorp,North West,8088,Public house manager,Zulu,14
'0508233332040,Sihawukele,Jokiwe,Female,2005-08-23,20,Citizen,South Africa,84524376,N/A,N/A,N/A,N/A,N/A,khanyisilensele@co.za,(623)701-8849,"3687 Walter Sisulu Indawo, Polokwane, 3217",Paarl,Mpumalanga,6431,"Lecturer, further education",Zulu,N/A
'PR31302589,Njabulo,Nxumalo,Male,1989-07-02,36,Citizen,Kenya,K9344227,Corporate Visa,2022-10-21,2032-10-18,PER64176,N/A,thembekilenzima@kenya.com,(823)299-4196,"822 Grey Indawo, eThekwini, 4153",uMgungundlovu,Eastern Cape,8046,Marine scientist,Zulu,4
'7903247461073,Sibonelo,Mbhense,Male,1979-03-24,46,Permanent Resident,South Africa,32723475,N/A,N/A,N/A,N/A,N/A,ssothole@africa.com,749-962-0840x68683,"11 Long Indawo, Soweto, 7307",Newcastle,North West,5397,Administrator,Zulu,N/A
'5709064287048,Bhekisisa,Ndiyema,Female,1957-09-06,68,Citizen,South Africa,70654332,N/A,N/A,N/A,N/A,N/A,londisizwemsibi@africa.com,(304)387-1363x80024,"19 Albertina Sisulu Isitaladi, Bloemfontein, 7637",Polokwane,Northern Cape,9260,"Therapist, drama",Zulu,N/A
'4606225614082,Thando,Nhlengethwa,Male,1946-06-22,79,Temporary Visa,South Africa,85507579,N/A,N/A,N/A,N/A,N/A,nomusa82@co.za,487-790-5200x1170,"47 Walter Sisulu Indlela, Welkom, 9511",Welkom,North West,5609,"Engineer, automotive",Zulu,N/A
'PR54243043,Nhlanhla,Malevu,Male,1987-02-08,38,Citizen,Ghana,G6565315,Corporate Visa,2023-08-25,2033-08-22,PER31133,N/A,mthokozisi26@com.gh,401.553.3853x80799,"51 Oxford Isitaladi, Polokwane, 4019",George,Free State,3296,Set designer,Zulu,9
'TV38888,Henriette,Humbert,Female,1998-10-14,26,Citizen,Democratic Republic of Congo,29295036,Retirement Visa,2025-02-12,2027-02-26,VIS13140,N/A,lbuisson@com,+33 3 60 96 90 45,"9, rue Philippe, 89114 Garnier-sur-Berger",Gautier,Free State,21983,chef comptable,French,1
'PR86869775,Ester,van der Dussen,Female,1994-07-13,31,Citizen,Germany,643658334,Business Visa,2023-06-07,2033-06-04,PER51256,N/A,klotzgilbert@de,(03214) 837653,"Ebertgasse 9144, 07865 Bremervörde",Kleve,KwaZulu-Natal,25700,Chemikant,German,13
'5310121149023,Thembile,Zikhungwini,Female,1953-10-12,71,Permanent Resident,South Africa,37803375,N/A,N/A,N/A,N/A,N/A,nonhlanhla83@africa.com,206.396.3338,"3483 Cecil Indlela, Soweto, 9264",Randfontein,Western Cape,3075,"Doctor, hospital",Zulu,N/A
'9406089193076,Thalente,Hlumakazi,Male,1994-06-08,31,Citizen,South Africa,90138496,N/A,N/A,N/A,N/A,N/A,dlodlozenzele@africa.com,374.591.5814x983,"15 Churchill Umgwaqo, Kimberley, 9427",Witbank,KwaZulu-Natal,1082,"Accountant, chartered management",Zulu,N/A
'PR90085306,Sphiwe,Ngotsha,Male,1971-12-07,53,Citizen,Eswatini,43464195,Study Visa,2022-10-19,2032-10-16,PER30392,N/A,egabadela@com,(496)661-1574x163,"90 Main Isitaladi, Rustenburg, 8062",Rustenburg,Western Cape,5353,Sub,Zulu,13
'PR33670044,Bandile,Nowanqa,Male,1975-09-20,49,Citizen,Ethiopia,77935415,Critical Skills Visa,2024-03-01,2034-02-27,PER97217,N/A,ombatha@net,548.943.8982,"4695 Clarence Indawo, Potchefstroom, 4988",Witbank,Western Cape,4661,"Surveyor, rural practice",Zulu,12
'5503245365047,Nhlanhla,Ntshiza,Male,1955-03-24,70,Citizen,South Africa,83771344,N/A,N/A,N/A,N/A,N/A,hmbili@co.za,+1-605-808-8587x66889,"81 Victoria Umgwaqo, Kathu, 3892",Upington,Limpopo,8453,Secondary school teacher,Zulu,N/A
'7805096316000,Lungile,Qomazitha,Male,1978-05-09,47,Permanent Resident,South Africa,61576818,N/A,N/A,N/A,N/A,N/A,pntuli@africa.com,4094324392,"512 Voortrekker Ithafa, iKapa, 8410",uMgungundlovu,Limpopo,7278,Barrister,Zulu,N/A
'PR69551907,Nomathalente,Nkomose,Female,1983-08-04,42,Citizen,Malawi,19708998,Corporate Visa,2023-12-30,2033-12-27,PER31578,N/A,nmdonswa@net,9075537404,"830 William Indlela, Bloemfontein, 1351",eGoli,Mpumalanga,3209,Tax inspector,Zulu,16
'TV97162,Busisiwe,Mbonambi,Female,1974-03-02,51,Citizen,Lesotho,56427269,Work Visa,2023-04-15,2026-01-01,VIS69880,N/A,ginasiyabonga@net,(428)286-0645,"86 Cecil Umgwaqo, Bloemfontein, 6327",Rustenburg,Free State,5201,"Chemist, analytical",Zulu,3
'PR68652235,Thembile,Ntenga,Female,2003-12-13,21,Citizen,Somalia,28759117,Retirement Visa,2024-02-23,2034-02-20,PER54540,N/A,masukubhekani@net,348.782.7427x56240,"51 Clarence Indawo, Bloemfontein, 4200",Chatsworth,Limpopo,9847,IT consultant,Zulu,20
'0007058256094,Langalibalele,Mjoli,Male,2000-07-05,25,Citizen,South Africa,88605217,N/A,N/A,N/A,N/A,N/A,dumisani32@africa.com,422-406-9641,"426 Elizabeth Isitaladi, Boksburg, 5447",Thohoyandou,Mpumalanga,3280,Chartered legal executive (England and Wales),Zulu,N/A
'7207241970004,Dumisile,Masinga,Female,1972-07-24,53,Citizen,South Africa,75761577,N/A,N/A,N/A,N/A,N/A,mavusosandile@za.net,840-793-1201x374,"617 Frere Indawo, Sasolburg, 9118",Kimberley,Gauteng,6987,Ergonomist,Zulu,N/A
'5610048208073,Minenhle,Xaba,Male,1956-10-04,68,Citizen,South Africa,82528510,N/A,N/A,N/A,N/A,N/A,bmdunge@co.za,+1-499-489-9489x0957,"4476 Paul Kruger Indawo, Middelburg, 1893",Potchefstroom,KwaZulu-Natal,1886,Automotive engineer,Zulu,N/A
'PR51181423,Bhekani,Thenjwayo,Male,1971-11-01,53,Temporary Visa,Ethiopia,79115077,Work Visa,2024-12-22,2034-12-20,PER77873,N/A,fndabase@net,+1-513-764-1368,"241 Elizabeth Ithafa, Musina, 4942",Musina,Limpopo,7025,"Engineer, structural",Zulu,13
'7606235004054,Minenhle,Msuthu,Male,1976-06-23,49,Temporary Visa,South Africa,10110064,N/A,N/A,N/A,N/A,N/A,sibusisiwe85@za.net,+1-750-814-8455x9853,"4524 Frere Umgwaqo, uMgungundlovu, 2488",eGoli,KwaZulu-Natal,4445,Professor Emeritus,Zulu,N/A
'PR72421905,Sibusiso,Gambuse,Male,1985-11-23,39,Citizen,Zambia,10009957,Relative's Visa,2024-12-21,2034-12-19,PER71436,N/A,nkamzwayonomthandazo@com,3269144607,"525 Clarence Indawo, Welkom, 1010",Sasolburg,Eastern Cape,1940,Orthoptist,Zulu,13
'7309104974046,Amahle,Mzilankatha,Female,1973-09-10,52,Citizen,South Africa,83460905,N/A,N/A,N/A,N/A,N/A,rblose@co.za,751.208.2389,"11 York Isitaladi, Rustenburg, 5214",Stellenbosch,North West,3211,Metallurgist,Zulu,N/A
'PR26790856,Mandla,Mnomiya,Male,1991-11-04,33,Citizen,Ethiopia,82637761,Business Visa,2025-04-10,2035-04-08,PER20682,N/A,asokhwebula@net,859.817.4403x6014,"344 Milner Ithafa, Mahikeng, 2094",Sasolburg,Limpopo,5806,Wellsite geologist,Zulu,20
'8001020639006,Nothando,Mpungose,Female,1980-01-02,45,Citizen,South Africa,30478768,N/A,N/A,N/A,N/A,N/A,kngcamane@africa.com,(854)900-6587x30294,"7239 King Umgwaqo, Newcastle, 1916",Benoni,Gauteng,4076,Fashion designer,Zulu,N/A
'5909199916001,SimphiweyiNkosi,Ngcemu,Male,1959-09-19,65,Citizen,South Africa,29902329,N/A,N/A,N/A,N/A,N/A,dlamlenzenjabulo@africa.com,669.242.8682x27438,"628 William Umgwaqo, Rustenburg, 6508",Vanderbijlpark,Mpumalanga,2234,Agricultural consultant,Zulu,N/A
'4309306452006,Nhlanhla,Ndima,Male,1943-09-30,81,Citizen,South Africa,49201022,N/A,N/A,N/A,N/A,N/A,mcebekhulu@africa.com,001-233-703-2719,"9108 President Indlela, Kimberley, 9871",Boksburg,Western Cape,7807,Waste management officer,Zulu,N/A
'8806216431080,Mcebisi,Dikane,Male,1988-06-21,37,Citizen,South Africa,17471650,N/A,N/A,N/A,N/A,N/A,mntambosiyabonga@africa.com,878.889.5141x7225,"9993 William Indawo, Paarl, 5467",Newcastle,Limpopo,7300,Leisure centre manager,Zulu,N/A
'6107258812008,Bhekani,Cibane,Male,1961-07-25,64,Citizen,South Africa,95772173,N/A,N/A,N/A,N/A,N/A,londisizwe75@za.net,505-345-7544x851,"959 Adelaide Isitaladi, eGoli, 3222",Kathu,Western Cape,9189,Set designer,Zulu,N/A
'8206150998003,Busisiwe,Nkomo,Female,1982-06-15,43,Permanent Resident,South Africa,81585504,N/A,N/A,N/A,N/A,N/A,wndosi@africa.com,8429083083,"4410 President Indawo, Paarl, 2028",Kimberley,Northern Cape,6209,Camera operator,Zulu,N/A
'AS347970,Renato,Sá,Male,1989-06-21,36,Asylum Seeker,Mozambique,MO387416,Asylum Seeker Permit,2024-01-05,2026-01-04,ASP73336,Under Review,antunesfrancisca@mozambique.com,917 927 086,"Alameda Branco, 75, 2177-831 Esposende",Ribeira Grande,North West,7584-639,Diretor das indústrias extrativas,Portuguese,14
'8711173377000,Thembeka,Dindela,Female,1987-11-17,37,Citizen,South Africa,92030681,N/A,N/A,N/A,N/A,N/A,thabisile69@za.net,(425)551-0091,"1191 King Indlela, uMgungundlovu, 8238",Potchefstroom,Gauteng,2612,Chiropodist,Zulu,N/A
'4008041248019,Zenzile,Ncwane,Female,1940-08-04,85,Citizen,South Africa,45659869,N/A,N/A,N/A,N/A,N/A,thembisilemnisi@za.net,778-384-9806x53495,"175 Smith Ithafa, Boksburg, 1162",Upington,Gauteng,5742,"Biochemist, clinical",Zulu,N/A
'4403064317006,Thandiwe,Ndabase,Female,1944-03-06,81,Citizen,South Africa,73308324,N/A,N/A,N/A,N/A,N/A,thandazilethabizolo@africa.com,(369)867-1271x15037,"1138 Commissioner Umgwaqo, iBhayi, 6064",Stellenbosch,North West,4838,Advertising account executive,Zulu,N/A
'AS783819,Nobantu,Majola,Female,2001-08-14,24,Citizen,Somalia,66933408,Asylum Seeker Permit,2024-09-11,2026-09-11,ASP19482,Under Review,ymvubu@net,+1-462-664-0802x40294,"21 Albertina Sisulu Indlela, Middelburg, 7126",Krugersdorp,Northern Cape,1101,"Accountant, chartered",Zulu,17
'0409254616076,Sithembiso,Mehloluhlaza,Female,2004-09-25,20,Citizen,South Africa,64826798,N/A,N/A,N/A,N/A,N/A,bhejelibomvusiphesihle@za.net,224-875-1129,"500 Prince Umgwaqo, Paarl, 8257",Mbombela,Gauteng,9467,Politician's assistant,Zulu,N/A
'TV60292,Olivier,Guérin,Male,1984-05-15,41,Permanent Resident,France,632570258,Business Visa,2022-10-30,2023-09-02,VIS13177,N/A,mpages@fr,+33 5 56 99 95 28,"243, avenue de Paul, 34724 Sainte David-les-Bains",Guérin,KwaZulu-Natal,97429,agent d'exploitation de l'eau,French,3
'8705052689091,Nomalanga,Miya,Female,1987-05-05,38,Citizen,South Africa,83907680,N/A,N/A,N/A,N/A,N/A,bhekani18@africa.com,001-481-852-6711x50288,"209 George Umgwaqo, Musina, 7070",Bloemfontein,Mpumalanga,9021,Actor,Zulu,N/A
'7207239021025,Njabulo,Masibekela,Male,1972-07-23,53,Citizen,South Africa,21147061,N/A,N/A,N/A,N/A,N/A,bncongwane@za.net,701-238-4820x8263,"2139 William Isitaladi, Uitenhage, 1371",Kathu,Eastern Cape,9859,Health service manager,Zulu,N/A
'7707137570077,Sibusiso,Nyathi,Male,1977-07-13,48,Citizen,South Africa,32577890,N/A,N/A,N/A,N/A,N/A,vmbatshazwa@africa.com,(431)290-2528x134,"161 Churchill Umgwaqo, Randfontein, 3883",Vereeniging,Free State,7217,"Designer, fashion/clothing",Zulu,N/A
'PR92932497,Andile,Lange,Male,1994-05-30,31,Permanent Resident,Botswana,BO766693,Business Visa,2025-05-11,2035-05-09,PER60681,N/A,minenhlenkwanyana@com,785-623-0927x400,"4969 Clarence Isitaladi, iBhayi, 2311",Middelburg,Gauteng,1330,Theme park manager,Zulu,20
'TV80313,S'fiso,Malambule,Male,1993-10-16,31,Citizen,Zimbabwe,ZI403552,Study Visa,2023-09-08,2026-04-19,VIS38007,N/A,dmbhulangwe@co.zw,001-838-540-5041,"8195 Main Indawo, Potchefstroom, 4518",Centurion,Gauteng,8974,Building surveyor,Zulu,9
'TV89050,Siyabonga,Mbatha,Male,2004-05-14,21,Permanent Resident,Botswana,BO822809,Work Visa,2023-03-26,2023-07-04,VIS61564,N/A,sfiso30@com,629.475.5145,"31 York Indawo, Welkom, 6082",Centurion,Mpumalanga,5355,"Development worker, international aid",Zulu,18
'AS143378,Nkazimulo,Masina,Female,1986-03-04,39,Citizen,Somalia,19172209,Asylum Seeker Permit,2024-12-10,2026-12-10,ASP31365,Application Submitted,silondile99@net,001-398-237-7720x8371,"5268 Prince Indawo, Kathu, 1078",Benoni,Eastern Cape,8430,IT sales professional,Zulu,5
'PR29347003,Zinhle,Gigaba,Female,1999-11-02,25,Citizen,Nigeria,N1341348,Study Visa,2024-04-15,2034-04-13,PER58664,N/A,mandlancwane@nigeria.com,977-209-4643x73263,"25 George Indlela, eGoli, 5810",Uitenhage,Northern Cape,9501,Investment analyst,Zulu,11
'4309303128094,Busisiwe,Khezokhulu,Female,1943-09-30,81,Temporary Visa,South Africa,79680112,N/A,N/A,N/A,N/A,N/A,mananakhanyisile@africa.com,2047654583,"69 Paul Kruger Isitaladi, Upington, 9505",iKapa,Limpopo,2652,Pensions consultant,Zulu,N/A
'0501073416035,Silondile,Magolwana,Female,2005-01-07,20,Citizen,South Africa,76187749,N/A,N/A,N/A,N/A,N/A,luyandamanzini@za.net,+1-687-273-8351,"43 Frere Ithafa, Thohoyandou, 1827",Klerksdorp,Mpumalanga,4898,Television production assistant,Zulu,N/A
'4101013249056,Nomagugu,Mnikathi,Female,1941-01-01,84,Permanent Resident,South Africa,88611910,N/A,N/A,N/A,N/A,N/A,londiwemzileni@co.za,(420)928-8009x507,"477 Oxford Umgwaqo, Benoni, 6702",Krugersdorp,Free State,5881,Control and instrumentation engineer,Zulu,N/A
'7602031404051,Khanyisile,Dukada,Female,1976-02-03,49,Citizen,South Africa,83511144,N/A,N/A,N/A,N/A,N/A,nomvula97@africa.com,239.619.6155x7308,"999 George Indawo, Middelburg, 2816",Centurion,Limpopo,2448,Intelligence analyst,Zulu,N/A
'9811059893053,Vusumuzi,Ncwane,Male,1998-11-05,26,Citizen,South Africa,10078066,N/A,N/A,N/A,N/A,N/A,fenyanonjabulo@africa.com,595-258-3426x64902,"10 Long Umgwaqo, Vereeniging, 9353",Polokwane,Free State,6233,"Scientist, water quality",Zulu,N/A
'TV26295,Bhekani,Blose,Male,1999-01-14,26,Citizen,Malawi,27632687,Work Visa,2022-10-11,2024-01-21,VIS96795,N/A,nobuhlelamula@com,(765)417-9997,"631 Rivonia Indlela, Bloemfontein, 2669",Bloemfontein,Eastern Cape,5244,Artist,Zulu,18
'PR40484640,Hélène,Charpentier,Female,1988-08-25,37,Citizen,France,760027436,Study Visa,2025-02-20,2035-02-18,PER36295,N/A,simone24@fr,02 44 99 71 79,"22, avenue de Pons, 53252 Fernandez",Blot-sur-Mer,Limpopo,18710,conseiller sportif sportive en salle de remise en forme,French,2
'AS627986,Dumisani,Msani,Female,2004-03-12,21,Permanent Resident,Zimbabwe,ZI462502,Asylum Seeker Permit,2025-02-12,2027-02-12,ASP33534,Appeal Pending,nothandomawewe@zimbabwe.com,001-285-882-8358x53925,"957 Somerset Umgwaqo, Witbank, 5252",eGoli,KwaZulu-Natal,6019,Trade mark attorney,Zulu,11
'PR58479748,Martine,Vallet,Female,1987-01-19,38,Citizen,France,688070796,Work Visa,2023-10-16,2033-10-13,PER58618,N/A,gauthieremilie@fr,+33 (0)1 79 18 27 44,"66, avenue de Clerc, 49819 Saint Marie",LagardeVille,Eastern Cape,90255,prototypiste en matériaux souples,French,5
'PR39185653,जितेन्द्र,छेत्री,Male,1988-12-17,36,Asylum Seeker,India,50728689,Relative's Visa,2022-10-12,2032-10-09,PER34878,N/A,vsntaa55@india.com,005-95039763,"1 रॉय चौधरी, अन्तर्गत-001018",आदिलाबाद,Northern Cape,367660,Emergency planning/management officer,Hindi,12
'9511163576050,Nobantu,Mpila,Female,1995-11-16,29,Citizen,South Africa,59583322,N/A,N/A,N/A,N/A,N/A,vfakazi@co.za,448-381-9823,"194 York Isitaladi, iBhayi, 3526",Potchefstroom,North West,3929,Hydrogeologist,Zulu,N/A
'6909094479040,Thalente,Sembathwa,Female,1969-09-09,56,Citizen,South Africa,53595055,N/A,N/A,N/A,N/A,N/A,dmadonsela@africa.com,2177808728,"74 King Umgwaqo, Witbank, 4711",Randfontein,Western Cape,2171,Network engineer,Zulu,N/A
'PR35297634,Sibongile,Ndima,Female,1989-11-28,35,Temporary Visa,Ethiopia,39335813,Study Visa,2024-09-27,2034-09-25,PER37356,N/A,sphiwe40@org,639-276-5230,"84 Churchill Isitaladi, Kathu, 7426",Soweto,Eastern Cape,6564,Printmaker,Zulu,1
'9703135159068,SimphiweyiNkosi,Sameya,Male,1997-03-13,28,Citizen,South Africa,32035837,N/A,N/A,N/A,N/A,N/A,zibuyilentsele@africa.com,(499)857-0492x51528,"2689 Victoria Indawo, Welkom, 7418",Rustenburg,Northern Cape,4639,"Administrator, arts",Zulu,N/A
'4103249610038,Thabani,Mncwabe,Male,1941-03-24,84,Temporary Visa,South Africa,16761203,N/A,N/A,N/A,N/A,N/A,xkhawula@za.net,5872913123,"530 Clarence Indlela, eGoli, 4803",Benoni,KwaZulu-Natal,7031,"Scientist, research (maths)",Zulu,N/A
'8105263600011,Nomagugu,Mphemba,Female,1981-05-26,44,Permanent Resident,South Africa,43270430,N/A,N/A,N/A,N/A,N/A,zenzele97@za.net,(979)785-1896x4960,"2425 William Umgwaqo, Kathu, 9696",Musina,North West,4084,Armed forces operational officer,Zulu,N/A
'TV43138,Wolf-Rüdiger,Gierschner,Male,1993-09-26,31,Permanent Resident,Germany,576776803,Study Visa,2024-12-01,2025-10-21,VIS37107,N/A,giessjo@germany.com,+49(0)7654998833,"Schmidtgasse 42-55, 68272 Neustrelitz",Calau,Free State,13211,Drogist,German,2
'8805269525006,Mandlakhe,Mfusi,Male,1988-05-26,37,Permanent Resident,South Africa,49940114,N/A,N/A,N/A,N/A,N/A,thalente32@africa.com,764.209.1831x8219,"599 James Ithafa, Tembisa, 3752",Benoni,Northern Cape,3645,Adult nurse,Zulu,N/A
'0308217163067,Mandla,Mntimande,Male,2003-08-21,22,Citizen,South Africa,43130126,N/A,N/A,N/A,N/A,N/A,gumanhlanhla@za.net,001-906-839-4572x0379,"66 Church Indlela, Uitenhage, 6874",Chatsworth,Limpopo,9811,Landscape architect,Zulu,N/A
'4906145971035,Mandlakhe,Mangena,Male,1949-06-14,76,Citizen,South Africa,10936987,N/A,N/A,N/A,N/A,N/A,sibusisiwesonqandile@co.za,(892)976-0839,"55 Churchill Indawo, Stellenbosch, 6400",iBhayi,KwaZulu-Natal,9993,"Engineer, maintenance",Zulu,N/A
'6105068384013,Lwandile,Mgasela,Male,1961-05-06,64,Citizen,South Africa,84213180,N/A,N/A,N/A,N/A,N/A,tsibindi@co.za,(592)976-3251x4267,"604 Joseph Indawo, George, 2828",Polokwane,North West,8032,"Administrator, Civil Service",Zulu,N/A
'6006176722065,Njabulo,Manyoni,Male,1960-06-17,65,Citizen,South Africa,87554577,N/A,N/A,N/A,N/A,N/A,lwandilemsani@za.net,(283)745-8927x4456,"1510 Adelaide Umgwaqo, Polokwane, 6992",Upington,Free State,9664,Ophthalmologist,Zulu,N/A
'6006049244042,Lwandile,Dimba,Male,1960-06-04,65,Citizen,South Africa,83785002,N/A,N/A,N/A,N/A,N/A,sihawukele78@co.za,(474)603-3358,"581 Main Indlela, Kimberley, 6624",Newcastle,Western Cape,8403,Building control surveyor,Zulu,N/A
'7509023215050,Nkazimulo,Ndosi,Female,1975-09-02,50,Citizen,South Africa,63146392,N/A,N/A,N/A,N/A,N/A,nozibusiso92@africa.com,858.358.5335,"99 Frere Indawo, Welkom, 6587",Musina,Limpopo,2841,Arts administrator,Zulu,N/A
'TV42440,Nomcebo,Ngobisi,Female,1983-05-01,42,Citizen,Nigeria,N8583796,Work Visa,2024-02-06,2026-11-30,VIS70599,N/A,egoba@com.ng,+1-911-718-3301x04073,"7576 Oxford Umgwaqo, Randfontein, 1862",iBhayi,Western Cape,2581,Solicitor,Zulu,12
'6005019197097,Thalente,Sibindi,Male,1960-05-01,65,Citizen,South Africa,35960840,N/A,N/A,N/A,N/A,N/A,nyandeninomthandazo@co.za,(739)859-9133,"549 Nelson Mandela Indlela, Bloemfontein, 9584",Witbank,North West,9389,"Surveyor, quantity",Zulu,N/A
'7810300733015,Amahle,Sibisi,Female,1978-10-30,46,Citizen,South Africa,24543007,N/A,N/A,N/A,N/A,N/A,mpikelanonhlanhla@za.net,+1-555-776-7098x790,"95 Oxford Ithafa, iKapa, 7227",Boksburg,Western Cape,1646,Commissioning editor,Zulu,N/A
'4110055906046,Vusumuzi,Mavela,Male,1941-10-05,83,Citizen,South Africa,42540818,N/A,N/A,N/A,N/A,N/A,bhekokwakhemthinti@za.net,409.393.6508x083,"8865 Walter Sisulu Indawo, iBhayi, 4907",Paarl,Limpopo,8627,Chartered accountant,Zulu,N/A
'6702158057009,Bandile,Dumakude,Male,1967-02-15,58,Citizen,South Africa,86615764,N/A,N/A,N/A,N/A,N/A,siphesihlemabuyakhulu@za.net,493-826-0117x6701,"8258 Somerset Indawo, Vanderbijlpark, 4887",Potchefstroom,Western Cape,2062,Meteorologist,Zulu,N/A
'6308251094041,Londisizwe,Mvubu,Female,1963-08-25,62,Temporary Visa,South Africa,45933236,N/A,N/A,N/A,N/A,N/A,bsibalukhulu@africa.com,001-317-525-2675x7071,"11 Churchill Ithafa, Bloemfontein, 2035",Middelburg,Eastern Cape,4084,"Radiographer, diagnostic",Zulu,N/A
'6508076001072,Mandla,Shoba,Male,1965-08-07,60,Permanent Resident,South Africa,44013698,N/A,N/A,N/A,N/A,N/A,thabisaluvuno@africa.com,+1-256-924-7865x72502,"4704 Jan Smuts Umgwaqo, Thohoyandou, 6865",Uitenhage,Western Cape,2662,Recruitment consultant,Zulu,N/A
'0505257217096,Mandla,Gwanyana,Male,2005-05-25,20,Citizen,South Africa,24605346,N/A,N/A,N/A,N/A,N/A,nonhlanhla24@za.net,413-941-8610x4117,"853 Prince Umgwaqo, Uitenhage, 3595",Welkom,North West,6968,"Conservator, museum/gallery",Zulu,N/A
'TV70543,SimphiweyiNkosi,Nyongwana,Male,2001-03-10,24,Citizen,Lesotho,16710539,Work Visa,2024-12-24,2027-02-16,VIS57331,N/A,mpikelalwandile@com,(728)221-2202,"77 High Ithafa, Stellenbosch, 8362",iBhayi,Limpopo,2652,Conference centre manager,Zulu,3
'AS455858,Lucy,Denis,Female,1984-10-14,40,Citizen,United States,553372528,Asylum Seeker Permit,2023-11-26,2025-11-25,ASP79854,Application Submitted,ydias@us.com,+33 4 42 61 50 58,"avenue Guichard, 32444 Renault",Martineau,Free State,84651,technicien réalisateur réalisatrice radio,French,0
'PR70530933,Manuela,Atzler,Female,1983-03-30,42,Citizen,Germany,245786979,Business Visa,2024-06-06,2034-06-04,PER39365,N/A,arianecaspar@germany.com,+49 (0) 1843 078703,"Lorchallee 79/73, 51312 Pinneberg",Viersen,Limpopo,10226,Fachinformatiker,German,2
'PR67866983,玉,陈,Female,1977-10-20,47,Citizen,China,60670425,Retirement Visa,2025-07-13,2035-07-11,PER15622,N/A,xia39@china.com,15753833137,湖北省晨县上街刘路f座 241043,淑华市,Western Cape,343240,活动执行,Mandarin,17
'4011217378002,Mandlakhe,Mathenjwa,Male,1940-11-21,84,Citizen,South Africa,42079798,N/A,N/A,N/A,N/A,N/A,nqobizitha63@africa.com,604.207.7800x4899,"874 Cecil Umgwaqo, Upington, 4494",Bloemfontein,Mpumalanga,3626,Midwife,Zulu,N/A
'7311042144076,Amahle,Makhoba,Female,1973-11-04,51,Citizen,South Africa,95149921,N/A,N/A,N/A,N/A,N/A,zinhle33@africa.com,306.925.5868x5724,"8570 Short Isitaladi, Chatsworth, 8051",Bloemfontein,Limpopo,5324,Proofreader,Zulu,N/A
'4311125491067,S'fiso,Mphemba,Male,1943-11-12,81,Citizen,South Africa,37814411,N/A,N/A,N/A,N/A,N/A,khulusesihawukele@africa.com,692.656.0501x64401,"680 Albertina Sisulu Indawo, Bloemfontein, 6569",eThekwini,Gauteng,3976,"Editor, film/video",Zulu,N/A
'PR36380758,Mauro,Leal,Male,2001-08-17,24,Citizen,Mozambique,MO630867,Retirement Visa,2023-08-23,2033-08-20,PER61853,N/A,rita95@co.mz,(351) 967 666 782,"Rua Gabriel Lima, 17, 1221-787 Aveiro",Valongo,Northern Cape,6892-294,Espalhador de betuminosos,Portuguese,16
'8601288366011,Lungile,Hlomuka,Male,1986-01-28,39,Citizen,South Africa,60378623,N/A,N/A,N/A,N/A,N/A,dsiyaya@za.net,(403)355-1828,"984 Elizabeth Ithafa, Rustenburg, 7984",iKapa,Western Cape,9790,Geophysicist/field seismologist,Zulu,N/A
'TV89346,Luyanda,Thela,Male,1976-12-14,48,Citizen,Lesotho,24044175,Corporate Visa,2024-01-13,2026-05-05,VIS22010,N/A,ebhejelibomvu@org,493.295.2816x53428,"64 King Indlela, Kathu, 2533",eGoli,Free State,9936,"Secretary, company",Zulu,13
'6412163364077,Zakhele,Gwala,Female,1964-12-16,60,Permanent Resident,South Africa,23743252,N/A,N/A,N/A,N/A,N/A,fakudenokulunga@africa.com,724.495.3570,"51 Stanley Indawo, Upington, 3004",Krugersdorp,Limpopo,4022,"Geologist, engineering",Zulu,N/A
'PR69879585,Dumisani,Zikhungwini,Female,2005-02-24,20,Citizen,Nigeria,N1262735,Work Visa,2024-06-14,2034-06-12,PER11829,N/A,esibaya@com.ng,361-545-3305x633,"12 Grey Indlela, iBhayi, 8939",Springs,Gauteng,5004,Facilities manager,Zulu,13
'7702031888025,Nokulunga,Mbonambi,Female,1977-02-03,48,Permanent Resident,South Africa,98568377,N/A,N/A,N/A,N/A,N/A,madinjabulo@co.za,575-203-9375,"75 Main Ithafa, eThekwini, 5525",Vanderbijlpark,KwaZulu-Natal,4737,Soil scientist,Zulu,N/A
'9612213454061,Thalente,Kholose,Female,1996-12-21,28,Citizen,South Africa,51147318,N/A,N/A,N/A,N/A,N/A,mthokozisi37@africa.com,+1-501-244-6920x99252,"94 Oxford Indawo, Upington, 3879",Thohoyandou,Gauteng,6117,Ranger/warden,Zulu,N/A
'PR89517756,Colette,Leduc,Female,1975-09-20,49,Citizen,United States,130484576,Work Visa,2022-09-26,2032-09-23,PER66763,N/A,blincatherine@com,+33 5 46 21 04 94,"132, chemin Adèle Brun, 04459 Bonnet-sur-Mer",Payet-les-Bains,Limpopo,51335,conseiller en génétique,French,1
'PR26674153,Busisiwe,Duma,Female,1985-05-10,40,Citizen,Eswatini,88233068,Work Visa,2024-08-30,2034-08-28,PER38168,N/A,bhekisisachagwe@net,439.476.5114x703,"1225 Long Isitaladi, Middelburg, 3603",Springs,KwaZulu-Natal,8666,Immunologist,Zulu,1
'7102191219071,Olwethu,Khawula,Female,1971-02-19,54,Citizen,South Africa,36222629,N/A,N/A,N/A,N/A,N/A,thandekakhuzwayo@africa.com,847-763-3122x007,"7151 Edward Ithafa, Welkom, 8054",Klerksdorp,Free State,3615,"Designer, textile",Zulu,N/A
'5206106850012,Lungile,Thela,Male,1952-06-10,73,Citizen,South Africa,94986115,N/A,N/A,N/A,N/A,N/A,zenzele48@africa.com,+1-805-532-0753x435,"3065 Adelaide Indawo, Stellenbosch, 7304",Stellenbosch,North West,1032,Land,Zulu,N/A
'PR85480104,Sandile,Thobeni,Male,2000-07-03,25,Citizen,Ghana,G4743429,Study Visa,2024-01-26,2034-01-23,PER27176,N/A,lungile52@com.gh,+1-906-761-8893,"540 Frere Ithafa, Rustenburg, 4937",Potchefstroom,Mpumalanga,8213,Quarry manager,Zulu,11
'7007033989092,Nozibusiso,Dlakadla,Female,1970-07-03,55,Citizen,South Africa,42814977,N/A,N/A,N/A,N/A,N/A,tduyaza@africa.com,001-718-917-2448x589,"5798 Clarence Isitaladi, Potchefstroom, 4633",Vanderbijlpark,North West,4343,Armed forces technical officer,Zulu,N/A
'4102174185027,Thandazile,Bikelwayo,Female,1941-02-17,84,Citizen,South Africa,74169873,N/A,N/A,N/A,N/A,N/A,ifanisa@za.net,581-315-1776,"7148 Edward Umgwaqo, Bloemfontein, 9948",Vereeniging,Gauteng,8681,"Engineer, chemical",Zulu,N/A
'PR76287253,Thierry,Guillaume,Male,1978-05-09,47,Citizen,United States,164720448,Study Visa,2024-11-19,2034-11-17,PER93610,N/A,zsalmon@com,05 53 45 85 49,"320, avenue Auguste Barbe, 97260 Laroche",Saint Charles,KwaZulu-Natal,06776,documentaliste,French,12
'4607040123006,Nkazimulo,Mhlabandlovu,Female,1946-07-04,79,Temporary Visa,South Africa,50417536,N/A,N/A,N/A,N/A,N/A,nyembezibhekizizwe@co.za,915.954.3130,"60 Rivonia Ithafa, Kimberley, 4016",Stellenbosch,KwaZulu-Natal,3413,"Engineer, technical sales",Zulu,N/A
'PR59475674,Nonhlanhla,Sibaya,Female,1999-08-10,26,Citizen,Zambia,70557141,Study Visa,2023-08-21,2033-08-18,PER21051,N/A,lungilemcambe@com,(839)471-1665x793,"138 Short Umgwaqo, Mahikeng, 9831",Springs,Free State,9856,"Editor, commissioning",Zulu,7
'7706190786061,Sibongile,Mkhithi,Female,1977-06-19,48,Citizen,South Africa,74567165,N/A,N/A,N/A,N/A,N/A,lwandile39@africa.com,001-807-535-0564x618,"327 High Indawo, Vereeniging, 2535",eGoli,KwaZulu-Natal,1764,Tax inspector,Zulu,N/A
'TV88510,Bhekokwakhe,Bele,Female,1984-07-09,41,Citizen,Malawi,40726819,Retirement Visa,2024-04-24,2025-02-20,VIS96061,N/A,nqobizithamkhungo@org,726-593-5637x7818,"647 Napier Ithafa, Middelburg, 8020",Vanderbijlpark,Limpopo,1273,"Engineer, building services",Zulu,1
'9710185713067,Mthokozisi,Xala,Male,1997-10-18,27,Citizen,South Africa,80344367,N/A,N/A,N/A,N/A,N/A,xabanomasonto@africa.com,344.577.0897,"44 Thomas Indlela, eGoli, 3917",Uitenhage,Free State,8886,Clinical cytogeneticist,Zulu,N/A
'7201076093096,Musa,Mapholoba,Male,1972-01-07,53,Citizen,South Africa,91136589,N/A,N/A,N/A,N/A,N/A,gobhozinomagugu@za.net,+1-989-280-6253x8608,"65 Napier Ithafa, Vanderbijlpark, 3457",iKapa,Mpumalanga,7397,Recruitment consultant,Zulu,N/A
'PR93326002,Zenzile,Xulu,Female,1988-09-27,36,Citizen,Zimbabwe,ZI339689,Study Visa,2024-05-07,2034-05-05,PER31531,N/A,mzimeladumisile@co.zw,480.391.7389x349,"664 Edward Indawo, Bloemfontein, 1799",Vereeniging,North West,1913,Insurance underwriter,Zulu,19
'PR18040801,Audrey,Laurent,Female,1997-07-16,28,Citizen,United States,688993551,Critical Skills Visa,2024-07-07,2034-07-05,PER80626,N/A,marysecosta@com,0247891130,"rue de Pichon, 97636 Royerboeuf",Saint Luc,Western Cape,20403,ingénieur efficacité énergétique du bâtiment,French,13
'6806255289080,Minenhle,Khomo,Male,1968-06-25,57,Citizen,South Africa,37072338,N/A,N/A,N/A,N/A,N/A,eanele@africa.com,001-774-959-6426x8411,"192 George Indawo, Sasolburg, 5625",Vanderbijlpark,Northern Cape,6297,Maintenance engineer,Zulu,N/A
'7305267183083,Zenzele,Maphumulo,Male,1973-05-26,52,Citizen,South Africa,30981776,N/A,N/A,N/A,N/A,N/A,siphesihle82@africa.com,8104242656,"76 Stanley Umgwaqo, Mahikeng, 1864",Rustenburg,Western Cape,6482,"Education officer, museum",Zulu,N/A
'PR96737373,Musa,Ntenga,Male,1986-08-26,39,Citizen,Eswatini,46404316,Study Visa,2023-05-22,2033-05-19,PER22096,N/A,dkhukhuza@net,001-734-462-8993x62650,"2485 High Isitaladi, Polokwane, 6261",iKapa,North West,6535,Telecommunications researcher,Zulu,14
'PR68908611,Nonhlanhla,Hlophe,Female,2004-05-22,21,Temporary Visa,Somalia,10744704,Relative's Visa,2024-02-24,2034-02-21,PER65191,N/A,thabisile66@com,001-915-933-6249x13848,"14 Grey Isitaladi, eGoli, 5039",Mahikeng,Eastern Cape,1622,"Physicist, medical",Zulu,6
'TV66003,Gerhardt,Carsten,Male,1975-12-21,49,Citizen,Germany,509542539,Critical Skills Visa,2023-01-31,2025-09-28,VIS58405,N/A,ramon04@germany.com,(06494) 24128,"Anneli-Linke-Allee 23-72, 95115 Regen",Wesel,Free State,38564,Beamter,German,5
'4002179381011,Mthokozisi,Bhovungana,Male,1940-02-17,85,Citizen,South Africa,17124446,N/A,N/A,N/A,N/A,N/A,mayiselasandile@za.net,695.474.6146x01950,"261 York Ithafa, Newcastle, 6867",Randfontein,Limpopo,2882,"Presenter, broadcasting",Zulu,N/A
'4703075875027,Thando,Gina,Male,1947-03-07,78,Citizen,South Africa,72395035,N/A,N/A,N/A,N/A,N/A,musavabaza@africa.com,001-656-405-9731x0447,"5002 Smith Indlela, Rustenburg, 6071",Kimberley,Limpopo,9674,Exhibition designer,Zulu,N/A
'9206192827072,Busisiwe,Dlamdaka,Female,1992-06-19,33,Temporary Visa,South Africa,25987337,N/A,N/A,N/A,N/A,N/A,owethu28@africa.com,(623)601-7811,"774 Oxford Indawo, Tembisa, 9933",Vanderbijlpark,Eastern Cape,5747,"Research officer, government",Zulu,N/A
'9005272515071,Khanyisile,Ngungunyana,Female,1990-05-27,35,Permanent Resident,South Africa,72189535,N/A,N/A,N/A,N/A,N/A,usokhulu@co.za,219-987-8600x0078,"631 Long Indawo, Musina, 5095",Kathu,Mpumalanga,5040,Town planner,Zulu,N/A
'5108060364056,Amahle,Nyokayebululu,Female,1951-08-06,74,Citizen,South Africa,33352718,N/A,N/A,N/A,N/A,N/A,qgubhela@za.net,951.231.7305,"241 Joseph Indlela, Randfontein, 3165",iKapa,Limpopo,1423,Applications developer,Zulu,N/A
'5501185520096,Bandile,Mzobe,Male,1955-01-18,70,Citizen,South Africa,35587243,N/A,N/A,N/A,N/A,N/A,siyabongadelwayo@co.za,485.719.5471x0921,"46 Frere Indawo, Uitenhage, 7571",Mbombela,KwaZulu-Natal,5944,"Restaurant manager, fast food",Zulu,N/A
'5504241094049,Thabisa,Jamile,Female,1955-04-24,70,Citizen,South Africa,68451795,N/A,N/A,N/A,N/A,N/A,zenzile01@co.za,921-296-4360,"77 Cecil Umgwaqo, Randfontein, 7489",Kathu,KwaZulu-Natal,3007,Warden/ranger,Zulu,N/A
'PR34089725,Michel,Pruvost,Male,1978-05-06,47,Permanent Resident,Democratic Republic of Congo,60360323,Work Visa,2024-11-07,2034-11-05,PER65046,N/A,zoechauveau@com,+33 2 53 23 17 13,"471, rue Élodie Morel, 38368 Sainte Marcel",Bourgeois,Eastern Cape,76702,orthoprothésiste,French,5
'8208135351022,Luyanda,Tukane,Male,1982-08-13,43,Citizen,South Africa,82341780,N/A,N/A,N/A,N/A,N/A,dumisilenhleko@co.za,553.445.1334,"1948 Oxford Isitaladi, Boksburg, 4699",Kimberley,Northern Cape,9757,"Accountant, chartered",Zulu,N/A
'5105207022034,Mandla,Nonkululeko,Male,1951-05-20,74,Permanent Resident,South Africa,81443674,N/A,N/A,N/A,N/A,N/A,luyandamboyisa@africa.com,(295)879-3435x678,"389 Victoria Isitaladi, iBhayi, 4970",Welkom,KwaZulu-Natal,9044,Recycling officer,Zulu,N/A
'4511278828032,Bhekani,Mdlanyoka,Male,1945-11-27,79,Citizen,South Africa,91405607,N/A,N/A,N/A,N/A,N/A,ntombelathembeka@za.net,001-850-304-8236x925,"36 Cecil Ithafa, Stellenbosch, 5296",iKapa,Mpumalanga,1210,Wellsite geologist,Zulu,N/A
'4110260056054,Thandazile,Gcwensa,Female,1941-10-26,83,Citizen,South Africa,99668035,N/A,N/A,N/A,N/A,N/A,zibuyilemusi@za.net,869-952-6385x03756,"89 Paul Kruger Indawo, Paarl, 7216",Uitenhage,North West,2598,Academic librarian,Zulu,N/A
'AS942455,Hans-Wilhelm,Hahn,Male,2000-06-26,25,Citizen,Germany,967788717,Asylum Seeker Permit,2025-02-22,2027-02-22,ASP90183,Under Review,enver90@germany.com,04584613992,"Kruschwitzstraße 249, 98048 Aschaffenburg",Burgdorf,Eastern Cape,62515,Arzt,German,11
'5806048688028,Mthokozisi,Mabhodla,Male,1958-06-04,67,Citizen,South Africa,82155490,N/A,N/A,N/A,N/A,N/A,dlabanedumisani@africa.com,+1-732-384-1008x98407,"589 Long Umgwaqo, Bethlehem, 1101",Mahikeng,Mpumalanga,5307,Oceanographer,Zulu,N/A
'TV71273,Mandlakhe,Siyaya,Male,2000-02-19,25,Citizen,Zambia,83937350,Work Visa,2023-01-11,2024-02-26,VIS55807,N/A,snonduma@org,001-615-970-0952,"7174 West Ithafa, Stellenbosch, 9494",Uitenhage,North West,4065,"Editor, commissioning",Zulu,10
'PR84177704,S'fiso,Mpofana,Male,1979-10-26,45,Permanent Resident,Tanzania,25171699,Business Visa,2025-04-29,2035-04-27,PER89801,N/A,mzamo15@org,647.449.0826x33226,"6077 Nelson Mandela Indlela, Polokwane, 7434",Vereeniging,Northern Cape,1500,Clinical cytogeneticist,Zulu,5
'6409179718062,Lungile,Mncube,Male,1964-09-17,60,Citizen,South Africa,77780177,N/A,N/A,N/A,N/A,N/A,sfiso01@co.za,001-545-836-3818x758,"891 Thomas Umgwaqo, Rustenburg, 3803",Newcastle,Free State,6364,Database administrator,Zulu,N/A
'6701173436046,Khanyisile,Gugushe,Female,1967-01-17,58,Permanent Resident,South Africa,27628523,N/A,N/A,N/A,N/A,N/A,hbayeni@africa.com,9093576012,"7308 Clarence Isitaladi, Mahikeng, 9924",Krugersdorp,Limpopo,5952,"Conservation officer, historic buildings",Zulu,N/A
'4601165476053,Vusumuzi,Nontanda,Male,1946-01-16,79,Citizen,South Africa,75119101,N/A,N/A,N/A,N/A,N/A,andilemazibuko@co.za,5702840515,"4836 Walter Sisulu Indlela, Potchefstroom, 9859",Polokwane,Eastern Cape,2133,Microbiologist,Zulu,N/A
'6307040665006,Londisizwe,Mahlinza,Female,1963-07-04,62,Citizen,South Africa,83410402,N/A,N/A,N/A,N/A,N/A,mahulubemandlakhe@co.za,001-341-302-5215,"252 High Umgwaqo, Newcastle, 2436",eThekwini,Western Cape,9473,Television camera operator,Zulu,N/A
'6204087082009,Mlungisi,Gebhezi,Male,1962-04-08,63,Citizen,South Africa,79863166,N/A,N/A,N/A,N/A,N/A,londiwemadiba@africa.com,+1-208-262-6600x843,"250 Short Indlela, Polokwane, 8571",Bethlehem,KwaZulu-Natal,7684,"Lighting technician, broadcasting/film/video",Zulu,N/A
'6108219759056,Njabulo,Sijadu,Male,1961-08-21,64,Citizen,South Africa,90236385,N/A,N/A,N/A,N/A,N/A,nothando72@co.za,9636065395,"893 Oxford Indlela, Kathu, 9100",Vanderbijlpark,Western Cape,7783,Hydrogeologist,Zulu,N/A
'4408049435006,Mthokozisi,Sikhakhane,Male,1944-08-04,81,Citizen,South Africa,72017985,N/A,N/A,N/A,N/A,N/A,mandlampofana@africa.com,692-272-2881x22845,"19 Clarence Ithafa, Mbombela, 2258",Thohoyandou,Eastern Cape,5564,Production engineer,Zulu,N/A
'9408228874045,Sibusiso,Dubazane,Male,1994-08-22,31,Citizen,South Africa,29848941,N/A,N/A,N/A,N/A,N/A,dludlubandile@co.za,(819)605-4850x717,"77 Albertina Sisulu Indawo, iKapa, 6616",Sasolburg,Gauteng,9380,Web designer,Zulu,N/A
'9109286387016,Njabulo,Gazu,Male,1991-09-28,33,Citizen,South Africa,58367689,N/A,N/A,N/A,N/A,N/A,mkhonzanozizwe@africa.com,+1-443-723-6696x6219,"503 King Isitaladi, Tembisa, 3527",Vanderbijlpark,Gauteng,2961,Purchasing manager,Zulu,N/A
'TV37575,Christiane,Bonnet,Female,1998-10-08,26,Temporary Visa,Democratic Republic of Congo,51595175,Corporate Visa,2025-03-11,2026-01-13,VIS41176,N/A,yalexandre@org,+33 (0)5 24 62 56 67,"65, boulevard de Brunet, 80831 Guillon-sur-Besson",Hardy,Eastern Cape,88405,aquaculteur,French,10
'5509032723098,Thembeka,Sikhunyana,Female,1955-09-03,70,Citizen,South Africa,37613368,N/A,N/A,N/A,N/A,N/A,ndumiso58@africa.com,200.555.1076x91356,"60 Stanley Indlela, Musina, 9789",Newcastle,Northern Cape,9846,Diplomatic Services operational officer,Zulu,N/A
'TV19168,Mlungisi,Mathwasa,Male,1982-09-02,43,Citizen,Zambia,87883046,Retirement Visa,2023-12-18,2026-03-31,VIS76986,N/A,sithembiso61@net,(971)852-6243x56853,"5107 Oxford Isitaladi, Mbombela, 9275",George,Gauteng,1633,Barrister's clerk,Zulu,20
'6405120303062,Thembeka,Mboko,Female,1964-05-12,61,Citizen,South Africa,57562096,N/A,N/A,N/A,N/A,N/A,bmalevu@co.za,484-255-5921,"6628 Prince Indawo, Boksburg, 3183",Mbombela,Gauteng,7986,Catering manager,Zulu,N/A
'8612219631047,Thalente,Mvelase,Male,1986-12-21,38,Citizen,South Africa,21029582,N/A,N/A,N/A,N/A,N/A,thabisa58@co.za,506.499.5166,"9909 Main Isitaladi, Middelburg, 2981",Welkom,Western Cape,4241,"Surveyor, building control",Zulu,N/A
'0307284627084,Olwethu,Ngema,Female,2003-07-28,22,Citizen,South Africa,70134409,N/A,N/A,N/A,N/A,N/A,isoduba@africa.com,+1-315-739-1707,"97 Main Indawo, Newcastle, 9764",Middelburg,Mpumalanga,8329,Tax inspector,Zulu,N/A
'8810140329097,Bhekisisa,Somboni,Female,1988-10-14,36,Citizen,South Africa,24800754,N/A,N/A,N/A,N/A,N/A,nomcebo35@za.net,001-496-512-4600,"8862 Napier Umgwaqo, Paarl, 5691",Kimberley,North West,5349,Museum/gallery curator,Zulu,N/A
'5401230147064,Busisiwe,Nxamalala,Female,1954-01-23,71,Citizen,South Africa,74378190,N/A,N/A,N/A,N/A,N/A,gwanyananobuhle@africa.com,465-861-9947,"3818 Short Indawo, Centurion, 7027",eGoli,Mpumalanga,5585,"Accountant, chartered management",Zulu,N/A
'6902026490026,Zenzele,Mbhense,Male,1969-02-02,56,Citizen,South Africa,21702954,N/A,N/A,N/A,N/A,N/A,makhayenomcebo@co.za,731.951.1326,"76 Gandhi Indawo, eThekwini, 9143",George,Limpopo,3142,Naval architect,Zulu,N/A
'PR99925739,萍,李,Female,1971-10-22,53,Temporary Visa,China,86815013,Retirement Visa,2022-11-21,2032-11-18,PER83440,N/A,changjun@com.cn,15503213986,云南省海门县清城永安路d座 844831,霞县,Eastern Cape,289969,收货员,Mandarin,1
'PR78242472,S'fiso,Mlangatshe,Male,1983-12-07,41,Citizen,Kenya,K3905469,Work Visa,2024-11-13,2034-11-11,PER93553,N/A,nhlanhla28@kenya.com,865.895.2003x383,"5102 George Ithafa, Centurion, 4374",Boksburg,Limpopo,7936,Neurosurgeon,Zulu,8
'9206036830086,S'fiso,Maseko,Male,1992-06-03,33,Citizen,South Africa,67478399,N/A,N/A,N/A,N/A,N/A,imthanti@co.za,(873)681-8941,"682 Grey Isitaladi, eGoli, 2939",eGoli,Free State,5010,Jewellery designer,Zulu,N/A
'6302176389027,Mzamo,Andile,Male,1963-02-17,62,Citizen,South Africa,96866993,N/A,N/A,N/A,N/A,N/A,eguma@co.za,710.775.0491,"18 Elizabeth Isitaladi, Rustenburg, 8185",iKapa,Eastern Cape,3056,"Education officer, community",Zulu,N/A
'8609010884076,Thalente,Ntaka,Female,1986-09-01,39,Citizen,South Africa,60138208,N/A,N/A,N/A,N/A,N/A,nobuhle07@za.net,700.797.9442,"2691 Churchill Isitaladi, Rustenburg, 6930",Vereeniging,Gauteng,3530,Ship broker,Zulu,N/A
'PR36497063,Letícia,Oliveira,Female,1975-06-21,50,Citizen,Mozambique,MO774413,Critical Skills Visa,2024-06-02,2034-05-31,PER81328,N/A,doliveira@co.mz,966481431,"Alameda de Pinheiro, S/N, 5901-817 Aveiro",Braga,Mpumalanga,9522-345,Engenheiro mecânico,Portuguese,12
'7803215484057,Sibusiso,Mbongwe,Male,1978-03-21,47,Citizen,South Africa,94414962,N/A,N/A,N/A,N/A,N/A,mbokosibusisiwe@za.net,+1-219-908-0504x7766,"36 President Isitaladi, Klerksdorp, 3123",Musina,Eastern Cape,2840,Product designer,Zulu,N/A
'9111137783006,Vusumuzi,Mgcaleka,Male,1991-11-13,33,Citizen,South Africa,90707852,N/A,N/A,N/A,N/A,N/A,sphiwe60@co.za,+1-569-407-0810,"876 Main Indawo, Bloemfontein, 5649",Vereeniging,Western Cape,7573,"Scientist, water quality",Zulu,N/A
'7612240801008,Dumisani,Nondaba,Female,1976-12-24,48,Citizen,South Africa,56798840,N/A,N/A,N/A,N/A,N/A,xbhengu@co.za,+1-440-584-8519x41430,"1934 Prince Indawo, Thohoyandou, 9964",Polokwane,Free State,4764,Sub,Zulu,N/A
'8906202128038,Nomusa,Somboni,Female,1989-06-20,36,Temporary Visa,South Africa,59691936,N/A,N/A,N/A,N/A,N/A,mdotshanaamahle@africa.com,370-691-7882,"93 Victoria Isitaladi, Kimberley, 8235",uMgungundlovu,Limpopo,5824,Press sub,Zulu,N/A
'PR91767781,Londiwe,Mnomiya,Female,1977-11-27,47,Citizen,Botswana,BO492979,Retirement Visa,2025-01-07,2035-01-05,PER33064,N/A,nomthandazosigagu@org,479.404.9245x379,"567 George Ithafa, Vereeniging, 7520",Stellenbosch,North West,5928,"Nurse, mental health",Zulu,5
'8503059219098,Sandile,Gwija,Male,1985-03-05,40,Citizen,South Africa,15547157,N/A,N/A,N/A,N/A,N/A,mthantivusumuzi@za.net,+1-841-422-2938x2186,"416 West Indlela, Benoni, 3893",George,Eastern Cape,4901,Set designer,Zulu,N/A
'7406158754085,Bandile,Mshazi,Male,1974-06-15,51,Permanent Resident,South Africa,17380997,N/A,N/A,N/A,N/A,N/A,swazikhanyisile@za.net,(787)909-5105x9823,"6116 Rivonia Isitaladi, Uitenhage, 9986",Chatsworth,Gauteng,8635,Printmaker,Zulu,N/A
'PR76891380,Charles,Bertrand,Male,1999-01-19,26,Permanent Resident,United States,846030532,Relative's Visa,2023-09-17,2033-09-14,PER32377,N/A,merlelucie@com,02 32 65 46 08,"69, avenue Dufour, 38225 Sainte Antoine",Barre,Mpumalanga,78556,responsable de production alimentaire,French,11
'PR93567065,William,Robert,Male,1988-09-01,37,Permanent Resident,Democratic Republic of Congo,60561971,Relative's Visa,2024-11-10,2034-11-08,PER68478,N/A,martine76@net,+33 (0)4 84 75 83 29,"1, avenue de Chartier, 01265 Renault-sur-Mer",Pages,KwaZulu-Natal,68882,enseignant-chercheur,French,3
'7412215392002,Mzamo,Ndimande,Male,1974-12-21,50,Citizen,South Africa,83515432,N/A,N/A,N/A,N/A,N/A,dludlalondiwe@za.net,8439514435,"485 Edward Ithafa, Bloemfontein, 9351",Vanderbijlpark,Eastern Cape,6726,Land,Zulu,N/A
'TV85893,Langalibalele,Msuthu,Male,1996-02-16,29,Citizen,Nigeria,N8854361,Work Visa,2022-11-15,2023-11-27,VIS63028,N/A,sphiwe14@com.ng,823.460.5590x106,"4256 York Indlela, George, 3426",eGoli,Northern Cape,4980,Sales promotion account executive,Zulu,11
'AS803138,Langalibalele,Mdlalose,Male,2003-02-21,22,Permanent Resident,Malawi,44584958,Asylum Seeker Permit,2025-01-07,2027-01-07,ASP91515,Appeal Pending,fihlelagugu@net,+1-760-742-5799,"122 Somerset Indawo, Musina, 9042",Bethlehem,North West,5019,Media planner,Zulu,12
'7505093309029,Zibuyile,Ngwekazi,Female,1975-05-09,50,Citizen,South Africa,45121249,N/A,N/A,N/A,N/A,N/A,mkhabelasithembiso@za.net,472.575.5167x046,"4788 President Indawo, Vereeniging, 5628",iKapa,North West,2402,Diplomatic Services operational officer,Zulu,N/A
'5408175696056,Vusumuzi,Chibi,Male,1954-08-17,71,Citizen,South Africa,94116482,N/A,N/A,N/A,N/A,N/A,thandomngadi@co.za,+1-494-267-7114x15663,"8798 George Umgwaqo, Bethlehem, 2598",Welkom,Western Cape,7935,"Education officer, community",Zulu,N/A
'TV88128,Olwethu,Sompisi,Female,1973-04-19,52,Asylum Seeker,Botswana,BO306140,Retirement Visa,2023-06-08,2024-11-18,VIS41714,N/A,masekothembekile@org,(582)710-0046x622,"86 Walter Sisulu Indawo, Mahikeng, 9461",Mahikeng,Mpumalanga,5918,"Psychologist, educational",Zulu,4
'PR94307284,Carlos,Garcia,Male,1976-08-13,49,Citizen,Mozambique,MO940042,Corporate Visa,2023-08-15,2033-08-12,PER67552,N/A,carlosleite@mozambique.com,912449632,"Alameda de Pires, 71, 6161-918 Moura",Valbom,Free State,8551-029,Terapeuta ocupacional,Portuguese,16
'9510142481091,Bhekizizwe,Mdunge,Female,1995-10-14,29,Permanent Resident,South Africa,88911893,N/A,N/A,N/A,N/A,N/A,dumisile98@africa.com,001-326-299-4506x488,"471 Albertina Sisulu Umgwaqo, Krugersdorp, 1128",eThekwini,Mpumalanga,6507,Editorial assistant,Zulu,N/A
'6708208677039,Andile,Khabalidaka,Male,1967-08-20,58,Citizen,South Africa,19314758,N/A,N/A,N/A,N/A,N/A,kkhanyile@africa.com,398-245-7829x123,"412 Joseph Umgwaqo, Klerksdorp, 7904",Bethlehem,Eastern Cape,4360,Quantity surveyor,Zulu,N/A
'PR20266012,Thuthukile,Mlambo,Female,2004-12-04,20,Citizen,Tanzania,45065909,Relative's Visa,2024-01-04,2034-01-01,PER52585,N/A,dumisanimbuyazi@net,(801)627-8460x360,"80 President Indawo, Upington, 2439",eGoli,Gauteng,2369,Food technologist,Zulu,7
'8307059598049,Mzamo,Ncusi,Male,1983-07-05,42,Asylum Seeker,South Africa,69248270,N/A,N/A,N/A,N/A,N/A,gambunobantu@co.za,629-573-0635,"5806 William Isitaladi, Klerksdorp, 5869",Klerksdorp,Free State,5797,Physiotherapist,Zulu,N/A
'7507285082036,S'fiso,Mkhize,Male,1975-07-28,50,Permanent Resident,South Africa,29177263,N/A,N/A,N/A,N/A,N/A,gugulethumaluleka@co.za,808.880.6044,"192 George Ithafa, Upington, 1760",Centurion,Eastern Cape,5590,"Loss adjuster, chartered",Zulu,N/A
'5910314413008,Thembisile,Khuboni,Female,1959-10-31,65,Citizen,South Africa,86828892,N/A,N/A,N/A,N/A,N/A,rnzama@za.net,(915)856-5120x41706,"2245 Churchill Umgwaqo, Paarl, 6348",Benoni,Limpopo,9912,Acupuncturist,Zulu,N/A
'9808300959094,Olwethu,Mabuya,Female,1998-08-30,27,Citizen,South Africa,74567546,N/A,N/A,N/A,N/A,N/A,mlungisimadela@co.za,273-430-7825,"152 Frere Indlela, Kimberley, 5748",Boksburg,North West,6013,Land,Zulu,N/A
'5411200875029,Londiwe,Dinangwe,Female,1954-11-20,70,Citizen,South Africa,38223946,N/A,N/A,N/A,N/A,N/A,psigagu@za.net,479.204.5294,"1252 Clarence Ithafa, uMgungundlovu, 7095",eGoli,KwaZulu-Natal,7955,Sports development officer,Zulu,N/A
'TV48622,Thabisile,Masina,Female,2003-04-10,22,Citizen,Ghana,G4124457,Work Visa,2023-08-25,2026-06-09,VIS64251,N/A,ngcamumnqobi@com.gh,980.388.2794x424,"689 Joseph Umgwaqo, Witbank, 2087",Chatsworth,Free State,6707,Manufacturing engineer,Zulu,11
'6609271739028,Ndumiso,Lubelo,Female,1966-09-27,58,Citizen,South Africa,77156467,N/A,N/A,N/A,N/A,N/A,thembekamlangatshe@africa.com,555-481-7977x4214,"229 Elizabeth Ithafa, Sasolburg, 1263",Vanderbijlpark,KwaZulu-Natal,2102,"Scientist, research (medical)",Zulu,N/A
'TV24373,Thibault,Lévêque,Male,1990-07-10,35,Permanent Resident,Democratic Republic of Congo,55575921,Work Visa,2024-06-11,2026-11-16,VIS86164,N/A,valleeines@com,+33 (0)3 63 23 79 39,"3, chemin Stéphanie Goncalves, 25886 Lefèvre",Louis,Gauteng,01333,chef de projet sites et sols pollués,French,9
'TV62353,Vusumuzi,Ndawonde,Male,1971-06-06,54,Asylum Seeker,Eswatini,23220376,Retirement Visa,2023-03-12,2024-04-04,VIS43186,N/A,nobantumangena@org,736-271-7561x082,"89 Edward Indlela, Rustenburg, 7863",uMgungundlovu,Mpumalanga,9887,Social researcher,Zulu,18
'TV11516,Thierry,Riou,Male,1989-07-06,36,Citizen,United Kingdom,679648874,Work Visa,2023-05-22,2024-03-26,VIS64060,N/A,brigitteloiseau@co.uk,04 92 55 61 04,"rue de Bertrand, 85309 Petitjean-la-Forêt",Saint Arnaude-la-Forêt,Eastern Cape,51812,contrôleur des douanes et droits indirects,French,13
'TV58736,Jabulani,Nxamalala,Male,1980-10-11,44,Citizen,Malawi,29559213,Retirement Visa,2024-07-18,2025-12-18,VIS35331,N/A,nomathalente96@net,673-443-5129x442,"9651 Frere Isitaladi, Klerksdorp, 9664",Soweto,Mpumalanga,5808,Psychiatric nurse,Zulu,4
'PR92516736,Sandile,Mazwi,Male,1978-12-19,46,Citizen,Ghana,G1905195,Corporate Visa,2023-06-21,2033-06-18,PER49274,N/A,nomathalente15@ghana.com,668.253.3658x854,"1190 Edward Indlela, Potchefstroom, 4589",Newcastle,Western Cape,2249,International aid/development worker,Zulu,16
'0206283106005,Sibongile,Mbulazi,Female,2002-06-28,23,Permanent Resident,South Africa,97362444,N/A,N/A,N/A,N/A,N/A,uonjengenyamazane@africa.com,582.783.1261,"7038 West Indlela, eGoli, 8592",Randfontein,North West,1531,Warden/ranger,Zulu,N/A
'7812230332080,Londiwe,Ngonini,Female,1978-12-23,46,Permanent Resident,South Africa,39128688,N/A,N/A,N/A,N/A,N/A,sibusisiwemadinane@africa.com,851.433.0881,"674 Gandhi Umgwaqo, Thohoyandou, 5109",Randfontein,Free State,4262,"Engineer, automotive",Zulu,N/A
'PR44886669,Nothando,Dludlu,Female,1978-12-06,46,Permanent Resident,Somalia,82696191,Study Visa,2022-12-16,2032-12-13,PER85900,N/A,dumisile31@net,001-963-324-3063x7498,"5482 Nelson Mandela Ithafa, eThekwini, 9339",eThekwini,Limpopo,5304,Social worker,Zulu,0
'0309207896082,Minenhle,Sonqandile,Male,2003-09-20,21,Citizen,South Africa,32630224,N/A,N/A,N/A,N/A,N/A,siphesihlembokazi@africa.com,+1-886-730-0490x02336,"2566 Gandhi Ithafa, Paarl, 4693",Paarl,Limpopo,2516,Analytical chemist,Zulu,N/A
'9504118852036,Thalente,Khuyameni,Male,1995-04-11,30,Temporary Visa,South Africa,14106036,N/A,N/A,N/A,N/A,N/A,nomvulamnquhe@co.za,+1-271-726-3753x11374,"75 Voortrekker Isitaladi, Tembisa, 4790",Witbank,Free State,5609,Best boy,Zulu,N/A
'PR50188099,Camille,Peron,Female,1983-09-04,42,Citizen,United Kingdom,905937151,Critical Skills Visa,2024-11-18,2034-11-16,PER28936,N/A,joubertjean@co.uk,+33 4 82 16 80 14,"44, rue de Gaillard, 35397 Sainte Zoéboeuf",Pascal-sur-Guérin,Gauteng,28139,consultant en informatique décisionnelle,French,12
'0107305401053,Musa,Ntshiza,Male,2001-07-30,24,Citizen,South Africa,67664977,N/A,N/A,N/A,N/A,N/A,nokulungamkhandlela@africa.com,968-471-1302,"9836 Oxford Indlela, eGoli, 3270",Bloemfontein,Limpopo,6510,Radio broadcast assistant,Zulu,N/A
'0106173923097,Nomcebo,Sabela,Female,2001-06-17,24,Citizen,South Africa,66293242,N/A,N/A,N/A,N/A,N/A,zenzilentamonde@co.za,(889)394-3056,"37 Elizabeth Ithafa, Polokwane, 1701",Krugersdorp,Free State,6629,"Designer, television/film set",Zulu,N/A
'6911153716010,Nomalanga,Mseleku,Female,1969-11-15,55,Permanent Resident,South Africa,62045272,N/A,N/A,N/A,N/A,N/A,ximbalondisizwe@africa.com,001-405-972-9818,"2127 Nelson Mandela Indawo, Randfontein, 9060",Mbombela,Free State,9345,Publishing rights manager,Zulu,N/A
'4602287434046,Sandile,Ndosi,Male,1946-02-28,79,Permanent Resident,South Africa,68643268,N/A,N/A,N/A,N/A,N/A,thuthukilemadela@za.net,328-494-6255x27009,"12 Commissioner Indawo, Tembisa, 4701",Bloemfontein,Free State,9527,Systems analyst,Zulu,N/A
'5107099259014,Lungile,Thembekwayo,Male,1951-07-09,74,Asylum Seeker,South Africa,90696607,N/A,N/A,N/A,N/A,N/A,umsomi@africa.com,464-282-1855,"4817 High Ithafa, Paarl, 4846",Welkom,Eastern Cape,8550,Midwife,Zulu,N/A
'0103169931056,Bhekani,Mngwengwe,Male,2001-03-16,24,Permanent Resident,South Africa,98093623,N/A,N/A,N/A,N/A,N/A,magozathuthukile@africa.com,+1-932-724-5527x487,"3656 King Ithafa, Mbombela, 6288",Upington,Free State,3959,"Engineer, maintenance (IT)",Zulu,N/A
'PR85133817,娜,王,Female,1998-07-05,27,Permanent Resident,China,13772262,Corporate Visa,2025-02-06,2035-02-04,PER51957,N/A,gtang@china.com,18245236893,安徽省哈尔滨市山亭齐齐哈尔街N座 154532,西安县,Western Cape,944665,生鲜食品加工/处理,Mandarin,13
'6110065915031,Zenzele,Mzulwini,Male,1961-10-06,63,Temporary Visa,South Africa,98745348,N/A,N/A,N/A,N/A,N/A,nbayeni@co.za,805.480.3646x79892,"71 President Indlela, iBhayi, 1380",Stellenbosch,Limpopo,3578,"Radiographer, therapeutic",Zulu,N/A
'6912031257005,Londiwe,Magutshwa,Female,1969-12-03,55,Citizen,South Africa,41960831,N/A,N/A,N/A,N/A,N/A,qmbhobho@africa.com,+1-941-958-5382,"3448 Main Indawo, eThekwini, 4595",iBhayi,Eastern Cape,3099,Visual merchandiser,Zulu,N/A
'4701073775091,Nozizwe,Langeni,Female,1947-01-07,78,Citizen,South Africa,65508971,N/A,N/A,N/A,N/A,N/A,nomalanga76@co.za,(850)230-0540x86975,"35 George Isitaladi, Stellenbosch, 3313",Chatsworth,Northern Cape,7445,"Conservator, furniture",Zulu,N/A
'7310193217063,Zinhle,Khabalidaka,Female,1973-10-19,51,Citizen,South Africa,53590825,N/A,N/A,N/A,N/A,N/A,andilembongwa@co.za,+1-220-800-0671x62524,"2584 Commissioner Isitaladi, Paarl, 2117",Newcastle,KwaZulu-Natal,4847,"Designer, graphic",Zulu,N/A
'6310087858027,Jabulani,Dladla,Male,1963-10-08,61,Citizen,South Africa,25279118,N/A,N/A,N/A,N/A,N/A,londiwe37@africa.com,(325)904-0367,"6912 Jan Smuts Isitaladi, Bloemfontein, 8902",Thohoyandou,KwaZulu-Natal,9008,Immigration officer,Zulu,N/A
'7409255813097,Sphiwe,Nkonyeni,Male,1974-09-25,50,Citizen,South Africa,89089936,N/A,N/A,N/A,N/A,N/A,jncanana@za.net,+1-400-930-8671x620,"6135 Long Umgwaqo, Uitenhage, 1915",Benoni,Free State,7583,Building services engineer,Zulu,N/A
'6209302284033,Bhekisisa,Mfusi,Female,1962-09-30,62,Citizen,South Africa,95997877,N/A,N/A,N/A,N/A,N/A,ishangase@africa.com,467.654.0939x9213,"245 Jan Smuts Ithafa, George, 3220",Sasolburg,Mpumalanga,4248,Radio producer,Zulu,N/A
'6211257073082,Mandlakhe,Mboyisa,Male,1962-11-25,62,Permanent Resident,South Africa,71918637,N/A,N/A,N/A,N/A,N/A,nhlanhlazikhungwini@co.za,(468)923-9706x1672,"72 Elizabeth Isitaladi, Klerksdorp, 2742",uMgungundlovu,North West,5765,Database administrator,Zulu,N/A
'5410251334060,Nomathemba,Nontanda,Female,1954-10-25,70,Asylum Seeker,South Africa,59108335,N/A,N/A,N/A,N/A,N/A,khaphelanothando@za.net,(720)626-7748x4171,"152 Long Indawo, Mbombela, 9371",Uitenhage,Eastern Cape,6504,Ophthalmologist,Zulu,N/A
'PR83336523,David,Brito,Male,1999-12-11,25,Citizen,Mozambique,MO840381,Corporate Visa,2024-09-02,2034-08-31,PER35524,N/A,ksousa@mozambique.com,(351) 200 453 972,"R. Jesus, 7, 1808-313 Ermesinde",São João da Madeira,Free State,9184-091,Bordador,Portuguese,4
'9103078721081,Mlungisi,Mayisela,Male,1991-03-07,34,Permanent Resident,South Africa,14860754,N/A,N/A,N/A,N/A,N/A,nokulunga67@co.za,(374)226-9147,"23 Gandhi Indlela, Witbank, 7127",Kathu,Mpumalanga,1371,Clinical cytogeneticist,Zulu,N/A
'0406188800009,Bhekani,Mpanza,Male,2004-06-18,21,Citizen,South Africa,57689869,N/A,N/A,N/A,N/A,N/A,mcebisindlovu@africa.com,555.311.7078,"89 Long Isitaladi, Musina, 3010",Mahikeng,Eastern Cape,5006,Personal assistant,Zulu,N/A
'PR23139206,Sphiwe,Gubhuza,Male,1991-04-25,34,Temporary Visa,Botswana,BO552849,Study Visa,2024-12-16,2034-12-14,PER78952,N/A,mthombeninomalanga@com,861.892.1982,"3826 Commissioner Ithafa, Vereeniging, 7627",Stellenbosch,Western Cape,4518,"Lecturer, higher education",Zulu,1
'9911011699065,Thandeka,Mthinti,Female,1999-11-01,25,Citizen,South Africa,69649314,N/A,N/A,N/A,N/A,N/A,kkhabalidaka@za.net,410.309.1202x227,"30 Adelaide Isitaladi, Bethlehem, 4888",Welkom,Northern Cape,6792,"Conservation officer, historic buildings",Zulu,N/A
'6508314385067,Nozizwe,Nhlanhlampofu,Female,1965-08-31,60,Temporary Visa,South Africa,54763100,N/A,N/A,N/A,N/A,N/A,thabisambongwa@co.za,754-661-6895,"44 Long Ithafa, Rustenburg, 5605",Centurion,Mpumalanga,1814,Astronomer,Zulu,N/A
'PR75211629,Thuthukile,Mzukase,Female,1986-07-30,39,Citizen,Lesotho,12313384,Business Visa,2023-01-11,2033-01-08,PER82643,N/A,sabelamandlakhe@org,639-746-8918,"7329 Elizabeth Indlela, Benoni, 7245",Musina,Free State,4754,Retail buyer,Zulu,13
'0310073201056,Sithembiso,Nhlabathi,Female,2003-10-07,21,Citizen,South Africa,10444791,N/A,N/A,N/A,N/A,N/A,sihawukele95@africa.com,8749883745,"63 Prince Isitaladi, Potchefstroom, 6180",Welkom,Eastern Cape,8861,Financial adviser,Zulu,N/A
'4110234376071,Zinhle,Mjoli,Female,1941-10-23,83,Citizen,South Africa,24849782,N/A,N/A,N/A,N/A,N/A,ojele@africa.com,001-554-912-7388x171,"969 Joseph Ithafa, Vereeniging, 4367",iBhayi,Limpopo,2242,Hospital pharmacist,Zulu,N/A
'PR87448271,Thabisile,Fakazi,Female,1999-07-02,26,Citizen,Malawi,83196741,Retirement Visa,2023-11-22,2033-11-19,PER43813,N/A,nonjabulo05@com,+1-836-808-3237x950,"6267 Milner Ithafa, Potchefstroom, 7628",Springs,Western Cape,6606,"Biochemist, clinical",Zulu,2
'4808218647012,Minenhle,Langa,Male,1948-08-21,77,Permanent Resident,South Africa,81047167,N/A,N/A,N/A,N/A,N/A,khanyisile33@co.za,353.399.8154x06124,"8940 Adelaide Ithafa, Vereeniging, 6619",Soweto,Mpumalanga,3092,Architect,Zulu,N/A
'6102106625004,Sibonelo,Njapha,Male,1961-02-10,64,Citizen,South Africa,46738275,N/A,N/A,N/A,N/A,N/A,simphiweyinkosi53@co.za,+1-628-387-8716,"734 James Ithafa, Polokwane, 9629",Kimberley,KwaZulu-Natal,4769,Chief Financial Officer,Zulu,N/A
'TV34151,Thembile,Sondini,Female,1990-01-22,35,Citizen,Kenya,K2316952,Study Visa,2023-05-21,2024-12-10,VIS25155,N/A,majolazibuyile@co.ke,(299)940-6400x293,"465 William Isitaladi, Welkom, 9635",Paarl,Mpumalanga,3314,Horticultural consultant,Zulu,10
'5803184599043,Zakhele,Mbamali,Female,1958-03-18,67,Citizen,South Africa,90727030,N/A,N/A,N/A,N/A,N/A,mbhodwesimphiwe@co.za,353-550-0333,"8847 Somerset Indawo, Mbombela, 1199",Randfontein,Northern Cape,4106,Furniture designer,Zulu,N/A
'TV70061,Njabulo,Hlubi,Male,1985-08-22,40,Asylum Seeker,Somalia,21382335,Study Visa,2023-02-18,2025-03-01,VIS79283,N/A,nonjabulochagwe@org,+1-219-789-5959x39663,"232 Joseph Ithafa, Kimberley, 4075",Vereeniging,Eastern Cape,4368,"Psychologist, sport and exercise",Zulu,1
'PR32260216,Antoine,Rolland,Male,2000-06-18,25,Permanent Resident,Democratic Republic of Congo,23358603,Critical Skills Visa,2023-12-25,2033-12-22,PER54201,N/A,grosthierry@net,0519268675,"rue Ferreira, 04475 EvrardVille",Brianddan,KwaZulu-Natal,58895,huissier de justice,French,20
'AS233546,Nomthandazo,Nkwaliyenkosi,Female,1977-06-13,48,Citizen,Kenya,K6641907,Asylum Seeker Permit,2023-12-21,2025-12-20,ASP50207,Appeal Pending,busisiwendabansele@co.ke,(910)935-2852,"4640 Elizabeth Umgwaqo, Vereeniging, 3827",Vereeniging,Eastern Cape,8258,"Restaurant manager, fast food",Zulu,16
'PR53283735,Gordana,Ullrich,Female,1970-04-22,55,Citizen,Germany,685849736,Corporate Visa,2023-11-24,2033-11-21,PER68055,N/A,joachimharloff@germany.com,07014 530019,"Irmtrud-Vogt-Ring 7-9, 28790 Merseburg",Querfurt,Gauteng,24265,Chemikant,German,9
'8808217324016,Mandla,Fanisa,Male,1988-08-21,37,Citizen,South Africa,99125849,N/A,N/A,N/A,N/A,N/A,nomusanhleko@co.za,(982)541-8460x45885,"599 West Indawo, Potchefstroom, 4690",Tembisa,North West,8608,Estate manager/land agent,Zulu,N/A
'7707274052085,Thembeka,Wela,Female,1977-07-27,48,Citizen,South Africa,72235855,N/A,N/A,N/A,N/A,N/A,cnyambose@africa.com,001-451-937-6158x33051,"1756 Queen Indlela, Witbank, 3430",Bloemfontein,Northern Cape,1529,Waste management officer,Zulu,N/A
'5612302103033,Sithembiso,Ngwekazi,Female,1956-12-30,68,Citizen,South Africa,57161593,N/A,N/A,N/A,N/A,N/A,fmcambi@za.net,898-450-1769x63758,"1147 High Umgwaqo, Rustenburg, 3768",Klerksdorp,Gauteng,1673,"Journalist, magazine",Zulu,N/A
'PR28124534,Nomusa,Ndlondlo,Female,1974-08-31,51,Citizen,Somalia,13369018,Retirement Visa,2024-10-08,2034-10-06,PER77987,N/A,nomagugu02@org,5246874978,"57 President Isitaladi, Kathu, 5748",Musina,Northern Cape,7522,"Designer, multimedia",Zulu,3
'0308218277096,Mzamo,Vunisa,Male,2003-08-21,22,Citizen,South Africa,44664138,N/A,N/A,N/A,N/A,N/A,sibongilemjadu@africa.com,418-517-9681,"68 Victoria Isitaladi, iBhayi, 9554",Benoni,Western Cape,3421,Cartographer,Zulu,N/A
'5301051318078,Bhekokwakhe,Khwela,Female,1953-01-05,72,Citizen,South Africa,51287167,N/A,N/A,N/A,N/A,N/A,luyandanonkululeko@za.net,001-216-721-4982x07824,"526 George Ithafa, Uitenhage, 6587",Paarl,Gauteng,1401,Occupational hygienist,Zulu,N/A
'TV43555,Sibonelo,Mzilankatha,Male,1999-02-09,26,Citizen,Eswatini,63074570,Retirement Visa,2025-08-03,2027-03-06,VIS52381,N/A,sfiso99@org,890.783.0380,"9482 Oxford Isitaladi, Klerksdorp, 1297",Chatsworth,Western Cape,1289,Planning and development surveyor,Zulu,12
'7907175148030,Nhlanhla,Siyaya,Male,1979-07-17,46,Permanent Resident,South Africa,26115385,N/A,N/A,N/A,N/A,N/A,lwandilesiwele@za.net,001-357-312-2061x44224,"3187 Adelaide Indawo, Witbank, 6235",Soweto,Limpopo,4043,Investment analyst,Zulu,N/A
'0207120952017,Nomcebo,Mgilija,Female,2002-07-12,23,Citizen,South Africa,38443659,N/A,N/A,N/A,N/A,N/A,mjadusphiwe@africa.com,613-374-9279,"87 Joseph Ithafa, Klerksdorp, 1308",Springs,Gauteng,8406,"Surveyor, quantity",Zulu,N/A
'4902172067010,Siphesihle,Mathibela,Female,1949-02-17,76,Citizen,South Africa,89872929,N/A,N/A,N/A,N/A,N/A,mnqobigotsholo@co.za,+1-302-263-2159x79869,"99 Gandhi Umgwaqo, Uitenhage, 1004",Musina,Gauteng,7138,"Producer, television/film/video",Zulu,N/A
'6107299934001,Thando,Bantwini,Male,1961-07-29,64,Permanent Resident,South Africa,16493084,N/A,N/A,N/A,N/A,N/A,sphiwembulaze@co.za,001-504-320-8142x605,"605 Cecil Umgwaqo, Rustenburg, 7855",Upington,Free State,6884,"Engineer, materials",Zulu,N/A
'PR42654894,Mandla,Nkwanyana,Male,1979-03-14,46,Citizen,Zimbabwe,ZI634538,Critical Skills Visa,2023-12-12,2033-12-09,PER69543,N/A,gmkhize@co.zw,001-830-364-2117x5287,"57 Joseph Indlela, Centurion, 2560",Thohoyandou,Mpumalanga,4037,Purchasing manager,Zulu,10
'PR83033106,Jabulani,Goba,Male,1972-11-07,52,Citizen,Nigeria,N3369176,Relative's Visa,2024-06-08,2034-06-06,PER11447,N/A,mbuthobhekisisa@com.ng,507.205.1227,"573 Prince Ithafa, Newcastle, 9495",Newcastle,Limpopo,5220,Mechanical engineer,Zulu,3
'5608267202049,Siyabonga,Amahle,Male,1956-08-26,69,Citizen,South Africa,22586011,N/A,N/A,N/A,N/A,N/A,pdlawuza@za.net,001-609-743-3796,"46 Voortrekker Ithafa, Bethlehem, 1464",Sasolburg,Eastern Cape,7896,Electronics engineer,Zulu,N/A
'PR84252332,Ndumiso,Mbongwe,Female,1979-07-17,46,Temporary Visa,Lesotho,93007517,Relative's Visa,2025-06-19,2035-06-17,PER33745,N/A,vabazadumisani@net,741.888.3323x173,"76 George Umgwaqo, Chatsworth, 2482",Polokwane,Mpumalanga,7996,"Civil engineer, consulting",Zulu,7
'8105191783005,Thabisa,Gwacela,Female,1981-05-19,44,Citizen,South Africa,77586201,N/A,N/A,N/A,N/A,N/A,zmagwaza@africa.com,(367)518-7680x19322,"88 Paul Kruger Ithafa, Middelburg, 1719",Upington,Mpumalanga,6903,Personnel officer,Zulu,N/A
'TV25113,Marie,Benard,Female,1997-04-07,28,Permanent Resident,United Kingdom,164580351,Critical Skills Visa,2024-09-09,2025-05-28,VIS46104,N/A,evrardagathe@uk.com,+33 (0)5 96 70 18 32,"68, rue Arnaude Vasseur, 75413 Schneider",Petit,Limpopo,09479,consultant green IT,French,9
'PR64386907,Joana,Rodrigues,Female,1997-02-07,28,Citizen,Mozambique,MO633986,Corporate Visa,2023-03-03,2033-02-28,PER15190,N/A,mrocha@co.mz,+351236725210,"Rua de Vinte e Quatro de Agosto, 185, 1064-390 Felgueiras",Olhão,Free State,1540-584,Supervisor de cargas e descargas,Portuguese,18
'PR80534322,Thibaut,Pierre,Male,2003-08-05,22,Temporary Visa,United Kingdom,935981190,Retirement Visa,2025-05-28,2035-05-26,PER84045,N/A,zoe16@uk.com,0622561694,"20, rue Claire Verdier, 52921 Lemonnier",Sainte ÉliseVille,Eastern Cape,53774,enseignant de la conduite automobile et de la sécurité routière,French,12
'PR48339733,Andile,Gumbi,Male,2003-08-01,22,Citizen,Tanzania,46075625,Relative's Visa,2023-12-25,2033-12-22,PER36967,N/A,sibonelodingila@com,7413258471,"895 Charles Umgwaqo, Paarl, 1798",Sasolburg,Western Cape,4289,"Accountant, chartered public finance",Zulu,5
'PR49919587,Patrick,Lambert,Male,1994-02-09,31,Citizen,United States,847489016,Work Visa,2022-09-23,2032-09-20,PER48810,N/A,juliendupuy@us.com,04 72 36 12 86,"862, rue de Delannoy, 94518 Allain",Evrard-sur-Lebrun,North West,10104,technicien en traitement des matériaux,French,17
'6001080667017,Sihawukele,Masilela,Female,1960-01-08,65,Citizen,South Africa,79774502,N/A,N/A,N/A,N/A,N/A,sphiwemabhodla@za.net,257.780.4672x52835,"162 Voortrekker Isitaladi, Randfontein, 8251",Upington,Western Cape,1034,Curator,Zulu,N/A
'9202129657056,Sandile,Jele,Male,1992-02-12,33,Citizen,South Africa,12567544,N/A,N/A,N/A,N/A,N/A,nomalangadelwayo@za.net,761-810-1162,"622 Churchill Umgwaqo, Potchefstroom, 1189",eThekwini,Limpopo,3957,"Scientist, research (physical sciences)",Zulu,N/A
'9610285201095,Lungile,Phoswa,Male,1996-10-28,28,Permanent Resident,South Africa,52426395,N/A,N/A,N/A,N/A,N/A,nozizwe55@africa.com,933-886-3204x6950,"8175 Voortrekker Ithafa, Witbank, 4713",Upington,North West,9269,"Conservation officer, historic buildings",Zulu,N/A
'4711266041022,Jabulani,Mathenjwa,Male,1947-11-26,77,Citizen,South Africa,13399696,N/A,N/A,N/A,N/A,N/A,nomagugunkomoye@co.za,220-315-2199x12269,"3541 George Ithafa, Krugersdorp, 3179",iKapa,Free State,5007,Mental health nurse,Zulu,N/A
'5008087696070,Zenzele,Hlongwa,Male,1950-08-08,75,Citizen,South Africa,68354172,N/A,N/A,N/A,N/A,N/A,emangena@za.net,465.228.4446x1825,"2700 Nelson Mandela Isitaladi, iBhayi, 4253",Upington,Mpumalanga,8193,Estate manager/land agent,Zulu,N/A
'PR64118908,Sibusiso,Mzilankatha,Male,1991-03-31,34,Citizen,Zimbabwe,ZI381573,Work Visa,2024-06-15,2034-06-13,PER35994,N/A,mdlenevunomasonto@zimbabwe.com,267.695.4808x6134,"113 Smith Isitaladi, Paarl, 3492",Welkom,Northern Cape,6436,"Administrator, Civil Service",Zulu,20
'9201204512093,Nomvula,Sibisi,Female,1992-01-20,33,Citizen,South Africa,27864496,N/A,N/A,N/A,N/A,N/A,nzamelasibusisiwe@africa.com,(319)319-9764x97194,"29 Short Indlela, iKapa, 9916",Witbank,Mpumalanga,7267,"Development worker, community",Zulu,N/A
'0203253776054,Nomathemba,Nondlela,Female,2002-03-25,23,Citizen,South Africa,58297574,N/A,N/A,N/A,N/A,N/A,dmlungwana@za.net,724.865.4084x3913,"782 Paul Kruger Umgwaqo, Springs, 8802",Stellenbosch,Free State,3868,Adult nurse,Zulu,N/A
'8304277955054,Jabulani,Nhleko,Male,1983-04-27,42,Permanent Resident,South Africa,93902919,N/A,N/A,N/A,N/A,N/A,nomcebo01@co.za,879.687.9057,"74 Thomas Indlela, Upington, 5619",Kimberley,Western Cape,9288,"Scientist, forensic",Zulu,N/A
'5003085600030,S'fiso,Thembela,Male,1950-03-08,75,Permanent Resident,South Africa,55736040,N/A,N/A,N/A,N/A,N/A,thandoxhakaza@za.net,001-635-295-4348x773,"51 Paul Kruger Indawo, Tembisa, 1893",iBhayi,Western Cape,2099,Interior and spatial designer,Zulu,N/A
'5704100715035,Nomathemba,Mbuyazi,Female,1957-04-10,68,Permanent Resident,South Africa,63082772,N/A,N/A,N/A,N/A,N/A,dmgenge@co.za,411-718-3809x531,"51 Adelaide Isitaladi, eGoli, 5029",Klerksdorp,Northern Cape,9196,Logistics and distribution manager,Zulu,N/A
'5208245853092,Mandla,Hlela,Male,1952-08-24,73,Citizen,South Africa,35778760,N/A,N/A,N/A,N/A,N/A,gigabanjabulo@za.net,671-603-6513x72293,"538 Joseph Isitaladi, Bethlehem, 8404",Bloemfontein,Northern Cape,5503,Ergonomist,Zulu,N/A
'AS761058,Sebastião,Sousa,Male,1979-10-13,45,Citizen,Mozambique,MO203894,Asylum Seeker Permit,2024-06-13,2026-06-13,ASP37870,Interview Scheduled,diogo36@co.mz,(351) 934 569 412,"Travessa de Melo, 67, 3358-757 Leiria",Loures,Free State,9891-197,Diretores de investigação e desenvolvimento,Portuguese,5
'PR34751780,Nomusa,Nodlomo,Female,1989-01-19,36,Citizen,Botswana,BO454410,Critical Skills Visa,2025-04-28,2035-04-26,PER99493,N/A,sibusisomshibe@com,293-935-0730x6815,"40 Church Ithafa, Musina, 2477",iKapa,KwaZulu-Natal,3273,"Therapist, horticultural",Zulu,15
'PR55808178,Alfred,Baron,Male,1979-08-15,46,Citizen,United States,767620394,Work Visa,2023-05-25,2033-05-22,PER73693,N/A,alexandria09@com,0179690221,"44, avenue Simon, 84456 Chauvet-sur-Dias",Sainte Sophienec,Eastern Cape,17473,"garde (chasse, pêche, littoral, rivière, parcs nationaux)",French,0
'AS232535,Nomvula,Ngomane,Female,2005-09-19,19,Citizen,Kenya,K6372550,Asylum Seeker Permit,2023-12-30,2025-12-29,ASP90583,Refugee Status Granted,dlawuzamzamo@kenya.com,+1-307-542-2312x7440,"3486 Smith Ithafa, Boksburg, 9006",Bloemfontein,Mpumalanga,4945,Forest/woodland manager,Zulu,5
'TV98253,Michel,Raynaud,Male,2001-07-07,24,Citizen,France,483393645,Business Visa,2024-11-24,2025-07-09,VIS65542,N/A,davidveronique@fr,+33 3 45 45 34 20,"4, boulevard Vincent, 17658 Deschamps",Da Costa,KwaZulu-Natal,88572,technicien télécoms et réseaux,French,18
'5404100064030,Khanyisile,Delwayo,Female,1954-04-10,71,Permanent Resident,South Africa,35137673,N/A,N/A,N/A,N/A,N/A,nyandenithembisile@africa.com,(422)594-7097x732,"5124 James Isitaladi, Centurion, 9576",iBhayi,KwaZulu-Natal,1306,"Research officer, political party",Zulu,N/A
'PR74370275,Ludwig,Schleich,Male,1984-01-23,41,Citizen,Germany,167892760,Relative's Visa,2023-06-09,2033-06-06,PER22839,N/A,fedorjuettner@de,+49 (0) 9554 033850,"Budigplatz 793, 06474 Siegen",Bischofswerda,Mpumalanga,54649,Pilot,German,15
'PR17337308,Thomas,Mahe,Male,1981-03-09,44,Citizen,Democratic Republic of Congo,25757444,Business Visa,2025-04-21,2035-04-19,PER59808,N/A,patricia10@org,0243447597,"48, avenue Marcelle Lopes, 22186 Simon",PotierBourg,KwaZulu-Natal,97382,ingénieur qualité moteur,French,20
'4510018243003,Mandlakhe,Macingwane,Male,1945-10-01,79,Citizen,South Africa,72222642,N/A,N/A,N/A,N/A,N/A,nkazimulonzima@co.za,858-561-6818x01527,"8736 Albertina Sisulu Umgwaqo, Sasolburg, 4902",Krugersdorp,Limpopo,8817,Early years teacher,Zulu,N/A
'4204048013061,Bhekani,Mntambo,Male,1942-04-04,83,Asylum Seeker,South Africa,54935492,N/A,N/A,N/A,N/A,N/A,nobantundimande@africa.com,6618459121,"978 West Indawo, uMgungundlovu, 8691",Kathu,Eastern Cape,7028,Chief Operating Officer,Zulu,N/A
'PR57110424,Sibusiso,Sibalukhulu,Male,1973-11-11,51,Citizen,Botswana,BO331451,Study Visa,2023-12-01,2033-11-28,PER94880,N/A,mcebisincwane@org,753.694.5100x924,"2593 Thomas Indlela, Rustenburg, 8585",Upington,Mpumalanga,6845,Estate agent,Zulu,0
'8303294872090,Nomasonto,Mngwemkhulu,Female,1983-03-29,42,Citizen,South Africa,74555409,N/A,N/A,N/A,N/A,N/A,mdonswabhekisisa@co.za,(564)689-6969x08725,"62 York Isitaladi, Middelburg, 1457",Bethlehem,Western Cape,7420,"Scientist, research (physical sciences)",Zulu,N/A
'6904144392085,Nomthandazo,Lakaza,Female,1969-04-14,56,Citizen,South Africa,46661896,N/A,N/A,N/A,N/A,N/A,gugumhlabandlovu@africa.com,(284)283-9125,"70 Voortrekker Indlela, Chatsworth, 5263",Newcastle,KwaZulu-Natal,6158,"Geologist, wellsite",Zulu,N/A
'TV16606,Camille,Boucher,Female,1998-08-10,27,Citizen,United Kingdom,913644061,Critical Skills Visa,2025-05-25,2027-10-19,VIS58375,N/A,sebastien51@co.uk,0326691382,"21, rue de Marin, 37840 Chrétien",Saint Geneviève,Gauteng,33328,testeur,French,9
'TV25502,Vusumuzi,Bantwini,Male,1977-11-22,47,Citizen,Ghana,G8518729,Critical Skills Visa,2024-11-25,2026-01-14,VIS39376,N/A,mntambozakhele@ghana.com,448-986-8197,"881 Napier Umgwaqo, Musina, 6143",Potchefstroom,Western Cape,4670,Horticultural therapist,Zulu,0
'8709100526027,Dumisile,Magoza,Female,1987-09-10,38,Citizen,South Africa,41429047,N/A,N/A,N/A,N/A,N/A,phingoshesithembiso@za.net,705.229.7241x0441,"8886 Cecil Ithafa, Uitenhage, 7715",Kimberley,Limpopo,9309,"Horticulturist, amenity",Zulu,N/A
'6105264467088,Nomusa,Thuliswayo,Female,1961-05-26,64,Asylum Seeker,South Africa,50785276,N/A,N/A,N/A,N/A,N/A,thembilethembekwayo@co.za,404.833.5892x148,"272 High Ithafa, Bethlehem, 5610",Stellenbosch,Gauteng,7703,Cabin crew,Zulu,N/A
'TV75219,Sphiwe,Galu,Male,1997-01-10,28,Citizen,Ethiopia,47641090,Retirement Visa,2025-06-03,2027-06-10,VIS76043,N/A,inzimase@org,(597)639-7261,"96 York Ithafa, Thohoyandou, 6082",Witbank,Northern Cape,5199,Volunteer coordinator,Zulu,12
'4807316130025,Lungile,Khoza,Male,1948-07-31,77,Citizen,South Africa,65678311,N/A,N/A,N/A,N/A,N/A,luyandamncwanga@za.net,001-619-248-9846x5346,"8145 Paul Kruger Indlela, Sasolburg, 8076",Upington,Limpopo,6917,"Scientist, physiological",Zulu,N/A
'PR37896836,Thalente,Cwalile,Female,1981-08-16,44,Citizen,Lesotho,90445196,Work Visa,2024-11-09,2034-11-07,PER25804,N/A,xmadlula@com,001-369-666-2577x74033,"8698 Thomas Umgwaqo, Thohoyandou, 7180",Kimberley,Mpumalanga,5338,Academic librarian,Zulu,17
'9003219580010,Zenzele,Mtimande,Male,1990-03-21,35,Citizen,South Africa,20418249,N/A,N/A,N/A,N/A,N/A,luthulinomthandazo@africa.com,509.834.2291x58004,"224 Walter Sisulu Indawo, Klerksdorp, 7545",Boksburg,Limpopo,3640,Agricultural consultant,Zulu,N/A
'5005104646073,Sihawukele,Gazu,Female,1950-05-10,75,Asylum Seeker,South Africa,23179457,N/A,N/A,N/A,N/A,N/A,dmcusi@africa.com,(784)603-3354x40184,"2844 Oxford Isitaladi, Uitenhage, 8091",Mbombela,KwaZulu-Natal,7049,Horticultural therapist,Zulu,N/A
'7404238696029,Mandla,Mntimande,Male,1974-04-23,51,Permanent Resident,South Africa,93772166,N/A,N/A,N/A,N/A,N/A,thuthukilemsibi@za.net,(398)641-4014,"68 Commissioner Indlela, Klerksdorp, 7317",Rustenburg,Eastern Cape,5860,"Scientist, clinical (histocompatibility and immunogenetics)",Zulu,N/A
'4305131980043,Mnqobi,Sikhunyana,Female,1943-05-13,82,Citizen,South Africa,87311563,N/A,N/A,N/A,N/A,N/A,xmdaka@co.za,001-380-284-5942x205,"53 Churchill Isitaladi, Boksburg, 1892",Vereeniging,Free State,9864,"Programmer, systems",Zulu,N/A
'0201012013092,Nobantu,Macingwane,Female,2002-01-01,23,Citizen,South Africa,23672078,N/A,N/A,N/A,N/A,N/A,xntenga@za.net,781.795.3745x6357,"427 Grey Ithafa, Vanderbijlpark, 4284",Kimberley,Western Cape,7521,Archaeologist,Zulu,N/A
'6201163121006,Nomusa,Sithole,Female,1962-01-16,63,Citizen,South Africa,58973661,N/A,N/A,N/A,N/A,N/A,noxolo82@za.net,772-796-1600x70799,"44 Church Indlela, Chatsworth, 9271",Benoni,Mpumalanga,4353,Clinical molecular geneticist,Zulu,N/A
'6812153155094,Thembisile,Nondaba,Female,1968-12-15,56,Citizen,South Africa,65413548,N/A,N/A,N/A,N/A,N/A,gmthombeni@co.za,792-252-8785,"492 Prince Indawo, Randfontein, 6856",Newcastle,Gauteng,3686,"Therapist, sports",Zulu,N/A
'0104230484094,Bhekizizwe,Xulu,Female,2001-04-23,24,Citizen,South Africa,82647536,N/A,N/A,N/A,N/A,N/A,mlungisi16@co.za,+1-314-466-4333x681,"636 Clarence Indlela, Boksburg, 7758",Soweto,Eastern Cape,2593,"Engineer, manufacturing",Zulu,N/A
'PR67713455,Stella,Junitz,Female,1990-01-17,35,Citizen,Germany,649931925,Study Visa,2023-01-21,2033-01-18,PER50897,N/A,necatibonbach@germany.com,+49(0)2909522732,"Diane-Bender-Straße 3-8, 07426 Darmstadt",Eichstätt,Mpumalanga,51565,Artist,German,2
'AS925488,Nqobizitha,Myeza,Female,2001-05-03,24,Citizen,Malawi,76878446,Asylum Seeker Permit,2023-03-25,2025-03-24,ASP85190,Under Review,gwacelathandeka@net,488-514-6665x5142,"958 Long Isitaladi, Randfontein, 7292",Kimberley,Gauteng,3512,Company secretary,Zulu,18
'4703109800092,Sphiwe,Manqele,Male,1947-03-10,78,Citizen,South Africa,14422374,N/A,N/A,N/A,N/A,N/A,ckhumbuza@za.net,+1-377-213-4335x6904,"80 Stanley Isitaladi, Witbank, 1246",Newcastle,Northern Cape,9465,Immunologist,Zulu,N/A
'PR44260316,Raymond,Hebert,Male,1971-07-11,54,Permanent Resident,Democratic Republic of Congo,36088517,Corporate Visa,2024-02-06,2034-02-03,PER93948,N/A,victoirepereira@com,0635350235,"514, rue de Lacombe, 83115 Rémynec",Saint Hugues,North West,20537,scénariste,French,14
'5009158901031,Bandile,Madondo,Male,1950-09-15,74,Citizen,South Africa,14578910,N/A,N/A,N/A,N/A,N/A,manyoninomthandazo@africa.com,+1-377-660-6687x8526,"3135 Somerset Isitaladi, Newcastle, 6054",Witbank,Eastern Cape,7501,Risk manager,Zulu,N/A
'4811175246065,Minenhle,Mbhele,Male,1948-11-17,76,Citizen,South Africa,76381633,N/A,N/A,N/A,N/A,N/A,thembilemcambi@co.za,001-295-473-0731,"388 Smith Umgwaqo, iKapa, 6173",Chatsworth,Free State,4738,Translator,Zulu,N/A
'AS925272,राजेश,भट्टाचार्य,Male,1981-01-31,44,Citizen,India,65283711,Asylum Seeker Permit,2025-02-27,2027-02-27,ASP23579,Interview Scheduled,gmitraa@co.in,06943 732418,"5977 मजूमदार, अलीगढ 404264",अजमेर,Western Cape,888565,Community pharmacist,Hindi,17
'TV51516,Londisizwe,Dlomo,Female,1973-04-16,52,Citizen,Kenya,K9075570,Retirement Visa,2023-03-19,2023-10-25,VIS71115,N/A,qsikhunyana@co.ke,556-533-6078x41993,"9199 Prince Indlela, Vanderbijlpark, 1914",iBhayi,North West,3560,Patent examiner,Zulu,10
'6507244584057,Nomusa,Mthiya,Female,1965-07-24,60,Citizen,South Africa,62455436,N/A,N/A,N/A,N/A,N/A,yduyaza@za.net,4137342505,"4365 Nelson Mandela Isitaladi, Newcastle, 5506",Musina,Western Cape,5021,Network engineer,Zulu,N/A
'7511070011012,Nqobizitha,Mpofana,Female,1975-11-07,49,Citizen,South Africa,29850587,N/A,N/A,N/A,N/A,N/A,bnondlela@co.za,737.737.8507x4117,"65 Commissioner Ithafa, Soweto, 1548",Randfontein,KwaZulu-Natal,3756,Clothing/textile technologist,Zulu,N/A
'4410012189022,Thembeka,Mshiyane,Female,1944-10-01,80,Temporary Visa,South Africa,91799789,N/A,N/A,N/A,N/A,N/A,zncala@co.za,+1-323-843-1575x739,"53 Rivonia Isitaladi, Benoni, 8288",Thohoyandou,Northern Cape,4748,"Restaurant manager, fast food",Zulu,N/A
'4201177824013,Mandla,Mayise,Male,1942-01-17,83,Permanent Resident,South Africa,97342403,N/A,N/A,N/A,N/A,N/A,thembekamathunjwa@africa.com,4727340579,"6530 Long Ithafa, Welkom, 2432",Uitenhage,North West,8199,"Engineer, building services",Zulu,N/A
'8103020036079,Nozizwe,Thango,Female,1981-03-02,44,Citizen,South Africa,25704111,N/A,N/A,N/A,N/A,N/A,minenhle45@za.net,(650)267-1655,"84 Edward Indawo, Vanderbijlpark, 5351",Chatsworth,Northern Cape,1279,Waste management officer,Zulu,N/A
'6502289447029,Langalibalele,Duma,Male,1965-02-28,60,Citizen,South Africa,94263965,N/A,N/A,N/A,N/A,N/A,sithembiso71@africa.com,6132507907,"6467 William Indawo, George, 5209",eGoli,Free State,6410,Mental health nurse,Zulu,N/A
'8505057381074,Mcebisi,Mnqayi,Male,1985-05-05,40,Citizen,South Africa,93386745,N/A,N/A,N/A,N/A,N/A,bmathebela@africa.com,(582)570-5675,"2734 Clarence Umgwaqo, Bethlehem, 2375",iKapa,Mpumalanga,7477,Emergency planning/management officer,Zulu,N/A
'8607146419085,Bandile,Ngonini,Male,1986-07-14,39,Permanent Resident,South Africa,84094008,N/A,N/A,N/A,N/A,N/A,lukhelesithembiso@co.za,8963269004,"320 Frere Umgwaqo, uMgungundlovu, 2254",eGoli,Limpopo,9074,"Psychologist, educational",Zulu,N/A
'4702073048045,Thembekile,Mgabhi,Female,1947-02-07,78,Permanent Resident,South Africa,60579595,N/A,N/A,N/A,N/A,N/A,nonhlanhlashabangu@co.za,001-210-498-0663x29943,"99 Milner Ithafa, Benoni, 8504",Sasolburg,Free State,4621,Magazine features editor,Zulu,N/A
'4706180038012,Nomathemba,Ndlangamandla,Female,1947-06-18,78,Citizen,South Africa,94938068,N/A,N/A,N/A,N/A,N/A,umbuyazi@africa.com,599.336.7640,"54 Joseph Indawo, Centurion, 1524",Klerksdorp,Northern Cape,2996,Arts development officer,Zulu,N/A
'8401151427083,Nomvula,Fakude,Female,1984-01-15,41,Citizen,South Africa,19489245,N/A,N/A,N/A,N/A,N/A,nkazimulodube@za.net,(748)330-8921,"55 Stanley Isitaladi, Centurion, 6585",Krugersdorp,Gauteng,6015,Chartered public finance accountant,Zulu,N/A
'7009283567035,Nomusa,Dlamini,Female,1970-09-28,54,Temporary Visa,South Africa,67620777,N/A,N/A,N/A,N/A,N/A,umzila@co.za,510-455-5512,"5027 King Indawo, George, 6700",Thohoyandou,Eastern Cape,4729,Television production assistant,Zulu,N/A
'8702140177070,Thembisile,Mbeje,Female,1987-02-14,38,Permanent Resident,South Africa,29313289,N/A,N/A,N/A,N/A,N/A,owethumalambule@za.net,729.243.6521x6858,"1457 Walter Sisulu Indlela, iBhayi, 3637",uMgungundlovu,Free State,1717,Advertising copywriter,Zulu,N/A
'4110186277072,Thabani,Gubhuza,Male,1941-10-18,83,Citizen,South Africa,61929575,N/A,N/A,N/A,N/A,N/A,bhekizizwemcwaye@za.net,623.537.4948,"77 Charles Indlela, eGoli, 2676",Krugersdorp,Gauteng,8358,Environmental education officer,Zulu,N/A
'8806220456064,Nokulunga,Dlamini,Female,1988-06-22,37,Permanent Resident,South Africa,32594401,N/A,N/A,N/A,N/A,N/A,mandlakhekholose@za.net,001-466-476-0997x34156,"171 Thomas Indlela, uMgungundlovu, 8995",Musina,KwaZulu-Natal,3492,Data processing manager,Zulu,N/A
'PR98506227,Siphesihle,Mayise,Female,1983-03-22,42,Permanent Resident,Ghana,G5897681,Relative's Visa,2024-06-19,2034-06-17,PER61347,N/A,ndumiso72@ghana.com,+1-533-298-0371,"52 Charles Isitaladi, Vanderbijlpark, 2810",Newcastle,Western Cape,6024,Illustrator,Zulu,15
'9204053948059,Zenzile,Mlungwana,Female,1992-04-05,33,Citizen,South Africa,69152306,N/A,N/A,N/A,N/A,N/A,thalentembuyise@za.net,(344)268-9910x94253,"83 Frere Indawo, Mbombela, 2374",Upington,North West,8954,Barista,Zulu,N/A
'9607257732037,Vusumuzi,Swazi,Male,1996-07-25,29,Citizen,South Africa,80632204,N/A,N/A,N/A,N/A,N/A,simphiweyinkosi78@africa.com,2922886604,"407 Milner Umgwaqo, Kimberley, 9792",Boksburg,Northern Cape,2345,"Designer, textile",Zulu,N/A
'9604192756016,Nomagugu,Mcanyana,Female,1996-04-19,29,Citizen,South Africa,59681005,N/A,N/A,N/A,N/A,N/A,lwandilemzileni@africa.com,5683708541,"97 Long Indlela, Randfontein, 8639",Paarl,Gauteng,7468,Insurance risk surveyor,Zulu,N/A
'4412046301085,Mandlakhe,Ngotsha,Male,1944-12-04,80,Citizen,South Africa,82881294,N/A,N/A,N/A,N/A,N/A,phuthinibandile@za.net,228.340.0632,"70 Walter Sisulu Isitaladi, George, 2385",Welkom,Northern Cape,6698,International aid/development worker,Zulu,N/A
'7805254933033,Dumisani,Shandu,Female,1978-05-25,47,Temporary Visa,South Africa,44417545,N/A,N/A,N/A,N/A,N/A,noxolo68@za.net,277.877.8594x16440,"7939 Main Isitaladi, Randfontein, 1467",Upington,North West,3553,Animator,Zulu,N/A
'5708013235016,Sibusisiwe,Khanyeza,Female,1957-08-01,68,Temporary Visa,South Africa,41492892,N/A,N/A,N/A,N/A,N/A,magozasimphiweyinkosi@co.za,539-916-4031x0662,"24 Rivonia Indlela, Klerksdorp, 7613",Welkom,Western Cape,1731,Podiatrist,Zulu,N/A
'8109162473029,Nomcebo,Sabelo,Female,1981-09-16,43,Citizen,South Africa,62583780,N/A,N/A,N/A,N/A,N/A,mnquhethandiwe@africa.com,775.939.8110,"51 Cecil Indawo, Thohoyandou, 1569",Klerksdorp,Limpopo,3500,Animal nutritionist,Zulu,N/A
'TV54006,Lwandile,Gwacela,Male,1981-11-29,43,Citizen,Zimbabwe,ZI968003,Corporate Visa,2025-07-20,2026-02-17,VIS68692,N/A,olwethu17@zimbabwe.com,001-980-771-1506x87128,"207 Smith Isitaladi, Bloemfontein, 5075",iBhayi,Free State,7746,Intelligence analyst,Zulu,0
'4310159785061,Thalente,Juqula,Male,1943-10-15,81,Citizen,South Africa,11209419,N/A,N/A,N/A,N/A,N/A,amashaba@africa.com,238-839-4141x393,"30 Adelaide Indawo, Chatsworth, 1879",Vanderbijlpark,Free State,1359,Haematologist,Zulu,N/A
'8911251976018,Thabisa,Sibalukhulu,Female,1989-11-25,35,Citizen,South Africa,83653452,N/A,N/A,N/A,N/A,N/A,thembile06@africa.com,001-782-742-7481x025,"9058 York Ithafa, eThekwini, 9436",Vanderbijlpark,Northern Cape,8241,"Scientist, marine",Zulu,N/A
'9510053832011,Nomalanga,Msindazwe,Female,1995-10-05,29,Asylum Seeker,South Africa,26184926,N/A,N/A,N/A,N/A,N/A,mgabhithando@co.za,+1-944-546-2826x9155,"44 Paul Kruger Indawo, eThekwini, 1716",Soweto,Gauteng,7703,Clinical research associate,Zulu,N/A
'0412269032029,Mthokozisi,Ngcamane,Male,2004-12-26,20,Permanent Resident,South Africa,83663975,N/A,N/A,N/A,N/A,N/A,dinabantulwandile@co.za,001-899-749-8512x280,"916 Clarence Isitaladi, Vereeniging, 4687",Welkom,Limpopo,2674,"Secretary, company",Zulu,N/A
'6802248125039,Mcebisi,Ntshangase,Male,1968-02-24,57,Permanent Resident,South Africa,40758122,N/A,N/A,N/A,N/A,N/A,xmiya@za.net,001-697-274-6133,"632 Cecil Ithafa, iKapa, 5467",Soweto,Limpopo,2048,"Accountant, chartered certified",Zulu,N/A
'4210154698005,Gugu,Ntenga,Female,1942-10-15,82,Asylum Seeker,South Africa,77369087,N/A,N/A,N/A,N/A,N/A,londisizwemanyoni@co.za,906.427.0804,"53 West Indawo, Boksburg, 8774",Potchefstroom,Northern Cape,4588,Interpreter,Zulu,N/A
'PR12743067,Marcel,Gilles,Male,1995-01-19,30,Citizen,United Kingdom,450758263,Business Visa,2024-02-26,2034-02-23,PER89253,N/A,dphilippe@uk.com,03 24 48 19 92,"38, avenue Sanchez, 15633 LebrunVille",Le Goff,Northern Cape,36348,consultant,French,8
'9903155054047,Bhekani,Sigegede,Male,1999-03-15,26,Citizen,South Africa,35881004,N/A,N/A,N/A,N/A,N/A,nobuhlenzimase@africa.com,(992)880-4517x805,"539 Church Indawo, iBhayi, 3042",Vereeniging,Mpumalanga,4303,"Research officer, government",Zulu,N/A
'6210036972065,Mandlakhe,Dimbane,Male,1962-10-03,62,Permanent Resident,South Africa,82652509,N/A,N/A,N/A,N/A,N/A,thalente73@co.za,(419)422-8487,"60 Somerset Isitaladi, Polokwane, 1852",Mbombela,Limpopo,2281,"Solicitor, Scotland",Zulu,N/A
'4105023055062,Dumisile,Khulu,Female,1941-05-02,84,Citizen,South Africa,33026898,N/A,N/A,N/A,N/A,N/A,gdubazane@co.za,780.567.7716x15992,"1667 York Indawo, Musina, 3940",Bethlehem,Eastern Cape,1659,Agricultural consultant,Zulu,N/A
'7804156940014,Mandla,Nkwali,Male,1978-04-15,47,Citizen,South Africa,64826789,N/A,N/A,N/A,N/A,N/A,owethu94@za.net,(382)218-8776,"825 Voortrekker Isitaladi, Boksburg, 8387",Chatsworth,Gauteng,4680,"Lecturer, higher education",Zulu,N/A
'7008158841078,Sibonelo,Mkhatshwa,Male,1970-08-15,55,Permanent Resident,South Africa,31484524,N/A,N/A,N/A,N/A,N/A,dimbanonjabulo@za.net,(948)275-9193,"22 Edward Ithafa, Kimberley, 3085",Stellenbosch,Mpumalanga,5047,Comptroller,Zulu,N/A
'6610021256068,Nomthandazo,Tiba,Female,1966-10-02,58,Citizen,South Africa,75695678,N/A,N/A,N/A,N/A,N/A,londisizwe48@co.za,881-780-7422x11164,"19 Long Umgwaqo, Mahikeng, 3704",George,KwaZulu-Natal,4552,Geographical information systems officer,Zulu,N/A
'4403185599084,Thabani,Mncube,Male,1944-03-18,81,Citizen,South Africa,45794028,N/A,N/A,N/A,N/A,N/A,dmnyoni@za.net,+1-735-614-8789x5816,"491 Edward Indlela, Rustenburg, 2976",Randfontein,Northern Cape,7845,Bonds trader,Zulu,N/A
'5809126685010,Zenzele,Ncama,Male,1958-09-12,67,Permanent Resident,South Africa,98905915,N/A,N/A,N/A,N/A,N/A,zakhele32@co.za,(393)680-1125,"32 Short Isitaladi, Vereeniging, 6715",Vereeniging,Free State,9277,"Surveyor, planning and development",Zulu,N/A
'9311163010084,Nomathalente,Msokazi,Female,1993-11-16,31,Permanent Resident,South Africa,19986954,N/A,N/A,N/A,N/A,N/A,thembekile88@co.za,811.845.1440,"28 Rivonia Indlela, Mahikeng, 9388",Vanderbijlpark,Northern Cape,6678,Farm manager,Zulu,N/A
'6709045611016,Thando,Sengwayo,Male,1967-09-04,58,Permanent Resident,South Africa,63420466,N/A,N/A,N/A,N/A,N/A,gamedelondiwe@za.net,(842)623-4440x055,"43 Adelaide Umgwaqo, Kimberley, 8254",eGoli,Eastern Cape,4171,Chartered management accountant,Zulu,N/A
'4908112447003,Thabisa,Mpikela,Female,1949-08-11,76,Asylum Seeker,South Africa,91442297,N/A,N/A,N/A,N/A,N/A,guliwenobuhle@co.za,513-867-5275x720,"2572 Rivonia Umgwaqo, Upington, 6096",George,Free State,8197,"Geologist, engineering",Zulu,N/A
'4311021277074,Olwethu,Maphisa,Female,1943-11-02,81,Temporary Visa,South Africa,68272650,N/A,N/A,N/A,N/A,N/A,mgazisithembiso@co.za,001-270-900-6600,"6376 Clarence Indlela, Newcastle, 7713",Krugersdorp,Northern Cape,1117,Building control surveyor,Zulu,N/A
'PR17830399,कर्ण,डी’सोउज़ा,Male,2002-01-04,23,Citizen,India,78409844,Business Visa,2024-07-27,2034-07-25,PER53324,N/A,deviiblaasubrmaaniym@india.com,09321696069,"13 चक्रवर्ती, अहमदाबाद 855914",अनंतनाग,Gauteng,586608,Air broker,Hindi,16
'PR78011607,Siyabonga,Mlalane,Male,1994-04-04,31,Permanent Resident,Ethiopia,29960761,Study Visa,2023-12-08,2033-12-05,PER23836,N/A,mbonambinozibusiso@net,(666)791-7101,"61 President Isitaladi, Soweto, 4331",Thohoyandou,Mpumalanga,3587,Secretary/administrator,Zulu,0
'AS670073,Thabisa,Sondisa,Female,1976-07-04,49,Asylum Seeker,Ethiopia,44591181,Asylum Seeker Permit,2024-12-16,2026-12-16,ASP49697,Rejected,igubhuza@net,001-886-300-1479x36370,"4051 Rivonia Umgwaqo, Soweto, 9641",Randfontein,Northern Cape,6246,Animal technologist,Zulu,9
'5606278896033,Mzamo,Masikane,Male,1956-06-27,69,Citizen,South Africa,95117010,N/A,N/A,N/A,N/A,N/A,kmthiyane@co.za,+1-669-587-8464x38707,"20 Milner Ithafa, Kathu, 8446",Witbank,Limpopo,1283,Analytical chemist,Zulu,N/A
'8812014946039,Khanyisile,Mhlanga,Female,1988-12-01,36,Permanent Resident,South Africa,31699126,N/A,N/A,N/A,N/A,N/A,mayezanomasonto@za.net,6216752072,"441 Churchill Umgwaqo, Centurion, 9710",Upington,Limpopo,2429,Private music teacher,Zulu,N/A
'8202231820020,Zenzile,Cwalile,Female,1982-02-23,43,Citizen,South Africa,67872831,N/A,N/A,N/A,N/A,N/A,nomaguguxaba@africa.com,(646)606-5981x20774,"581 Victoria Umgwaqo, Middelburg, 1260",Springs,Eastern Cape,4716,"Production assistant, radio",Zulu,N/A
'5210226032005,Vusumuzi,Mngoma,Male,1952-10-22,72,Citizen,South Africa,52287145,N/A,N/A,N/A,N/A,N/A,dumisanisondisa@africa.com,835.691.1856,"8358 James Umgwaqo, Bethlehem, 4890",uMgungundlovu,KwaZulu-Natal,4007,Artist,Zulu,N/A
